taxon_id	species_name	study_role	lineage	input_models	retained_models	deferred_models	retained_representatives	retained_nonself_members	retained_fraction	nonself_retained_fraction	input_markers	retained_markers	input_taxa	retained_taxa
F1498855	Amoeboaphelidium occidentale	ingroup	Aphelidiomycota;Aphelidea;Amoeboaphelidium	28	27	1	11	16	0.9642857142857143	0.9411764705882353	28	27	1	1
F1243177	Amoeboaphelidium protococcarum	ingroup	Aphelidiomycota;Aphelidea;Amoeboaphelidium	1	1	0	1	0	1.0		1	1	1	1
F2871812	Acarospora aff. strigata	ingroup	Ascomycota;Lecanoromycetes;Acarosporales;Acarosporaceae;Acarospora	28	25	3	7	18	0.8928571428571429	0.8571428571428571	28	25	1	1
F318763	Pleopsidium flavum	ingroup	Ascomycota;Lecanoromycetes;Acarosporales;Acarosporaceae;Pleopsidium	28	22	6	4	18	0.7857142857142857	0.75	28	22	1	1
F470096	Pseudovirgaria hyperparasitica	ingroup	Ascomycota;Dothideomycetes;Acrospermales;Acrospermaceae;Pseudovirgaria	122	115	7	6	109	0.9426229508196722	0.9396551724137931	122	115	1	1
F4918	Pachysolen tannophilus	ingroup	Ascomycota;Pichiomycetes;Alaninales;Pachysolenaceae;Pachysolen	118	113	5	15	98	0.9576271186440678	0.9514563106796117	118	113	1	1
F1658444	Neoarthrinium moseri	ingroup	Ascomycota;Sordariomycetes;Amphisphaeriales;Apiosporaceae;Neoarthrinium	79	73	6	11	62	0.9240506329113924	0.9117647058823529	79	73	1	1
F393283	Pestalotiopsis fici	ingroup	Ascomycota;Sordariomycetes;Amphisphaeriales;Sporocadaceae;Pestalotiopsis	118	112	6	6	106	0.9491525423728814	0.9464285714285714	118	112	1	1
F1141098	Pseudomassariella vexata	ingroup	Ascomycota;Sordariomycetes;Amphisphaeriales;Pseudomassariaceae;Pseudomassariella	121	115	6	3	112	0.9504132231404959	0.9491525423728814	121	115	1	1
F91480	Alyxoria varia	ingroup	Ascomycota;Arthoniomycetes;Arthoniales;Lecanographaceae;Alyxoria	28	25	3	8	17	0.8928571428571429	0.85	28	25	1	1
F2939400	Chrysothrix sp. TS-e1954	ingroup	Ascomycota;Arthoniomycetes;Arthoniales;Chrysotrichaceae;Chrysothrix	28	26	2	7	19	0.9285714285714286	0.9047619047619048	28	26	1	1
F1542792	Coniocarpon cinnabarinum	ingroup	Ascomycota;Arthoniomycetes;Arthoniales;Arthoniaceae;Coniocarpon	28	25	3	7	18	0.8928571428571429	0.8571428571428571	28	25	1	1
F54195	Ascoidea rubescens	ingroup	Ascomycota;Saccharomycetes;Ascoideales;Ascoideaceae;Ascoidea	118	111	7	19	92	0.940677966101695	0.9292929292929293	118	111	1	1
F43959	Saccharomycopsis crataegensis	ingroup	Ascomycota;Saccharomycetes;Ascoideales;Saccharomycopsidaceae;Saccharomycopsis	120	112	8	13	99	0.9333333333333333	0.9252336448598131	120	112	1	1
F1176130	Aulographum hederae	ingroup	Ascomycota;Dothideomycetes;Aulographales;Aulographaceae;Aulographum	123	116	7	8	108	0.943089430894309	0.9391304347826087	123	116	1	1
F1504668	Rhizodiscina lignyota	ingroup	Ascomycota;Dothideomycetes;Aulographales;Rhizodiscinaceae;Rhizodiscina	123	117	6	5	112	0.9512195121951219	0.9491525423728814	123	117	1	1
F1397036	Lambiella insularis	ingroup	Ascomycota;Lecanoromycetes;Baeomycetales;Xylographaceae;Lambiella	28	20	8	7	13	0.7142857142857143	0.6190476190476191	28	20	1	1
F223409	Ptychographa xylographoides	ingroup	Ascomycota;Lecanoromycetes;Baeomycetales;Xylographaceae;Ptychographa	28	22	6	6	16	0.7857142857142857	0.7272727272727273	28	22	1	1
F1590129	Xylographa bjoerkii	ingroup	Ascomycota;Lecanoromycetes;Baeomycetales;Xylographaceae;Xylographa	28	23	5	5	18	0.8214285714285714	0.782608695652174	28	23	1	1
F462254	Aplosporella prunicola	ingroup	Ascomycota;Dothideomycetes;Botryosphaeriales;Aplosporellaceae;Aplosporella	121	114	7	5	109	0.9421487603305785	0.9396551724137931	121	114	1	1
F236234	Diplodia corticola	ingroup	Ascomycota;Dothideomycetes;Botryosphaeriales;Botryosphaeriaceae;Diplodia	120	117	3	6	111	0.975	0.9736842105263158	120	117	1	1
F121624	Phyllosticta capitalensis	ingroup	Ascomycota;Dothideomycetes;Botryosphaeriales;Phyllostictaceae;Phyllosticta	28	24	4	5	19	0.8571428571428571	0.8260869565217391	28	24	1	1
F3058885	Dirinaria sp. TL-2023a	ingroup	Ascomycota;Lecanoromycetes;Caliciales;Caliciaceae;Dirinaria	28	24	4	7	17	0.8571428571428571	0.8095238095238095	28	24	1	1
F116794	Heterodermia speciosa	ingroup	Ascomycota;Lecanoromycetes;Caliciales;Physciaceae;Heterodermia	118	112	6	8	104	0.9491525423728814	0.9454545454545454	118	112	1	1
F116821	Physcia stellaris	ingroup	Ascomycota;Lecanoromycetes;Caliciales;Physciaceae;Physcia	28	26	2	6	20	0.9285714285714286	0.9090909090909091	28	26	1	1
F41990	Pleurostoma richardsiae	ingroup	Ascomycota;Sordariomycetes;Calosphaeriales;Pleurostomataceae;Pleurostoma	121	113	8	6	107	0.9338842975206612	0.9304347826086956	121	113	1	1
F460848	Candelaria pacifica	ingroup	Ascomycota;Candelariomycetes;Candelariales;Candelariaceae;Candelaria	28	22	6	4	18	0.7857142857142857	0.75	28	22	1	1
F460854	Candelina submexicana	ingroup	Ascomycota;Candelariomycetes;Candelariales;Candelariaceae;Candelina	28	26	2	5	21	0.9285714285714286	0.9130434782608695	28	26	1	1
F1453791	Pycnora praestabilis	ingroup	Ascomycota;Candelariomycetes;Candelariales;Pycnoraceae;Pycnora	28	26	2	5	21	0.9285714285714286	0.9130434782608695	28	26	1	1
F147573	Piedraia hortae	ingroup	Ascomycota;Dothideomycetes;Capnodiales;Piedraiaceae;Piedraia	120	115	5	16	99	0.9583333333333334	0.9519230769230769	120	115	1	1
F705562	Polychaeton citri	ingroup	Ascomycota;Dothideomycetes;Capnodiales;Capnodiaceae;Polychaeton	123	117	6	11	106	0.9512195121951219	0.9464285714285714	123	117	1	1
F1093897	Phialemonium atrogriseum	ingroup	Ascomycota;Sordariomycetes;Cephalothecales;Cephalothecaceae;Phialemonium	115	110	5	12	98	0.9565217391304348	0.9514563106796117	115	110	1	1
F223376	Phialemonium thermophilum	ingroup	Ascomycota;Sordariomycetes;Cephalothecales;Cephalothecaceae;Phialemonium	28	25	3	7	18	0.8928571428571429	0.8571428571428571	28	25	1	1
F1506992	Thozetella sp. PMI_491	ingroup	Ascomycota;Sordariomycetes;Chaetosphaeriales;Chaetosphaeriaceae;Thozetella	28	26	2	5	21	0.9285714285714286	0.9130434782608695	28	26	1	1
F293227	Cyphellophora europaea	ingroup	Ascomycota;Eurotiomycetes;Chaetothyriales;Cyphellophoraceae;Cyphellophora	122	115	7	11	104	0.9426229508196722	0.9369369369369369	122	115	1	1
F2486360	Exophiala viscosa	ingroup	Ascomycota;Eurotiomycetes;Chaetothyriales;Herpotrichiellaceae;Exophiala	88	82	6	8	74	0.9318181818181818	0.925	88	82	1	1
F1690604	Lithohypha guttulata	ingroup	Ascomycota;Eurotiomycetes;Chaetothyriales;Trichomeriaceae;Lithohypha	55	51	4	8	43	0.9272727272727272	0.9148936170212766	55	51	1	1
F1052096	Cladosporium halotolerans	ingroup	Ascomycota;Dothideomycetes;Cladosporiales;Cladosporiaceae;Cladosporium	123	118	5	4	114	0.959349593495935	0.957983193277311	123	118	1	1
F1507870	Cryoendolithus antarcticus	ingroup	Ascomycota;Dothideomycetes;Cladosporiales;Cladosporiaceae;Cryoendolithus	15	13	2	5	8	0.8666666666666667	0.8	15	13	1	1
F1507873	Rachicladosporium monterosium	ingroup	Ascomycota;Dothideomycetes;Cladosporiales;Cladosporiaceae;Rachicladosporium	28	27	1	9	18	0.9642857142857143	0.9473684210526315	28	27	1	1
F91930	Coniochaeta hoffmannii	ingroup	Ascomycota;Sordariomycetes;Coniochaetales;Coniochaetaceae;Coniochaeta	29	25	4	1	24	0.8620689655172413	0.8571428571428571	29	25	1	1
F177197	Coniochaeta ligniaria	ingroup	Ascomycota;Sordariomycetes;Coniochaetales;Coniochaetaceae;Coniochaeta	122	115	7	10	105	0.9426229508196722	0.9375	122	115	1	1
F177199	Coniochaeta pulveracea	ingroup	Ascomycota;Sordariomycetes;Coniochaetales;Coniochaetaceae;Coniochaeta	117	112	5	9	103	0.9572649572649573	0.9537037037037037	117	112	1	1
F164576	Chaenotheca gracillima	ingroup	Ascomycota;Coniocybomycetes;Coniocybales;Coniocybaceae;Chaenotheca	28	23	5	7	16	0.8214285714285714	0.7619047619047619	28	23	1	1
F2939403	Sclerophora amabilis	ingroup	Ascomycota;Coniocybomycetes;Coniocybales;Coniocybaceae;Sclerophora	28	24	4	6	18	0.8571428571428571	0.8181818181818182	28	24	1	1
F5116	Cryphonectria parasitica	ingroup	Ascomycota;Sordariomycetes;Diaporthales;Cryphonectriaceae;Cryphonectria	109	104	5	7	97	0.9541284403669725	0.9509803921568627	109	104	1	1
F1214568	Diaporthe amygdali	ingroup	Ascomycota;Sordariomycetes;Diaporthales;Diaporthaceae;Diaporthe	47	44	3	9	35	0.9361702127659575	0.9210526315789473	47	44	1	1
F148313	Discula destructiva	ingroup	Ascomycota;Sordariomycetes;Diaporthales;Gnomoniaceae;Discula	28	25	3	5	20	0.8928571428571429	0.8695652173913043	28	25	1	1
F2268995	Blastobotrys vanleenenianus	ingroup	Ascomycota;Dipodascomycetes;Dipodascales;Trichomonascaceae;Blastobotrys	28	20	8	5	15	0.7142857142857143	0.6521739130434783	28	20	1	1
F2606893	Magnusiomyces paraingens	ingroup	Ascomycota;Dipodascomycetes;Dipodascales;Dipodascaceae;Magnusiomyces	121	114	7	16	98	0.9421487603305785	0.9333333333333333	121	114	1	1
F796027	Sugiyamaella lignohabitans	ingroup	Ascomycota;Dipodascomycetes;Dipodascales;Trichomonascaceae;Sugiyamaella	113	107	6	20	87	0.9469026548672567	0.9354838709677419	113	107	1	1
F5580	Aureobasidium pullulans	ingroup	Ascomycota;Dothideomycetes;Dothideales;Saccotheciaceae;Aureobasidium	123	118	5	8	110	0.959349593495935	0.9565217391304348	123	118	1	1
F2781224	Neodothiora populina	ingroup	Ascomycota;Dothideomycetes;Dothideales;Dothioraceae;Neodothiora	28	23	5	2	21	0.8214285714285714	0.8076923076923077	28	23	1	1
F2024903	Zalaria obscura	ingroup	Ascomycota;Dothideomycetes;Dothideales;Zalariaceae;Zalaria	28	26	2	8	18	0.9285714285714286	0.9	28	26	1	1
F1341166	Eremomyces bilateralis	ingroup	Ascomycota;Dothideomycetes;Eremomycetales;Eremomycetaceae;Eremomyces	120	116	4	6	110	0.9666666666666667	0.9649122807017544	120	116	1	1
F182096	Aspergillus chevalieri	ingroup	Ascomycota;Eurotiomycetes;Eurotiales;Aspergillaceae;Aspergillus	122	118	4	6	112	0.9672131147540983	0.9655172413793104	122	118	1	1
F5059	Aspergillus flavus	ingroup	Ascomycota;Eurotiomycetes;Eurotiales;Aspergillaceae;Aspergillus	123	119	4	10	109	0.967479674796748	0.9646017699115044	123	119	1	1
F746128	Aspergillus fumigatus	ingroup	Ascomycota;Eurotiomycetes;Eurotiales;Aspergillaceae;Aspergillus	110	98	12	5	93	0.8909090909090909	0.8857142857142857	110	98	1	1
F1069201	Aspergillus luchuensis	ingroup	Ascomycota;Eurotiomycetes;Eurotiales;Aspergillaceae;Aspergillus	122	114	8	7	107	0.9344262295081968	0.9304347826086956	122	114	1	1
F41759	Aspergillus multicolor	ingroup	Ascomycota;Eurotiomycetes;Eurotiales;Aspergillaceae;Aspergillus	28	22	6	2	20	0.7857142857142857	0.7692307692307693	28	22	1	1
F162425	Aspergillus nidulans	ingroup	Ascomycota;Eurotiomycetes;Eurotiales;Aspergillaceae;Aspergillus	119	112	7	7	105	0.9411764705882353	0.9375	119	112	1	1
F5062	Aspergillus oryzae	ingroup	Ascomycota;Eurotiomycetes;Eurotiales;Aspergillaceae;Aspergillus	116	112	4	7	105	0.9655172413793104	0.963302752293578	116	112	1	1
F1220207	Aspergillus puulaauensis	ingroup	Ascomycota;Eurotiomycetes;Eurotiales;Aspergillaceae;Aspergillus	123	115	8	3	112	0.9349593495934959	0.9333333333333333	123	115	1	1
F1810926	Aspergillus stella-maris	ingroup	Ascomycota;Eurotiomycetes;Eurotiales;Aspergillaceae;Aspergillus	28	23	5	2	21	0.8214285714285714	0.8076923076923077	28	23	1	1
F1810928	Aspergillus undulatus	ingroup	Ascomycota;Eurotiomycetes;Eurotiales;Aspergillaceae;Aspergillus	28	22	6	3	19	0.7857142857142857	0.76	28	22	1	1
F315204	Geoglossum umbratile	ingroup	Ascomycota;Geoglossomycetes;Geoglossales;Geoglossaceae;Geoglossum	28	24	4	5	19	0.8571428571428571	0.8260869565217391	28	24	1	1
F1670608	Glutinoglossum americanum	ingroup	Ascomycota;Geoglossomycetes;Geoglossales;Geoglossaceae;Glutinoglossum	117	106	11	13	93	0.905982905982906	0.8942307692307693	117	106	1	1
F265104	Trichoglossum hirsutum	ingroup	Ascomycota;Geoglossomycetes;Geoglossales;Geoglossaceae;Trichoglossum	28	24	4	4	20	0.8571428571428571	0.8333333333333334	28	24	1	1
F1671311	Colletotrichum abscissum	ingroup	Ascomycota;Sordariomycetes;Glomerellales;Glomerellaceae;Colletotrichum	110	101	9	6	95	0.9181818181818182	0.9134615384615384	110	101	1	1
F1209916	Colletotrichum costaricense	ingroup	Ascomycota;Sordariomycetes;Glomerellales;Glomerellaceae;Colletotrichum	122	111	11	6	105	0.9098360655737705	0.9051724137931034	122	111	1	1
F34406	Colletotrichum destructivum	ingroup	Ascomycota;Sordariomycetes;Glomerellales;Glomerellaceae;Colletotrichum	121	110	11	5	105	0.9090909090909091	0.9051724137931034	121	110	1	1
F710243	Colletotrichum fioriniae	ingroup	Ascomycota;Sordariomycetes;Glomerellales;Glomerellaceae;Colletotrichum	60	53	7	6	47	0.8833333333333333	0.8703703703703703	60	53	1	1
F474922	Colletotrichum gloeosporioides	ingroup	Ascomycota;Sordariomycetes;Glomerellales;Glomerellaceae;Colletotrichum	116	112	4	8	104	0.9655172413793104	0.9629629629629629	116	112	1	1
F80884	Colletotrichum higginsianum	ingroup	Ascomycota;Sordariomycetes;Glomerellales;Glomerellaceae;Colletotrichum	118	112	6	9	103	0.9491525423728814	0.944954128440367	118	112	1	1
F2283408	Colletotrichum jinshuiense	ingroup	Ascomycota;Sordariomycetes;Glomerellales;Glomerellaceae;Colletotrichum	30	29	1	3	26	0.9666666666666667	0.9629629629629629	30	29	1	1
F1095194	Colletotrichum karsti	ingroup	Ascomycota;Sordariomycetes;Glomerellales;Glomerellaceae;Colletotrichum	120	111	9	10	101	0.925	0.9181818181818182	120	111	1	1
F145971	Colletotrichum lupini	ingroup	Ascomycota;Sordariomycetes;Glomerellales;Glomerellaceae;Colletotrichum	115	110	5	16	94	0.9565217391304348	0.9494949494949495	115	110	1	1
F1209934	Colletotrichum tamarilloi	ingroup	Ascomycota;Sordariomycetes;Glomerellales;Glomerellaceae;Colletotrichum	85	78	7	10	68	0.9176470588235294	0.9066666666666666	85	78	1	1
F5570	Cenococcum geophilum	ingroup	Ascomycota;Dothideomycetes;Gloniales;Gloniaceae;Cenococcum	29	26	3	6	20	0.896551724137931	0.8695652173913043	29	26	1	1
F574774	Glonium stellatum	ingroup	Ascomycota;Dothideomycetes;Gloniales;Gloniaceae;Glonium	119	115	4	5	110	0.9663865546218487	0.9649122807017544	119	115	1	1
F5101	Amorphotheca resinae	ingroup	Ascomycota;Leotiomycetes;Helotiales;Amorphothecaceae;Amorphotheca	122	113	9	7	106	0.9262295081967213	0.9217391304347826	122	113	1	1
F40559	Botrytis cinerea	ingroup	Ascomycota;Leotiomycetes;Helotiales;Sclerotiniaceae;Botrytis	115	107	8	3	104	0.9304347826086956	0.9285714285714286	115	107	1	1
F2656787	Venustampulla echinocandica	ingroup	Ascomycota;Leotiomycetes;Helotiales;Pleuroascaceae;Venustampulla	121	113	8	11	102	0.9338842975206612	0.9272727272727272	121	113	1	1
F195108	Fusarium falciforme	ingroup	Ascomycota;Sordariomycetes;Hypocreales;Nectriaceae;Fusarium	84	77	7	5	72	0.9166666666666666	0.9113924050632911	84	77	1	1
F5127	Fusarium fujikuroi	ingroup	Ascomycota;Sordariomycetes;Hypocreales;Nectriaceae;Fusarium	119	111	8	4	107	0.9327731092436975	0.9304347826086956	119	111	1	1
F5518	Fusarium graminearum	ingroup	Ascomycota;Sordariomycetes;Hypocreales;Nectriaceae;Fusarium	108	105	3	4	101	0.9722222222222222	0.9711538461538461	108	105	1	1
F1328300	Fusarium keratoplasticum	ingroup	Ascomycota;Sordariomycetes;Hypocreales;Nectriaceae;Fusarium	50	49	1	2	47	0.98	0.9791666666666666	50	49	1	1
F1042133	Fusarium musae	ingroup	Ascomycota;Sordariomycetes;Hypocreales;Nectriaceae;Fusarium	120	112	8	4	108	0.9333333333333333	0.9310344827586207	120	112	1	1
F5507	Fusarium oxysporum	ingroup	Ascomycota;Sordariomycetes;Hypocreales;Nectriaceae;Fusarium	68	62	6	5	57	0.9117647058823529	0.9047619047619048	68	62	1	1
F36050	Fusarium poae	ingroup	Ascomycota;Sordariomycetes;Hypocreales;Nectriaceae;Fusarium	95	89	6	3	86	0.9368421052631579	0.9347826086956522	95	89	1	1
F101028	Fusarium pseudograminearum	ingroup	Ascomycota;Sordariomycetes;Hypocreales;Nectriaceae;Fusarium	120	114	6	3	111	0.95	0.9487179487179487	120	114	1	1
F5128	Fusarium sambucinum	ingroup	Ascomycota;Sordariomycetes;Hypocreales;Nectriaceae;Fusarium	34	33	1	1	32	0.9705882352941176	0.9696969696969697	34	33	1	1
F117187	Fusarium verticillioides	ingroup	Ascomycota;Sordariomycetes;Hypocreales;Nectriaceae;Fusarium	100	93	7	6	87	0.93	0.925531914893617	100	93	1	1
F173216	Trichoderma aggressivum	ingroup	Ascomycota;Sordariomycetes;Hypocreales;Hypocreaceae;Trichoderma	119	111	8	11	100	0.9327731092436975	0.9259259259259259	119	111	1	1
F101201	Trichoderma asperellum	ingroup	Ascomycota;Sordariomycetes;Hypocreales;Hypocreaceae;Trichoderma	101	96	5	8	88	0.9504950495049505	0.946236559139785	101	96	1	1
F63577	Trichoderma atroviride	ingroup	Ascomycota;Sordariomycetes;Hypocreales;Hypocreaceae;Trichoderma	85	80	5	2	78	0.9411764705882353	0.9397590361445783	85	80	1	1
F2034170	Trichoderma breve	ingroup	Ascomycota;Sordariomycetes;Hypocreales;Hypocreaceae;Trichoderma	122	116	6	7	109	0.9508196721311475	0.9478260869565217	122	116	1	1
F1738374	Trichoderma camerunense	ingroup	Ascomycota;Sordariomycetes;Hypocreales;Hypocreaceae;Trichoderma	60	57	3	5	52	0.95	0.9454545454545454	60	57	1	1
F58853	Trichoderma citrinoviride	ingroup	Ascomycota;Sordariomycetes;Hypocreales;Hypocreaceae;Trichoderma	121	114	7	4	110	0.9421487603305785	0.9401709401709402	121	114	1	1
F549676	Trichoderma evansii	ingroup	Ascomycota;Sordariomycetes;Hypocreales;Hypocreaceae;Trichoderma	36	32	4	2	30	0.8888888888888888	0.8823529411764706	36	32	1	1
F398673	Trichoderma gamsii	ingroup	Ascomycota;Sordariomycetes;Hypocreales;Hypocreaceae;Trichoderma	113	107	6	11	96	0.9469026548672567	0.9411764705882353	113	107	1	1
F65468	Trichoderma ghanense	ingroup	Ascomycota;Sordariomycetes;Hypocreales;Hypocreaceae;Trichoderma	33	29	4	6	23	0.8787878787878788	0.8518518518518519	33	29	1	1
F5544	Trichoderma harzianum	ingroup	Ascomycota;Sordariomycetes;Hypocreales;Hypocreaceae;Trichoderma	119	113	6	5	108	0.9495798319327731	0.9473684210526315	119	113	1	1
F2732470	Bacidia gigantensis	ingroup	Ascomycota;Lecanoromycetes;Lecanorales;Ramalinaceae;Bacidia	28	28	0	11	17	1.0	1.0	28	28	1	1
F209136	Lepraria neglecta	ingroup	Ascomycota;Lecanoromycetes;Lecanorales;Stereocaulaceae;Lepraria	122	118	4	15	103	0.9672131147540983	0.9626168224299065	122	118	1	1
F560253	Letharia lupina	ingroup	Ascomycota;Lecanoromycetes;Lecanorales;Parmeliaceae;Letharia	120	114	6	11	103	0.95	0.944954128440367	120	114	1	1
F2939399	Claussenomyces sp. TS43310	ingroup	Ascomycota;Leotiomycetes;Leotiales;Tympanidaceae;Claussenomyces	28	25	3	7	18	0.8928571428571429	0.8571428571428571	28	25	1	1
F3384825	Phaeococcomyces sp. EXF-18165	ingroup	Ascomycota;Arthoniomycetes;Lichenostigmatales;Phaeococcomycetaceae;Phaeococcomyces	28	24	4	6	18	0.8571428571428571	0.8181818181818182	28	24	1	1
F174425	Lichina confinis	ingroup	Ascomycota;Lichinomycetes;Lichinales;Lichinaceae;Lichina	28	24	4	6	18	0.8571428571428571	0.8181818181818182	28	24	1	1
F318774	Phylliscum demangeonii	ingroup	Ascomycota;Lichinomycetes;Lichinales;Phylliscaceae;Phylliscum	28	28	0	9	19	1.0	1.0	28	28	1	1
F2796175	Watsoniomyces obsoletus	ingroup	Ascomycota;Lichinomycetes;Lichinales;Porocyphaceae;Watsoniomyces	28	24	4	6	18	0.8571428571428571	0.8181818181818182	28	24	1	1
F578093	Lineolata rhizophorae	ingroup	Ascomycota;Dothideomycetes;Lineolatales;Lineolataceae;Lineolata	120	114	6	17	97	0.95	0.941747572815534	120	114	1	1
F1125753	Limtongia smithiae	ingroup	Ascomycota;Lipomycetes;Lipomycetales;Lipomycetaceae;Limtongia	28	24	4	2	22	0.8571428571428571	0.8461538461538461	28	24	1	1
F383834	Lipomyces doorenjongii	ingroup	Ascomycota;Lipomycetes;Lipomycetales;Lipomycetaceae;Lipomyces	28	24	4	4	20	0.8571428571428571	0.8333333333333334	28	24	1	1
F44089	Neoaidaea tothii	ingroup	Ascomycota;Lipomycetes;Lipomycetales;Lipomycetaceae;Neoaidaea	28	24	4	7	17	0.8571428571428571	0.8095238095238095	28	24	1	1
F339359	Zalerion maritima	ingroup	Ascomycota;Sordariomycetes;Lulworthiales;Lulworthiaceae;Zalerion	117	115	2	16	99	0.9829059829059829	0.9801980198019802	117	115	1	1
F36779	Gaeumannomyces tritici	ingroup	Ascomycota;Sordariomycetes;Magnaporthales;Magnaporthaceae;Gaeumannomyces	120	116	4	4	112	0.9666666666666667	0.9655172413793104	120	116	1	1
F148304	Magnaporthiopsis poae	ingroup	Ascomycota;Sordariomycetes;Magnaporthales;Magnaporthaceae;Magnaporthiopsis	97	93	4	15	78	0.9587628865979382	0.9512195121951219	97	93	1	1
F148305	Pyricularia grisea	ingroup	Ascomycota;Sordariomycetes;Magnaporthales;Pyriculariaceae;Pyricularia	118	111	7	6	105	0.940677966101695	0.9375	118	111	1	1
F2035830	Berkeleyomyces rouxiae	ingroup	Ascomycota;Sordariomycetes;Microascales;Ceratocystidaceae;Berkeleyomyces	29	27	2	3	24	0.9310344827586207	0.9230769230769231	29	27	1	1
F2019550	Ceratocystis lukuohia	ingroup	Ascomycota;Sordariomycetes;Microascales;Ceratocystidaceae;Ceratocystis	28	27	1	8	19	0.9642857142857143	0.95	28	27	1	1
F563466	Scedosporium apiospermum	ingroup	Ascomycota;Sordariomycetes;Microascales;Microascaceae;Scedosporium	95	88	7	8	80	0.9263157894736842	0.9195402298850575	95	88	1	1
F703497	Microthyrium microscopicum	ingroup	Ascomycota;Dothideomycetes;Microthyriales;Microthyriaceae;Microthyrium	123	116	7	8	108	0.943089430894309	0.9391304347826087	123	116	1	1
F122368	Cercospora beticola	ingroup	Ascomycota;Dothideomycetes;Mycosphaerellales;Mycosphaerellaceae;Cercospora	118	111	7	4	107	0.940677966101695	0.9385964912280702	118	111	1	1
F574656	Recurvomyces mirabilis	ingroup	Ascomycota;Dothideomycetes;Mycosphaerellales;Teratosphaeriaceae;Recurvomyces	113	107	6	17	90	0.9469026548672567	0.9375	113	107	1	1
F1690608	Saxophila tyrrhenica	ingroup	Ascomycota;Dothideomycetes;Mycosphaerellales;Extremaceae;Saxophila	122	117	5	9	108	0.9590163934426229	0.9557522123893806	122	117	1	1
F2601811	Elsinoe batatas	ingroup	Ascomycota;Dothideomycetes;Myriangiales;Elsinoaceae;Elsinoe	120	113	7	12	101	0.9416666666666667	0.9351851851851852	120	113	1	1
F147570	Myriangium duriaei	ingroup	Ascomycota;Dothideomycetes;Myriangiales;Myriangiaceae;Myriangium	123	114	9	8	106	0.926829268292683	0.9217391304347826	123	114	1	1
F2082308	Sphaceloma murrayae	ingroup	Ascomycota;Dothideomycetes;Myriangiales;Elsinoaceae;Sphaceloma	123	114	9	9	105	0.926829268292683	0.9210526315789473	123	114	1	1
F741139	Lepidopterella palustris	ingroup	Ascomycota;Dothideomycetes;Mytilinidiales;Argynnaceae;Lepidopterella	122	111	11	5	106	0.9098360655737705	0.905982905982906	122	111	1	1
F390894	Lophium mytilinum	ingroup	Ascomycota;Dothideomycetes;Mytilinidiales;Mytilinidiaceae;Lophium	122	116	6	9	107	0.9508196721311475	0.9469026548672567	122	116	1	1
F574789	Mytilinidion resinicola	ingroup	Ascomycota;Dothideomycetes;Mytilinidiales;Mytilinidiaceae;Mytilinidion	122	117	5	3	114	0.9590163934426229	0.957983193277311	122	117	1	1
F48691	Neolecta irregularis	ingroup	Ascomycota;Neolectomycetes;Neolectales;Neolectaceae;Neolecta	109	108	1	22	86	0.9908256880733946	0.9885057471264368	109	108	1	1
F92988	Neophaeotheca triangularis	ingroup	Ascomycota;Dothideomycetes;Neophaeothecales;Neophaeothecaceae;Neophaeotheca	28	23	5	4	19	0.8214285714285714	0.7916666666666666	28	23	1	1
F199306	Coccidioides posadasii	ingroup	Ascomycota;Eurotiomycetes;Onygenales;Onygenaceae;Coccidioides	28	26	2	1	25	0.9285714285714286	0.9259259259259259	28	26	1	1
F63402	Nannizzia gypsea	ingroup	Ascomycota;Eurotiomycetes;Onygenales;Arthrodermataceae;Nannizzia	121	115	6	6	109	0.9504132231404959	0.9478260869565217	121	115	1	1
F1048829	Paracoccidioides lutzii	ingroup	Ascomycota;Eurotiomycetes;Onygenales;Ajellomycetaceae;Paracoccidioides	124	117	7	10	107	0.9435483870967742	0.9385964912280702	124	117	1	1
F226899	Leptographium clavigerum	ingroup	Ascomycota;Sordariomycetes;Ophiostomatales;Ophiostomataceae;Leptographium	115	108	7	21	87	0.9391304347826087	0.925531914893617	115	108	1	1
F61273	Ophiostoma piceae	ingroup	Ascomycota;Sordariomycetes;Ophiostomatales;Ophiostomataceae;Ophiostoma	120	116	4	15	101	0.9666666666666667	0.9619047619047619	120	116	1	1
F29908	Sporothrix schenckii	ingroup	Ascomycota;Sordariomycetes;Ophiostomatales;Ophiostomataceae;Sporothrix	61	58	3	11	47	0.9508196721311475	0.94	61	58	1	1
F97331	Arthrobotrys flagrans	ingroup	Ascomycota;Orbiliomycetes;Orbiliales;Orbiliaceae;Arthrobotrys	122	116	6	12	104	0.9508196721311475	0.9454545454545454	122	116	1	1
F1814901	Dactylella cylindrospora	ingroup	Ascomycota;Orbiliomycetes;Orbiliales;Orbiliaceae;Dactylella	28	23	5	6	17	0.8214285714285714	0.7727272727272727	28	23	1	1
F2813651	Orbilia oligospora	ingroup	Ascomycota;Orbiliomycetes;Orbiliales;Orbiliaceae;Orbilia	122	115	7	12	103	0.9426229508196722	0.9363636363636364	122	115	1	1
F1940652	Gomphillus americanus	ingroup	Ascomycota;Lecanoromycetes;Ostropales;Graphidaceae;Gomphillus	118	114	4	14	100	0.9661016949152542	0.9615384615384616	118	114	1	1
F2704026	Stictis urceolata	ingroup	Ascomycota;Lecanoromycetes;Ostropales;Stictidaceae;Stictis	28	22	6	5	17	0.7857142857142857	0.7391304347826086	28	22	1	1
F209281	Thelotrema lepadinum	ingroup	Ascomycota;Lecanoromycetes;Ostropales;Graphidaceae;Thelotrema	28	26	2	7	19	0.9285714285714286	0.9047619047619048	28	26	1	1
F703506	Patellaria atrata	ingroup	Ascomycota;Dothideomycetes;Patellariales;Patellariaceae;Patellaria	118	113	5	11	102	0.9576271186440678	0.9532710280373832	118	113	1	1
F669869	Lobaria immixta	ingroup	Ascomycota;Lecanoromycetes;Peltigerales;Lobariaceae;Lobaria	28	25	3	8	17	0.8928571428571429	0.85	28	25	1	1
F52883	Peltigera leucophlebia	ingroup	Ascomycota;Lecanoromycetes;Peltigerales;Peltigeraceae;Peltigera	28	24	4	5	19	0.8571428571428571	0.8260869565217391	28	24	1	1
F169141	Pseudocyphellaria aurata	ingroup	Ascomycota;Lecanoromycetes;Peltigerales;Lobariaceae;Pseudocyphellaria	28	25	3	9	16	0.8928571428571429	0.8421052631578947	28	25	1	1
F443868	Agyrium rufum	ingroup	Ascomycota;Lecanoromycetes;Pertusariales;Pertusariaceae;Agyrium	28	26	2	9	17	0.9285714285714286	0.8947368421052632	28	26	1	1
F1006475	Circinaria calcarea	ingroup	Ascomycota;Lecanoromycetes;Pertusariales;Megasporaceae;Circinaria	29	24	5	8	16	0.8275862068965517	0.7619047619047619	29	24	1	1
F90408	Icmadophila ericetorum	ingroup	Ascomycota;Lecanoromycetes;Pertusariales;Icmadophilaceae;Icmadophila	28	21	7	4	17	0.75	0.7083333333333334	28	21	1	1
F1174673	Morchella importuna	ingroup	Ascomycota;Pezizomycetes;Pezizales;Morchellaceae;Morchella	28	24	4	5	19	0.8571428571428571	0.8260869565217391	28	24	1	1
F43433	Tricharina praecox	ingroup	Ascomycota;Pezizomycetes;Pezizales;Pyronemataceae;Tricharina	28	20	8	5	15	0.7142857142857143	0.6521739130434783	28	20	1	1
F39416	Tuber melanosporum	ingroup	Ascomycota;Pezizomycetes;Pezizales;Tuberaceae;Tuber	116	112	4	15	97	0.9655172413793104	0.9603960396039604	116	112	1	1
F158046	Phaeomoniella chlamydospora	ingroup	Ascomycota;Eurotiomycetes;Phaeomoniellales;Phaeomoniellaceae;Phaeomoniella	113	104	9	13	91	0.9203539823008849	0.91	113	104	1	1
F703511	Trichodelitschia bisporula	ingroup	Ascomycota;Dothideomycetes;Phaeotrichales;Phaeotrichaceae;Trichodelitschia	122	115	7	8	107	0.9426229508196722	0.9385964912280702	122	115	1	1
F4927	Hansenula anomala	ingroup	Ascomycota;Saccharomycetes;Phaffomycetales;Wickerhamomycetaceae;Hansenula	114	107	7	14	93	0.9385964912280702	0.93	114	107	1	1
F599730	Waltiozyma pijperi	ingroup	Ascomycota;Saccharomycetes;Phaffomycetales;Wickerhamomycetaceae;Waltiozyma	118	113	5	9	104	0.9576271186440678	0.9541284403669725	118	113	1	1
F4903	Williopsis jadinii	ingroup	Ascomycota;Saccharomycetes;Phaffomycetales;Wickerhamomycetaceae;Williopsis	119	114	5	10	104	0.957983193277311	0.9541284403669725	119	114	1	1
F1825666	Phyllachora maydis	ingroup	Ascomycota;Sordariomycetes;Phyllachorales;Phyllachoraceae;Phyllachora	104	98	6	20	78	0.9423076923076923	0.9285714285714286	104	98	1	1
F1276059	Polystigma amygdalinum	ingroup	Ascomycota;Sordariomycetes;Phyllachorales;Phyllachoraceae;Polystigma	28	25	3	6	19	0.8928571428571429	0.8636363636363636	28	25	1	1
F13502	Brettanomyces nanus	ingroup	Ascomycota;Pichiomycetes;Pichiales;Pichiaceae;Brettanomyces	119	114	5	10	104	0.957983193277311	0.9541284403669725	119	114	1	1
F1005962	Ogataea parapolymorpha	ingroup	Ascomycota;Pichiomycetes;Pichiales;Pichiaceae;Ogataea	119	114	5	11	103	0.957983193277311	0.9537037037037037	119	114	1	1
F4909	Pichia kudriavzevii	ingroup	Ascomycota;Pichiomycetes;Pichiales;Pichiaceae;Pichia	119	115	4	16	99	0.9663865546218487	0.9611650485436893	119	115	1	1
F48095	Alternaria dauci	ingroup	Ascomycota;Dothideomycetes;Pleosporales;Pleosporaceae;Alternaria	28	23	5	5	18	0.8214285714285714	0.782608695652174	28	23	1	1
F5454	Ascochyta rabiei	ingroup	Ascomycota;Dothideomycetes;Pleosporales;Didymellaceae;Ascochyta	99	92	7	5	87	0.9292929292929293	0.925531914893617	99	92	1	1
F5022	Plenodomus lingam	ingroup	Ascomycota;Dothideomycetes;Pleosporales;Leptosphaeriaceae;Plenodomus	89	83	6	9	74	0.9325842696629213	0.925	89	83	1	1
F4754	Pneumocystis carinii	ingroup	Ascomycota;Pneumocystomycetes;Pneumocystales;Pneumocystaceae;Pneumocystis	120	113	7	14	99	0.9416666666666667	0.9339622641509434	120	113	1	1
F42068	Pneumocystis jirovecii	ingroup	Ascomycota;Pneumocystomycetes;Pneumocystales;Pneumocystaceae;Pneumocystis	120	113	7	11	102	0.9416666666666667	0.9357798165137615	120	113	1	1
F263815	Pneumocystis murina	ingroup	Ascomycota;Pneumocystomycetes;Pneumocystales;Pneumocystaceae;Pneumocystis	121	111	10	9	102	0.9173553719008265	0.9107142857142857	121	111	1	1
F2977754	Pyrenula ochraceoflavens	ingroup	Ascomycota;Eurotiomycetes;Pyrenulales;Pyrenulaceae;Pyrenula	28	24	4	4	20	0.8571428571428571	0.8333333333333334	28	24	1	1
F3060298	Pyrenula sp. 1 TL-2023	ingroup	Ascomycota;Eurotiomycetes;Pyrenulales;Pyrenulaceae;Pyrenula	28	23	5	6	17	0.8214285714285714	0.7727272727272727	28	23	1	1
F1453789	Toensbergia leucococca	ingroup	Ascomycota;Lecanoromycetes;Rhizocarpales;Sporastatiaceae;Toensbergia	28	24	4	5	19	0.8571428571428571	0.8260869565217391	28	24	1	1
F706196	Saccharomyces arboricola	ingroup	Ascomycota;Saccharomycetes;Saccharomycetales;Saccharomycetaceae;Saccharomyces	102	95	7	7	88	0.9313725490196079	0.9263157894736842	102	95	1	1
F4932	Saccharomyces cerevisiae	ingroup	Ascomycota;Saccharomycetes;Saccharomycetales;Saccharomycetaceae;Saccharomyces	123	115	8	11	104	0.9349593495934959	0.9285714285714286	123	115	1	1
F332112	Saccharomyces cerevisiae x Saccharomyces kudriavzevii	ingroup	Ascomycota;Saccharomycetes;Saccharomycetales;Saccharomycetaceae;Saccharomyces	42	40	2	7	33	0.9523809523809523	0.9428571428571428	42	40	1	1
F1080349	Saccharomyces eubayanus	ingroup	Ascomycota;Saccharomycetes;Saccharomycetales;Saccharomycetaceae;Saccharomyces	34	33	1	7	26	0.9705882352941176	0.9629629629629629	34	33	1	1
F114524	Saccharomyces kudriavzevii	ingroup	Ascomycota;Saccharomycetes;Saccharomycetales;Saccharomycetaceae;Saccharomyces	119	111	8	8	103	0.9327731092436975	0.9279279279279279	119	111	1	1
F114525	Saccharomyces mikatae	ingroup	Ascomycota;Saccharomycetes;Saccharomycetales;Saccharomycetaceae;Saccharomyces	10	10	0	0	10	1.0	1.0	10	10	1	1
F27291	Saccharomyces paradoxus	ingroup	Ascomycota;Saccharomycetes;Saccharomycetales;Saccharomycetaceae;Saccharomyces	34	32	2	5	27	0.9411764705882353	0.9310344827586207	34	32	1	1
F27292	Saccharomyces pastorianus	ingroup	Ascomycota;Saccharomycetes;Saccharomycetales;Saccharomycetaceae;Saccharomyces	14	12	2	0	12	0.8571428571428571	0.8571428571428571	14	12	1	1
F230603	Saccharomyces uvarum	ingroup	Ascomycota;Saccharomycetes;Saccharomycetales;Saccharomycetaceae;Saccharomyces	39	38	1	7	31	0.9743589743589743	0.96875	39	38	1	1
F29833	Hanseniaspora uvarum	ingroup	Ascomycota;Saccharomycetes;Saccharomycodales;Saccharomycodaceae;Hanseniaspora	36	33	3	9	24	0.9166666666666666	0.8888888888888888	36	33	1	1
F56409	Hanseniaspora vineae	ingroup	Ascomycota;Saccharomycetes;Saccharomycodales;Saccharomycodaceae;Hanseniaspora	28	28	0	7	21	1.0	1.0	28	28	1	1
F36035	Saccharomycodes ludwigii	ingroup	Ascomycota;Saccharomycetes;Saccharomycodales;Saccharomycodaceae;Saccharomycodes	34	32	2	8	24	0.9411764705882353	0.9230769230769231	34	32	1	1
F1099800	Saitoella coloradoensis	ingroup	Ascomycota;Saitoellomycetes;Saitoellales;Saitoellaceae;Saitoella	28	25	3	5	20	0.8928571428571429	0.8695652173913043	28	25	1	1
F5606	Saitoella complicata	ingroup	Ascomycota;Saitoellomycetes;Saitoellales;Saitoellaceae;Saitoella	36	34	2	6	28	0.9444444444444444	0.9333333333333333	36	34	1	1
F273283	Sarea resinae	ingroup	Ascomycota;Sareomycetes;Sareales;Zythiaceae;Sarea	28	24	4	3	21	0.8571428571428571	0.84	28	24	1	1
F400354	Loxospora ochrophaea	ingroup	Ascomycota;Lecanoromycetes;Sarrameanales;Sarrameanaceae;Loxospora	28	24	4	7	17	0.8571428571428571	0.8095238095238095	28	24	1	1
F1042397	Schaereria dolodes	ingroup	Ascomycota;Lecanoromycetes;Sarrameanales;Schaereria	28	22	6	8	14	0.7857142857142857	0.7	28	22	1	1
F4897	Schizosaccharomyces japonicus	ingroup	Ascomycota;Schizosaccharomycetes;Schizosaccharomycetales;Schizosaccharomycetaceae;Schizosaccharomyces	7	6	1	1	5	0.8571428571428571	0.8333333333333334	7	6	1	1
F2545709	Schizosaccharomyces osmophilus	ingroup	Ascomycota;Schizosaccharomycetes;Schizosaccharomycetales;Schizosaccharomycetaceae;Schizosaccharomyces	8	7	1	1	6	0.875	0.8571428571428571	8	7	1	1
F4896	Schizosaccharomyces pombe	ingroup	Ascomycota;Schizosaccharomycetes;Schizosaccharomycetales;Schizosaccharomycetaceae;Schizosaccharomyces	7	6	1	2	4	0.8571428571428571	0.8	7	6	1	1
F241526	Candida africana	ingroup	Ascomycota;Pichiomycetes;Serinales;Debaryomycetaceae;Candida	28	26	2	4	22	0.9285714285714286	0.9166666666666666	28	26	1	1
F5476	Candida albicans	ingroup	Ascomycota;Pichiomycetes;Serinales;Debaryomycetaceae;Candida	7	7	0	0	7	1.0	1.0	7	7	1	1
F42374	Candida dubliniensis	ingroup	Ascomycota;Pichiomycetes;Serinales;Debaryomycetaceae;Candida	7	7	0	0	7	1.0	1.0	7	7	1	1
F5479	Candida maltosa	ingroup	Ascomycota;Pichiomycetes;Serinales;Debaryomycetaceae;Candida	34	34	0	8	26	1.0	1.0	34	34	1	1
F5482	Candida tropicalis	ingroup	Ascomycota;Pichiomycetes;Serinales;Debaryomycetaceae;Candida	6	6	0	0	6	1.0	1.0	6	6	1	1
F5486	Candida viswanathii	ingroup	Ascomycota;Pichiomycetes;Serinales;Debaryomycetaceae;Candida	6	6	0	3	3	1.0	1.0	6	6	1	1
F2609844	Podospora pseudoanserina	ingroup	Ascomycota;Sordariomycetes;Sordariales;Podosporaceae;Podospora	28	28	0	5	23	1.0	1.0	28	28	1	1
F72144	Remersonia thermophila	ingroup	Ascomycota;Sordariomycetes;Sordariales;Chaetomiaceae;Remersonia	29	28	1	7	21	0.9655172413793104	0.9545454545454546	29	28	1	1
F5147	Sordaria macrospora	ingroup	Ascomycota;Sordariomycetes;Sordariales;Sordariaceae;Sordaria	18	15	3	1	14	0.8333333333333334	0.8235294117647058	18	15	1	1
F2754530	Protomyces lactucae-debilis	ingroup	Ascomycota;Taphrinomycetes;Taphrinales;Protomycetaceae;Protomyces	8	7	1	1	6	0.875	0.8571428571428571	8	7	1	1
F5011	Taphrina deformans	ingroup	Ascomycota;Taphrinomycetes;Taphrinales;Taphrinaceae;Taphrina	7	7	0	2	5	1.0	1.0	7	7	1	1
F1145299	Brigantiaea leucoxantha	ingroup	Ascomycota;Lecanoromycetes;Teloschistales;Brigantiaeaceae;Brigantiaea	28	27	1	11	16	0.9642857142857143	0.9411764705882353	28	27	1	1
F1145321	Letrouitia subvulpina	ingroup	Ascomycota;Lecanoromycetes;Teloschistales;Letrouitiaceae;Letrouitia	28	23	5	8	15	0.8214285714285714	0.75	28	23	1	1
F116982	Xanthoria calcicola	ingroup	Ascomycota;Lecanoromycetes;Teloschistales;Teloschistaceae;Xanthoria	28	24	4	6	18	0.8571428571428571	0.8181818181818182	28	24	1	1
F3342545	Pseudogymnoascus australis	ingroup	Ascomycota;Leotiomycetes;Thelebolales;Thelebolaceae;Pseudogymnoascus	29	26	3	4	22	0.896551724137931	0.88	29	26	1	1
F655981	Pseudogymnoascus destructans	ingroup	Ascomycota;Leotiomycetes;Thelebolales;Thelebolaceae;Pseudogymnoascus	17	15	2	2	13	0.8823529411764706	0.8666666666666667	17	15	1	1
F342668	Pseudogymnoascus verrucosus	ingroup	Ascomycota;Leotiomycetes;Thelebolales;Thelebolaceae;Pseudogymnoascus	8	7	1	0	7	0.875	0.875	8	7	1	1
F1116844	Thelocarpon impressellum	ingroup	Ascomycota;Thelocarpales;Thelocarpaceae;Thelocarpon	28	22	6	5	17	0.7857142857142857	0.7391304347826086	28	22	1	1
F2939404	Thelocarpon superellum	ingroup	Ascomycota;Thelocarpales;Thelocarpaceae;Thelocarpon	28	25	3	6	19	0.8928571428571429	0.8636363636363636	28	25	1	1
F1093900	Thyridium curvatum	ingroup	Ascomycota;Sordariomycetes;Thyridiales;Thyridiaceae;Thyridium	8	8	0	1	7	1.0	1.0	8	8	1	1
F223192	Phaeoacremonium minimum	ingroup	Ascomycota;Sordariomycetes;Togniniales;Togniniaceae;Phaeoacremonium	8	7	1	1	6	0.875	0.8571428571428571	8	7	1	1
F2918522	Lignoscripta atroalba	ingroup	Ascomycota;Lecanoromycetes;Trapeliales;Trapeliaceae;Lignoscripta	28	21	7	7	14	0.75	0.6666666666666666	28	21	1	1
F129515	Trapelia coarctata	ingroup	Ascomycota;Lecanoromycetes;Trapeliales;Trapeliaceae;Trapelia	28	23	5	3	20	0.8214285714285714	0.8	28	23	1	1
F51930	Tortispora caseinolytica	ingroup	Ascomycota;Trigonopsidomycetes;Trigonopsidales;Trigonopsidaceae;Tortispora	7	7	0	1	6	1.0	1.0	7	7	1	1
F2939406	Bogoriella megaspora	ingroup	Ascomycota;Dothideomycetes;Trypetheliales;Trypetheliaceae;Bogoriella	28	24	4	8	16	0.8571428571428571	0.8	28	24	1	1
F364730	Trypethelium subeluteriae	ingroup	Ascomycota;Dothideomycetes;Trypetheliales;Trypetheliaceae;Trypethelium	28	25	3	7	18	0.8928571428571429	0.8571428571428571	28	25	1	1
F1048519	Viridothelium virens	ingroup	Ascomycota;Dothideomycetes;Trypetheliales;Trypetheliaceae;Viridothelium	8	8	0	3	5	1.0	1.0	8	8	1	1
F318760	Hypocenomyce scalaris	ingroup	Ascomycota;Lecanoromycetes;Umbilicariales;Ophioparmaceae;Hypocenomyce	28	25	3	8	17	0.8928571428571429	0.85	28	25	1	1
F136370	Lasallia pustulata	ingroup	Ascomycota;Lecanoromycetes;Umbilicariales;Umbilicariaceae;Lasallia	36	33	3	8	25	0.9166666666666666	0.8928571428571429	36	33	1	1
F87287	Umbilicaria vellea	ingroup	Ascomycota;Lecanoromycetes;Umbilicariales;Umbilicariaceae;Umbilicaria	28	27	1	6	21	0.9642857142857143	0.9545454545454546	28	27	1	1
F1048955	Tothia fuscella	ingroup	Ascomycota;Dothideomycetes;Venturiales;Cylindrosympodiaceae;Tothia	8	8	0	0	8	1.0	1.0	8	8	1	1
F50376	Venturia effusa	ingroup	Ascomycota;Dothideomycetes;Venturiales;Venturiaceae;Venturia	7	6	1	0	6	0.8571428571428571	0.8571428571428571	7	6	1	1
F253628	Verruconis gallopava	ingroup	Ascomycota;Dothideomycetes;Venturiales;Sympoventuriaceae;Verruconis	8	8	0	0	8	1.0	1.0	8	8	1	1
F364733	Endocarpon pusillum	ingroup	Ascomycota;Eurotiomycetes;Verrucariales;Verrucariaceae;Endocarpon	7	6	1	0	6	0.8571428571428571	0.8571428571428571	7	6	1	1
F2939408	Vezdaea acicularis	ingroup	Ascomycota;Vezdaeales;Vezdaeaceae;Vezdaea	28	22	6	5	17	0.7857142857142857	0.7391304347826086	28	22	1	1
F2939405	Vezdaea aestivalis	ingroup	Ascomycota;Vezdaeales;Vezdaeaceae;Vezdaea	28	24	4	7	17	0.8571428571428571	0.8095238095238095	28	24	1	1
F326681	Hypoxylon trugodes	ingroup	Ascomycota;Sordariomycetes;Xylariales;Hypoxylaceae;Hypoxylon	28	24	4	2	22	0.8571428571428571	0.8461538461538461	28	24	1	1
F1682393	Microdochium trichocladiopsis	ingroup	Ascomycota;Sordariomycetes;Xylariales;Microdochiaceae;Microdochium	8	7	1	0	7	0.875	0.875	8	7	1	1
F326684	Xylaria bambusicola	ingroup	Ascomycota;Sordariomycetes;Xylariales;Xylariaceae;Xylaria	28	25	3	5	20	0.8928571428571429	0.8695652173913043	28	25	1	1
F1130053	Cirrosporium novae-zelandiae	ingroup	Ascomycota;Xylobotryomycetes;Xylobotryales;Cirrosporiaceae;Cirrosporium	28	23	5	5	18	0.8214285714285714	0.782608695652174	28	23	1	1
F1217826	Xylona heveae	ingroup	Ascomycota;Xylonomycetes;Xylonales;Xylonaceae;Xylona	8	8	0	1	7	1.0	1.0	8	8	1	1
F423460	Basidiobolus meristosporus	ingroup	Basidiobolomycota;Basidiobolomycetes;Basidiobolales;Basidiobolaceae;Basidiobolus	7	7	0	1	6	1.0	1.0	7	7	1	1
F34480	Basidiobolus ranarum	ingroup	Basidiobolomycota;Basidiobolomycetes;Basidiobolales;Basidiobolaceae;Basidiobolus	28	26	2	6	20	0.9285714285714286	0.9090909090909091	28	26	1	1
F87326	Amanita brunnescens	ingroup	Basidiomycota;Agaricomycetes;Agaricales;Amanitaceae;Amanita	27	25	2	5	20	0.9259259259259259	0.9090909090909091	27	25	1	1
F933333	Amanita inopinata	ingroup	Basidiomycota;Agaricomycetes;Agaricales;Amanitaceae;Amanita	28	26	2	3	23	0.9285714285714286	0.92	28	26	1	1
F41956	Amanita muscaria	ingroup	Basidiomycota;Agaricomycetes;Agaricales;Amanitaceae;Amanita	35	31	4	3	28	0.8857142857142857	0.875	35	31	1	1
F67723	Amanita phalloides	ingroup	Basidiomycota;Agaricomycetes;Agaricales;Amanitaceae;Amanita	28	26	2	2	24	0.9285714285714286	0.9230769230769231	28	26	1	1
F1004511	Amanita polypyramis	ingroup	Basidiomycota;Agaricomycetes;Agaricales;Amanitaceae;Amanita	29	23	6	4	19	0.7931034482758621	0.76	29	23	1	1
F71933	Amanita rubescens	ingroup	Basidiomycota;Agaricomycetes;Agaricales;Amanitaceae;Amanita	28	25	3	4	21	0.8928571428571429	0.875	28	25	1	1
F235537	Amanita thiersii	ingroup	Basidiomycota;Agaricomycetes;Agaricales;Amanitaceae;Amanita	8	8	0	1	7	1.0	1.0	8	8	1	1
F89243	Laccaria amethystina	ingroup	Basidiomycota;Agaricomycetes;Agaricales;Hydnangiaceae;Laccaria	12	12	0	4	8	1.0	1.0	12	12	1	1
F29883	Laccaria bicolor	ingroup	Basidiomycota;Agaricomycetes;Agaricales;Hydnangiaceae;Laccaria	8	8	0	2	6	1.0	1.0	8	8	1	1
F44565	Sterigmatomyces hyphaenes	ingroup	Basidiomycota;Agaricostilbomycetes;Agaricostilbales;Agaricostilbaceae;Sterigmatomyces	28	25	3	4	21	0.8928571428571429	0.875	28	25	1	1
F2831993	Plicatura crispa	ingroup	Basidiomycota;Agaricomycetes;Amylocorticiales;Amylocorticiaceae;Plicatura	36	34	2	5	29	0.9444444444444444	0.9354838709677419	36	34	1	1
F1759441	Athelia psychrophila	ingroup	Basidiomycota;Agaricomycetes;Atheliales;Atheliaceae;Athelia	13	12	1	1	11	0.9230769230769231	0.9166666666666666	13	12	1	1
F2748771	Athelia sp. TMB	ingroup	Basidiomycota;Agaricomycetes;Atheliales;Atheliaceae;Athelia	23	22	1	5	17	0.9565217391304348	0.9444444444444444	23	22	1	1
F80663	Piloderma croceum	ingroup	Basidiomycota;Agaricomycetes;Atheliales;Atheliaceae;Piloderma	6	6	0	0	6	1.0	1.0	6	6	1	1
F1938712	Atractiella rhizophila	ingroup	Basidiomycota;Atractiellomycetes;Atractiellales;Hoehnelomycetaceae;Atractiella	28	26	2	6	20	0.9285714285714286	0.9090909090909091	28	26	1	1
F1331295	Auricularia subglabra	ingroup	Basidiomycota;Agaricomycetes;Auriculariales;Auriculariaceae;Auricularia	31	28	3	5	23	0.9032258064516129	0.8846153846153846	31	28	1	1
F2829486	Auriculariales sp. MPI-PUGE-AT-0066	ingroup	Basidiomycota;Agaricomycetes;Auriculariales	28	24	4	7	17	0.8571428571428571	0.8095238095238095	28	24	1	1
F5219	Exidia glandulosa	ingroup	Basidiomycota;Agaricomycetes;Auriculariales;Exidiaceae;Exidia	7	7	0	2	5	1.0	1.0	7	7	1	1
F48563	Suillus bovinus	ingroup	Basidiomycota;Agaricomycetes;Boletales;Suillaceae;Suillus	28	25	3	4	21	0.8928571428571429	0.875	28	25	1	1
F48565	Suillus brevipes	ingroup	Basidiomycota;Agaricomycetes;Boletales;Suillaceae;Suillus	28	24	4	2	22	0.8571428571428571	0.8461538461538461	28	24	1	1
F1904413	Suillus clintonianus	ingroup	Basidiomycota;Agaricomycetes;Boletales;Suillaceae;Suillus	28	22	6	3	19	0.7857142857142857	0.76	28	22	1	1
F1912936	Suillus discolor	ingroup	Basidiomycota;Agaricomycetes;Boletales;Suillaceae;Suillus	8	8	0	1	7	1.0	1.0	8	8	1	1
F1912939	Suillus fuscotomentosus	ingroup	Basidiomycota;Agaricomycetes;Boletales;Suillaceae;Suillus	8	8	0	1	7	1.0	1.0	8	8	1	1
F48578	Suillus paluster	ingroup	Basidiomycota;Agaricomycetes;Boletales;Suillaceae;Suillus	28	25	3	2	23	0.8928571428571429	0.8846153846153846	28	25	1	1
F116603	Suillus plorans	ingroup	Basidiomycota;Agaricomycetes;Boletales;Suillaceae;Suillus	8	7	1	0	7	0.875	0.875	8	7	1	1
F48586	Suillus subalutaceus	ingroup	Basidiomycota;Agaricomycetes;Boletales;Suillaceae;Suillus	28	26	2	4	22	0.9285714285714286	0.9166666666666666	28	26	1	1
F48587	Suillus subaureus	ingroup	Basidiomycota;Agaricomycetes;Boletales;Suillaceae;Suillus	7	7	0	1	6	1.0	1.0	7	7	1	1
F48593	Suillus weaverae	ingroup	Basidiomycota;Agaricomycetes;Boletales;Suillaceae;Suillus	28	24	4	1	23	0.8571428571428571	0.8518518518518519	28	24	1	1
F264124	Botryobasidium botryosum	ingroup	Basidiomycota;Agaricomycetes;Cantharellales;Botryobasidiaceae;Botryobasidium	8	8	0	0	8	1.0	1.0	8	8	1	1
F1750568	Cantharellus anzutake	ingroup	Basidiomycota;Agaricomycetes;Cantharellales;Hydnaceae;Cantharellus	28	27	1	6	21	0.9642857142857143	0.9545454545454546	28	27	1	1
F170446	Ceratobasidium sp. AG-Ba	ingroup	Basidiomycota;Agaricomycetes;Cantharellales;Ceratobasidiaceae;Ceratobasidium	11	10	1	3	7	0.9090909090909091	0.875	11	10	1	1
F139363	Hydnum rufescens	ingroup	Basidiomycota;Agaricomycetes;Cantharellales;Hydnaceae;Hydnum	8	8	0	2	6	1.0	1.0	8	8	1	1
F456999	Rhizoctonia solani	ingroup	Basidiomycota;Agaricomycetes;Cantharellales;Ceratobasidiaceae;Rhizoctonia	28	26	2	6	20	0.9285714285714286	0.9090909090909091	28	26	1	1
F156515	Tulasnella calospora	ingroup	Basidiomycota;Agaricomycetes;Cantharellales;Tulasnellaceae;Tulasnella	8	7	1	2	5	0.875	0.8333333333333334	8	7	1	1
F401625	Ceraceosorus bombacis	ingroup	Basidiomycota;Exobasidiomycetes;Ceraceosorales;Ceraceosoraceae;Ceraceosorus	7	7	0	2	5	1.0	1.0	7	7	1	1
F1522189	Ceraceosorus guamensis	ingroup	Basidiomycota;Exobasidiomycetes;Ceraceosorales;Ceraceosoraceae;Ceraceosorus	8	7	1	2	5	0.875	0.8333333333333334	8	7	1	1
F203533	Classicula fluitans	ingroup	Basidiomycota;Classiculomycetes;Classiculales;Classiculaceae;Classicula	28	25	3	1	24	0.8928571428571429	0.8888888888888888	28	25	1	1
F202698	Punctularia strigosozonata	ingroup	Basidiomycota;Agaricomycetes;Corticiales;Punctulariaceae;Punctularia	36	32	4	4	28	0.8888888888888888	0.875	36	32	1	1
F2778381	Cyphobasidiales sp. Tagirdzhanova-0007	ingroup	Basidiomycota;Cystobasidiomycetes;Cyphobasidiales	28	24	4	8	16	0.8571428571428571	0.8	28	24	1	1
F29899	Cystobasidium minutum	ingroup	Basidiomycota;Cystobasidiomycetes;Cystobasidiales;Cystobasidiaceae;Cystobasidium	28	26	2	5	21	0.9285714285714286	0.9130434782608695	28	26	1	1
F29902	Mrakia frigida	ingroup	Basidiomycota;Tremellomycetes;Cystofilobasidiales;Mrakiaceae;Mrakia	28	26	2	7	19	0.9285714285714286	0.9047619047619048	28	26	1	1
F264483	Phaffia rhodozyma	ingroup	Basidiomycota;Tremellomycetes;Cystofilobasidiales;Mrakiaceae;Phaffia	28	23	5	6	17	0.8214285714285714	0.7727272727272727	28	23	1	1
F29889	Calocera cornea	ingroup	Basidiomycota;Dacrymycetes;Dacrymycetales;Dacrymycetaceae;Calocera	8	8	0	0	8	1.0	1.0	8	8	1	1
F63146	Calocera viscosa	ingroup	Basidiomycota;Dacrymycetes;Dacrymycetales;Dacrymycetaceae;Calocera	6	6	0	0	6	1.0	1.0	6	6	1	1
F1858805	Dacryopinax primogenitus	ingroup	Basidiomycota;Dacrymycetes;Dacrymycetales;Dacrymycetaceae;Dacryopinax	8	8	0	0	8	1.0	1.0	8	8	1	1
F58919	Tilletiopsis washingtonensis	ingroup	Basidiomycota;Exobasidiomycetes;Entylomatales;Tilletiopsis	6	6	0	1	5	1.0	1.0	6	6	1	1
F5414	Erythrobasidium hasegawianum	ingroup	Basidiomycota;Cystobasidiomycetes;Erythrobasidiales;Erythrobasidiaceae;Erythrobasidium	28	26	2	8	18	0.9285714285714286	0.9	28	26	1	1
F215250	Acaromyces ingoldii	ingroup	Basidiomycota;Exobasidiomycetes;Exobasidiales;Cryptobasidiaceae;Acaromyces	8	8	0	4	4	1.0	1.0	8	8	1	1
F63378	Exobasidium rhododendri	ingroup	Basidiomycota;Exobasidiomycetes;Exobasidiales;Exobasidiaceae;Exobasidium	28	24	4	3	21	0.8571428571428571	0.84	28	24	1	1
F1280837	Meira miltonrushii	ingroup	Basidiomycota;Exobasidiomycetes;Exobasidiales;Brachybasidiaceae;Meira	8	7	1	0	7	0.875	0.875	8	7	1	1
F5210	Filobasidium floriforme	ingroup	Basidiomycota;Tremellomycetes;Filobasidiales;Filobasidiaceae;Filobasidium	35	33	2	10	23	0.9428571428571428	0.92	35	33	1	1
F610337	Naganishia cerealis	ingroup	Basidiomycota;Tremellomycetes;Filobasidiales;Filobasidiaceae;Naganishia	28	25	3	6	19	0.8928571428571429	0.8636363636363636	28	25	1	1
F89922	Naganishia friedmannii	ingroup	Basidiomycota;Tremellomycetes;Filobasidiales;Filobasidiaceae;Naganishia	30	27	3	7	20	0.9	0.8695652173913043	30	27	1	1
F104408	Naganishia liquefaciens	ingroup	Basidiomycota;Tremellomycetes;Filobasidiales;Filobasidiaceae;Naganishia	8	8	0	2	6	1.0	1.0	8	8	1	1
F1424756	Naganishia vaughanmartiniae	ingroup	Basidiomycota;Tremellomycetes;Filobasidiales;Filobasidiaceae;Naganishia	28	26	2	9	17	0.9285714285714286	0.8947368421052632	28	26	1	1
F68786	Sphaerobolus stellatus	ingroup	Basidiomycota;Agaricomycetes;Geastrales;Sphaerobolaceae;Sphaerobolus	33	29	4	7	22	0.8787878787878788	0.8461538461538461	33	29	1	1
F1230402	Basidioascus undulatus	ingroup	Basidiomycota;Geminibasidiomycetes;Geminibasidiales;Geminibasidiaceae;Basidioascus	28	23	5	4	19	0.8214285714285714	0.7916666666666666	28	23	1	1
F5281	Tilletiaria anomala	ingroup	Basidiomycota;Exobasidiomycetes;Georgefischeriales;Tilletiariaceae;Tilletiaria	7	7	0	0	7	1.0	1.0	7	7	1	1
F104355	Gloeophyllum trabeum	ingroup	Basidiomycota;Agaricomycetes;Gloeophyllales;Gloeophyllaceae;Gloeophyllum	8	8	0	1	7	1.0	1.0	8	8	1	1
F5364	Heliocybe sulcata	ingroup	Basidiomycota;Agaricomycetes;Gloeophyllales;Gloeophyllaceae;Heliocybe	6	6	0	0	6	1.0	1.0	6	6	1	1
F38799	Neolentinus lepideus	ingroup	Basidiomycota;Agaricomycetes;Gloeophyllales;Gloeophyllaceae;Neolentinus	7	6	1	0	6	0.8571428571428571	0.8571428571428571	7	6	1	1
F112417	Gautieria morchelliformis	ingroup	Basidiomycota;Agaricomycetes;Gomphales;Gomphaceae;Gautieria	28	24	4	3	21	0.8571428571428571	0.84	28	24	1	1
F113071	Ramaria rubella	ingroup	Basidiomycota;Agaricomycetes;Gomphales;Gomphaceae;Ramaria	28	25	3	4	21	0.8928571428571429	0.875	28	25	1	1
F45228	Heterogastridium pycnidioideum	ingroup	Basidiomycota;Microbotryomycetes;Heterogastridiales;Heterogastridiaceae;Heterogastridium	28	28	0	5	23	1.0	1.0	28	28	1	1
F257869	Holtermanniella festucosa	ingroup	Basidiomycota;Tremellomycetes;Holtermanniales;Holtermanniella	28	26	2	3	23	0.9285714285714286	0.92	28	26	1	1
F135589	Coniferiporia weirii	ingroup	Basidiomycota;Agaricomycetes;Hymenochaetales;Hymenochaetaceae;Coniferiporia	28	26	2	3	23	0.9285714285714286	0.92	28	26	1	1
F208960	Fomitiporia mediterranea	ingroup	Basidiomycota;Agaricomycetes;Hymenochaetales;Hymenochaetaceae;Fomitiporia	30	25	5	4	21	0.8333333333333334	0.8076923076923077	30	25	1	1
F2282107	Pyrrhoderma noxium	ingroup	Basidiomycota;Agaricomycetes;Hymenochaetales;Hymenochaetaceae;Pyrrhoderma	8	8	0	1	7	1.0	1.0	8	8	1	1
F50990	Rickenella mellea	ingroup	Basidiomycota;Agaricomycetes;Hymenochaetales;Rickenellaceae;Rickenella	7	7	0	0	7	1.0	1.0	7	7	1	1
F27342	Schizopora paradoxa	ingroup	Basidiomycota;Agaricomycetes;Hymenochaetales;Schizoporaceae;Schizopora	8	8	0	2	6	1.0	1.0	8	8	1	1
F150792	Hysterangium stoloniferum	ingroup	Basidiomycota;Agaricomycetes;Hysterangiales;Hysterangiaceae;Hysterangium	28	23	5	4	19	0.8214285714285714	0.7916666666666666	28	23	1	1
F202697	Jaapia argillacea	ingroup	Basidiomycota;Agaricomycetes;Jaapiales;Jaapiaceae;Jaapia	8	8	0	1	7	1.0	1.0	8	8	1	1
F1323573	Meredithblackwellia eburnea	ingroup	Basidiomycota;Microbotryomycetes;Kriegeriales;Kriegeriaceae;Meredithblackwellia	28	26	2	7	19	0.9285714285714286	0.9047619047619048	28	26	1	1
F418498	Phenoliferia psychrophenolica	ingroup	Basidiomycota;Microbotryomycetes;Kriegeriales;Kriegeriaceae;Phenoliferia	28	28	0	5	23	1.0	1.0	28	28	1	1
F3038894	Phenoliferia sp. Uapishka_3	ingroup	Basidiomycota;Microbotryomycetes;Kriegeriales;Kriegeriaceae;Phenoliferia	28	28	0	15	13	1.0	1.0	28	28	1	1
F106004	Leucosporidium creatinivorum	ingroup	Basidiomycota;Microbotryomycetes;Leucosporidiales;Leucosporidiaceae;Leucosporidium	8	8	0	2	6	1.0	1.0	8	8	1	1
F223818	Malassezia japonica	ingroup	Basidiomycota;Malasseziomycetes;Malasseziales;Malasseziaceae;Malassezia	8	8	0	1	7	1.0	1.0	8	8	1	1
F77020	Malassezia pachydermatis	ingroup	Basidiomycota;Malasseziomycetes;Malasseziales;Malasseziaceae;Malassezia	6	6	0	0	6	1.0	1.0	6	6	1	1
F76775	Malassezia restricta	ingroup	Basidiomycota;Malasseziomycetes;Malasseziales;Malasseziaceae;Malassezia	34	32	2	8	24	0.9411764705882353	0.9230769230769231	34	32	1	1
F76777	Malassezia sympodialis	ingroup	Basidiomycota;Malasseziomycetes;Malasseziales;Malasseziaceae;Malassezia	26	26	0	9	17	1.0	1.0	26	26	1	1
F2020962	Malassezia vespertilionis	ingroup	Basidiomycota;Malasseziomycetes;Malasseziales;Malasseziaceae;Malassezia	36	33	3	13	20	0.9166666666666666	0.8695652173913043	36	33	1	1
F269621	Microbotryum intermedium	ingroup	Basidiomycota;Microbotryomycetes;Microbotryales;Microbotryaceae;Microbotryum	8	8	0	2	6	1.0	1.0	8	8	1	1
F288795	Microbotryum lychnidis-dioicae	ingroup	Basidiomycota;Microbotryomycetes;Microbotryales;Microbotryaceae;Microbotryum	8	8	0	4	4	1.0	1.0	8	8	1	1
F289078	Microbotryum saponariae	ingroup	Basidiomycota;Microbotryomycetes;Microbotryales;Microbotryaceae;Microbotryum	9	9	0	2	7	1.0	1.0	9	9	1	1
F796604	Microbotryum silenes-dioicae	ingroup	Basidiomycota;Microbotryomycetes;Microbotryales;Microbotryaceae;Microbotryum	6	6	0	4	2	1.0	1.0	6	6	1	1
F2878321	Jaminaea pallidilutea	ingroup	Basidiomycota;Exobasidiomycetes;Microstromatales;Jaminaea	28	26	2	6	20	0.9285714285714286	0.9090909090909091	28	26	1	1
F1569628	Jaminaea rosea	ingroup	Basidiomycota;Exobasidiomycetes;Microstromatales;Jaminaea	8	8	0	2	6	1.0	1.0	8	8	1	1
F1684307	Microstroma glucosiphilum	ingroup	Basidiomycota;Exobasidiomycetes;Microstromatales;Microstromataceae;Microstroma	8	8	0	2	6	1.0	1.0	8	8	1	1
F1463510	Parajaminaea phylloscopi	ingroup	Basidiomycota;Exobasidiomycetes;Microstromatales;Parajaminaea	28	27	1	8	19	0.9642857142857143	0.95	28	27	1	1
F574677	Sympodiomycopsis kandeliae	ingroup	Basidiomycota;Exobasidiomycetes;Microstromatales;Sympodiomycopsis	28	28	0	6	22	1.0	1.0	28	28	1	1
F34349	Mixia osmundae	ingroup	Basidiomycota;Mixiomycetes;Mixiales;Mixiaceae;Mixia	17	17	0	8	9	1.0	1.0	17	17	1	1
F112072	Naohidea sebacea	ingroup	Basidiomycota;Cystobasidiomycetes;Naohideales;Naohideaceae;Naohidea	28	25	3	5	20	0.8928571428571429	0.8695652173913043	28	25	1	1
F1419009	Clathrus columnatus	ingroup	Basidiomycota;Agaricomycetes;Phallales;Clathraceae;Clathrus	8	8	0	0	8	1.0	1.0	8	8	1	1
F378194	Epithele typhae	ingroup	Basidiomycota;Agaricomycetes;Polyporales;Epitheliaceae;Epithele	28	22	6	7	15	0.7857142857142857	0.7142857142857143	28	22	1	1
F599839	Fibroporia radiculosa	ingroup	Basidiomycota;Agaricomycetes;Polyporales;Fibroporiaceae;Fibroporia	6	6	0	1	5	1.0	1.0	6	6	1	1
F5630	Laetiporus sulphureus	ingroup	Basidiomycota;Agaricomycetes;Polyporales;Laetiporaceae;Laetiporus	6	5	1	1	4	0.8333333333333334	0.8	6	5	1	1
F5365	Lentinus tigrinus	ingroup	Basidiomycota;Agaricomycetes;Polyporales;Polyporaceae;Lentinus	17	17	0	2	15	1.0	1.0	17	17	1	1
F231932	Phanerochaete carnosa	ingroup	Basidiomycota;Agaricomycetes;Polyporales;Phanerochaetaceae;Phanerochaete	8	8	0	2	6	1.0	1.0	8	8	1	1
F104341	Rhodonia placenta	ingroup	Basidiomycota;Agaricomycetes;Polyporales;Adustoporiaceae;Rhodonia	8	8	0	0	8	1.0	1.0	8	8	1	1
F181123	Austropuccinia psidii	ingroup	Basidiomycota;Pucciniomycetes;Pucciniales;Sphaerophragmiaceae;Austropuccinia	8	5	3	2	3	0.625	0.5	8	5	1	1
F60197	Cronartium quercuum	ingroup	Basidiomycota;Pucciniomycetes;Pucciniales;Coleosporiaceae;Cronartium	6	6	0	1	5	1.0	1.0	6	6	1	1
F203908	Melampsora laricis-populina	ingroup	Basidiomycota;Pucciniomycetes;Pucciniales;Melampsoraceae;Melampsora	8	8	0	2	6	1.0	1.0	8	8	1	1
F170000	Phakopsora pachyrhizi	ingroup	Basidiomycota;Pucciniomycetes;Pucciniales;Phakopsoraceae;Phakopsora	35	33	2	10	23	0.9428571428571428	0.92	35	33	1	1
F208348	Puccinia triticina	ingroup	Basidiomycota;Pucciniomycetes;Pucciniales;Pucciniaceae;Puccinia	34	33	1	5	28	0.9705882352941176	0.9655172413793104	34	33	1	1
F48021	Artomyces pyxidatus	ingroup	Basidiomycota;Agaricomycetes;Russulales;Auriscalpiaceae;Artomyces	28	25	3	3	22	0.8928571428571429	0.88	28	25	1	1
F135208	Hericium alpestre	ingroup	Basidiomycota;Agaricomycetes;Russulales;Hericiaceae;Hericium	8	7	1	4	3	0.875	0.75	8	7	1	1
F984962	Heterobasidion irregulare	ingroup	Basidiomycota;Agaricomycetes;Russulales;Bondarzewiaceae;Heterobasidion	6	6	0	0	6	1.0	1.0	6	6	1	1
F152956	Russula decolorans	ingroup	Basidiomycota;Agaricomycetes;Russulales;Russulaceae;Russula	28	27	1	5	22	0.9642857142857143	0.9565217391304348	28	27	1	1
F40492	Stereum hirsutum	ingroup	Basidiomycota;Agaricomycetes;Russulales;Stereaceae;Stereum	34	31	3	4	27	0.9117647058823529	0.9	34	31	1	1
F1314805	Vararia minispora	ingroup	Basidiomycota;Agaricomycetes;Russulales;Lachnocladiaceae;Vararia	28	26	2	5	21	0.9285714285714286	0.9130434782608695	28	26	1	1
F65672	Serendipita indica	ingroup	Basidiomycota;Agaricomycetes;Sebacinales;Serendipitaceae;Serendipita	34	32	2	15	17	0.9411764705882353	0.8947368421052632	34	32	1	1
F2600213	Serendipita sp. 400	ingroup	Basidiomycota;Agaricomycetes;Sebacinales;Serendipitaceae;Serendipita	28	22	6	10	12	0.7857142857142857	0.6666666666666666	28	22	1	1
F2600215	Serendipita sp. 405	ingroup	Basidiomycota;Agaricomycetes;Sebacinales;Serendipitaceae;Serendipita	38	33	5	8	25	0.868421052631579	0.8333333333333334	38	33	1	1
F2600216	Serendipita sp. 411	ingroup	Basidiomycota;Agaricomycetes;Sebacinales;Serendipitaceae;Serendipita	43	38	5	12	26	0.8837209302325582	0.8387096774193549	43	38	1	1
F109899	Serendipita vermifera	ingroup	Basidiomycota;Agaricomycetes;Sebacinales;Serendipitaceae;Serendipita	8	8	0	0	8	1.0	1.0	8	8	1	1
F2834505	Sertulicium niveocremeum	ingroup	Basidiomycota;Agaricomycetes;Sistotremastrales;Sistotremastraceae;Sertulicium	10	9	1	1	8	0.9	0.8888888888888888	10	9	1	1
F467971	Sistotremastrum suecicum	ingroup	Basidiomycota;Agaricomycetes;Sistotremastrales;Sistotremastraceae;Sistotremastrum	10	9	1	1	8	0.9	0.8888888888888888	10	9	1	1
F69979	Phyllozyma linderae	ingroup	Basidiomycota;Spiculogloeomycetes;Spiculogloeales;Spiculogloeaceae;Phyllozyma	28	28	0	6	22	1.0	1.0	28	28	1	1
F100910	Rhodosporidiobolus nylandii	ingroup	Basidiomycota;Microbotryomycetes;Sporidiobolales;Sporidiobolaceae;Rhodosporidiobolus	29	26	3	3	23	0.896551724137931	0.8846153846153846	29	26	1	1
F29898	Rhodotorula graminis	ingroup	Basidiomycota;Microbotryomycetes;Sporidiobolales;Sporidiobolaceae;Rhodotorula	8	7	1	2	5	0.875	0.8333333333333334	8	7	1	1
F5286	Rhodotorula toruloides	ingroup	Basidiomycota;Microbotryomycetes;Sporidiobolales;Sporidiobolaceae;Rhodotorula	6	6	0	0	6	1.0	1.0	6	6	1	1
F500713	Sporobolomyces koalae	ingroup	Basidiomycota;Microbotryomycetes;Sporidiobolales;Sporidiobolaceae;Sporobolomyces	28	25	3	2	23	0.8928571428571429	0.8846153846153846	28	25	1	1
F183962	Sporobolomyces salmoneus	ingroup	Basidiomycota;Microbotryomycetes;Sporidiobolales;Sporidiobolaceae;Sporobolomyces	28	23	5	5	18	0.8214285714285714	0.782608695652174	28	23	1	1
F370292	Thelephora ganbajun	ingroup	Basidiomycota;Agaricomycetes;Thelephorales;Thelephoraceae;Thelephora	28	23	5	4	19	0.8214285714285714	0.7916666666666666	28	23	1	1
F56493	Thelephora terrestris	ingroup	Basidiomycota;Agaricomycetes;Thelephorales;Thelephoraceae;Thelephora	6	5	1	0	5	0.8333333333333334	0.8333333333333334	6	5	1	1
F13290	Tilletia caries	ingroup	Basidiomycota;Exobasidiomycetes;Tilletiales;Tilletiaceae;Tilletia	28	26	2	12	14	0.9285714285714286	0.875	28	26	1	1
F13291	Tilletia controversa	ingroup	Basidiomycota;Exobasidiomycetes;Tilletiales;Tilletiaceae;Tilletia	21	19	2	11	8	0.9047619047619048	0.8	21	19	1	1
F157183	Tilletia laevis	ingroup	Basidiomycota;Exobasidiomycetes;Tilletiales;Tilletiaceae;Tilletia	23	21	2	9	12	0.9130434782608695	0.8571428571428571	23	21	1	1
F1031713	Tilletia maclaganii	ingroup	Basidiomycota;Exobasidiomycetes;Tilletiales;Tilletiaceae;Tilletia	0	0	0	0	0			0	0	0	0
F117179	Tilletia walkeri	ingroup	Basidiomycota;Exobasidiomycetes;Tilletiales;Tilletiaceae;Tilletia	8	6	2	2	4	0.75	0.6666666666666666	8	6	1	1
F104669	Cryptococcus amylolentus	ingroup	Basidiomycota;Tremellomycetes;Tremellales;Cryptococcaceae;Cryptococcus	8	7	1	2	5	0.875	0.8333333333333334	8	7	1	1
F552467	Cryptococcus bacillisporus	ingroup	Basidiomycota;Tremellomycetes;Tremellales;Cryptococcaceae;Cryptococcus	0	0	0	0	0			0	0	0	0
F1859122	Cryptococcus decagattii	ingroup	Basidiomycota;Tremellomycetes;Tremellales;Cryptococcaceae;Cryptococcus	1	1	0	0	1	1.0	1.0	1	1	1	1
F40410	Cryptococcus deneoformans	ingroup	Basidiomycota;Tremellomycetes;Tremellales;Cryptococcaceae;Cryptococcus	6	6	0	1	5	1.0	1.0	6	6	1	1
F5208	Cryptococcus depauperatus	ingroup	Basidiomycota;Tremellomycetes;Tremellales;Cryptococcaceae;Cryptococcus	7	7	0	1	6	1.0	1.0	7	7	1	1
F1859096	Cryptococcus deuterogattii	ingroup	Basidiomycota;Tremellomycetes;Tremellales;Cryptococcaceae;Cryptococcus	8	8	0	0	8	1.0	1.0	8	8	1	1
F37769	Cryptococcus gattii	ingroup	Basidiomycota;Tremellomycetes;Tremellales;Cryptococcaceae;Cryptococcus	7	7	0	2	5	1.0	1.0	7	7	1	1
F5207	Cryptococcus neoformans	ingroup	Basidiomycota;Tremellomycetes;Tremellales;Cryptococcaceae;Cryptococcus	7	7	0	1	6	1.0	1.0	7	7	1	1
F1859121	Cryptococcus tetragattii	ingroup	Basidiomycota;Tremellomycetes;Tremellales;Cryptococcaceae;Cryptococcus	0	0	0	0	0			0	0	0	0
F5619	Cryptococcus wingfieldii	ingroup	Basidiomycota;Tremellomycetes;Tremellales;Cryptococcaceae;Cryptococcus	6	6	0	1	5	1.0	1.0	6	6	1	1
F105984	Apiotrichum porosum	ingroup	Basidiomycota;Tremellomycetes;Trichosporonales;Trichosporonaceae;Apiotrichum	8	8	0	2	6	1.0	1.0	8	8	1	1
F1890679	Cryptotrichosporon argae	ingroup	Basidiomycota;Tremellomycetes;Trichosporonales;Tetragoniomycetaceae;Cryptotrichosporon	0	0	0	0	0			0	0	0	0
F279322	Cutaneotrichosporon cavernicola	ingroup	Basidiomycota;Tremellomycetes;Trichosporonales;Trichosporonaceae;Cutaneotrichosporon	8	8	0	1	7	1.0	1.0	8	8	1	1
F82508	Trichosporon asahii	ingroup	Basidiomycota;Tremellomycetes;Trichosporonales;Trichosporonaceae;Trichosporon	6	6	0	3	3	1.0	1.0	6	6	1	1
F143232	Vanrija pseudolonga	ingroup	Basidiomycota;Tremellomycetes;Trichosporonales;Trichosporonaceae;Vanrija	8	7	1	2	5	0.875	0.8333333333333334	8	7	1	1
F1055551	Tritirachium sp. CBS 265.96	ingroup	Basidiomycota;Tritirachiomycetes;Tritirachiales;Tritirachiaceae;Tritirachium	0	0	0	0	0			0	0	0	0
F1269715	Thecaphora frezii	ingroup	Basidiomycota;Ustilaginomycetes;Urocystidales;Glomosporiaceae;Thecaphora	0	0	0	0	0			0	0	0	0
F84753	Moesziomyces antarcticus	ingroup	Basidiomycota;Ustilaginomycetes;Ustilaginales;Ustilaginaceae;Moesziomyces	6	6	0	1	5	1.0	1.0	6	6	1	1
F84751	Pseudozyma flocculosa	ingroup	Basidiomycota;Ustilaginomycetes;Ustilaginales;Ustilaginaceae;Pseudozyma	6	6	0	1	5	1.0	1.0	6	6	1	1
F280036	Sporisorium graminicola	ingroup	Basidiomycota;Ustilaginomycetes;Ustilaginales;Ustilaginaceae;Sporisorium	8	7	1	3	4	0.875	0.8	8	7	1	1
F1882483	Testicularia cyperi	ingroup	Basidiomycota;Ustilaginomycetes;Ustilaginales;Anthracoideaceae;Testicularia	8	7	1	2	5	0.875	0.8333333333333334	8	7	1	1
F120017	Ustilago hordei	ingroup	Basidiomycota;Ustilaginomycetes;Ustilaginales;Ustilaginaceae;Ustilago	8	7	1	2	5	0.875	0.8333333333333334	8	7	1	1
F1673888	Violaceomyces palustris	ingroup	Basidiomycota;Ustilaginomycetes;Violaceomycetales;Violaceomycetaceae;Violaceomyces	0	0	0	0	0			0	0	0	0
F1708542	Wallemia canadensis	ingroup	Basidiomycota;Wallemiomycetes;Wallemiales;Wallemiaceae;Wallemia	0	0	0	0	0			0	0	0	0
F1540922	Wallemia hederae	ingroup	Basidiomycota;Wallemiomycetes;Wallemiales;Wallemiaceae;Wallemia	8	8	0	4	4	1.0	1.0	8	8	1	1
F245174	Wallemia ichthyophaga	ingroup	Basidiomycota;Wallemiomycetes;Wallemiales;Wallemiaceae;Wallemia	8	7	1	2	5	0.875	0.8333333333333334	8	7	1	1
F1708541	Wallemia mellicola	ingroup	Basidiomycota;Wallemiomycetes;Wallemiales;Wallemiaceae;Wallemia	8	7	1	1	6	0.875	0.8571428571428571	8	7	1	1
F64504	Allomyces arbusculus	ingroup	Blastocladiomycota;Blastocladiomycetes;Blastocladiales;Blastocladiaceae;Allomyces	0	0	0	0	0			0	0	0	0
F64505	Allomyces javanicus	ingroup	Blastocladiomycota;Blastocladiomycetes;Blastocladiales;Blastocladiaceae;Allomyces	0	0	0	0	0			0	0	0	0
F28583	Allomyces macrogynus	ingroup	Blastocladiomycota;Blastocladiomycetes;Blastocladiales;Blastocladiaceae;Allomyces	8	7	1	3	4	0.875	0.8	8	7	1	1
F64508	Blastocladiella britannica	ingroup	Blastocladiomycota;Blastocladiomycetes;Blastocladiales;Blastocladiaceae;Blastocladiella	0	0	0	0	0			0	0	0	0
F4808	Blastocladiella emersonii	ingroup	Blastocladiomycota;Blastocladiomycetes;Blastocladiales;Blastocladiaceae;Blastocladiella	0	0	0	0	0			0	0	0	0
F109876	Catenaria anguillulae	ingroup	Blastocladiomycota;Blastocladiomycetes;Blastocladiales;Catenariaceae;Catenaria	8	8	0	3	5	1.0	1.0	8	8	1	1
F945690	Coelomomyces lativittatus	ingroup	Blastocladiomycota;Blastocladiomycetes;Blastocladiales;Coelomomycetaceae;Coelomomyces	0	0	0	0	0			0	0	0	0
F3075319	Sorochytrium milnesiophthora	ingroup	Blastocladiomycota;Blastocladiomycetes;Blastocladiales;Sorochytriaceae;Sorochytrium	0	0	0	0	0			0	0	0	0
F1500003	Paraphysoderma sedebokerense	ingroup	Blastocladiomycota;Physodermatomycetes;Physodermatales;Physodermataceae;Paraphysoderma	0	0	0	0	0			0	0	0	0
F911321	Calcarisporiella thermophila	ingroup	Calcarisporiellomycota;Calcarisporiellomycetes;Calcarisporiellales;Calcarisporiellaceae;Calcarisporiella	0	0	0	0	0			0	0	0	0
F1555241	Caulochytrium protostelioides	ingroup	Chytridiomycota;Caulochytriomycetes;Caulochytriales;Caulochytriaceae;Caulochytrium	8	8	0	0	8	1.0	1.0	8	8	1	1
F1774096	Dinochytrium kinnereticum	ingroup	Chytridiomycota;Chytridiomycetes;Chytridiales;Chytridiaceae;Dinochytrium	0	0	0	0	0			0	0	0	0
F109932	Entophlyctis luteolus	ingroup	Chytridiomycota;Chytridiomycetes;Chytridiales;Chytriomycetaceae;Entophlyctis	0	0	0	0	0			0	0	0	0
F1604274	Cladochytrium tenue	ingroup	Chytridiomycota;Chytridiomycetes;Cladochytriales;Cladochytriaceae;Cladochytrium	0	0	0	0	0			0	0	0	0
F109889	Lobulomyces angularis	ingroup	Chytridiomycota;Chytridiomycetes;Lobulomycetales;Lobulomycetaceae;Lobulomyces	0	0	0	0	0			0	0	0	0
F110093	Polychytrium aggregatum	ingroup	Chytridiomycota;Chytridiomycetes;Polychytriales;Polychytrium	0	0	0	0	0			0	0	0	0
F2735257	Borealophlyctis nickersoniae	ingroup	Chytridiomycota;Chytridiomycetes;Rhizophlyctidales;Borealophlyctidaceae;Borealophlyctis	0	0	0	0	0			0	0	0	0
F64517	Rhizophlyctis rosea	ingroup	Chytridiomycota;Chytridiomycetes;Rhizophlyctidales;Rhizophlyctidaceae;Rhizophlyctis	0	0	0	0	0			0	0	0	0
F382532	Globomyces pollinis-pini	ingroup	Chytridiomycota;Chytridiomycetes;Rhizophydiales;Globomycetaceae;Globomyces	0	0	0	0	0			0	0	0	0
F1396493	Fimicolochytrium jonesii	ingroup	Chytridiomycota;Chytridiomycetes;Spizellomycetales;Powellomycetaceae;Fimicolochytrium	0	0	0	0	0			0	0	0	0
F109760	Spizellomyces punctatus	ingroup	Chytridiomycota;Chytridiomycetes;Spizellomycetales;Spizellomycetaceae;Spizellomyces	8	8	0	2	6	1.0	1.0	8	8	1	1
F1806994	Synchytrium microbalum	ingroup	Chytridiomycota;Chytridiomycetes;Synchytriales;Synchytriaceae;Synchytrium	8	8	0	3	5	1.0	1.0	8	8	1	1
F34488	Conidiobolus coronatus	ingroup	Entomophthoromycota;Entomophthoromycetes;Entomophthorales;Conidiobolaceae;Conidiobolus	7	7	0	3	4	1.0	1.0	7	7	1	1
F34485	Entomophthora muscae	ingroup	Entomophthoromycota;Entomophthoromycetes;Entomophthorales;Entomophthoraceae;Entomophthora	0	0	0	0	0			0	0	0	0
F348617	Massospora cicadina	ingroup	Entomophthoromycota;Entomophthoromycetes;Entomophthorales;Entomophthoraceae;Massospora	0	0	0	0	0			0	0	0	0
F76012	Neoconidiobolus thromboides	ingroup	Entomophthoromycota;Entomophthoromycetes;Entomophthorales;Neoconidiobolaceae;Neoconidiobolus	0	0	0	0	0			0	0	0	0
F144530	Ambispora gerdemannii	ingroup	Glomeromycota;Glomeromycetes;Archaeosporales;Ambisporaceae;Ambispora	8	8	0	2	6	1.0	1.0	8	8	1	1
F144679	Ambispora leptoticha	ingroup	Glomeromycota;Glomeromycetes;Archaeosporales;Ambisporaceae;Ambispora	8	8	0	1	7	1.0	1.0	8	8	1	1
F50956	Geosiphon pyriformis	ingroup	Glomeromycota;Glomeromycetes;Archaeosporales;Geosiphonaceae;Geosiphon	0	0	0	0	0			0	0	0	0
F27376	Acaulospora colombiana	ingroup	Glomeromycota;Glomeromycetes;Diversisporales;Acaulosporaceae;Acaulospora	0	0	0	0	0			0	0	0	0
F1348612	Diversispora epigaea	ingroup	Glomeromycota;Glomeromycetes;Diversisporales;Diversisporaceae;Diversispora	8	8	0	0	8	1.0	1.0	8	8	1	1
F4874	Gigaspora margarita	ingroup	Glomeromycota;Glomeromycetes;Diversisporales;Gigasporaceae;Gigaspora	7	7	0	2	5	1.0	1.0	7	7	1	1
F2562287	Entrophospora sp. SA101	ingroup	Glomeromycota;Glomeromycetes;Entrophosporales;Entrophosporaceae;Entrophospora	0	0	0	0	0			0	0	0	0
F1117311	Funneliformis geosporum	ingroup	Glomeromycota;Glomeromycetes;Glomerales;Glomeraceae;Funneliformis	8	7	1	1	6	0.875	0.8571428571428571	8	7	1	1
F658196	Glomus cerebriforme	ingroup	Glomeromycota;Glomeromycetes;Glomerales;Glomeraceae;Glomus	6	5	1	0	5	0.8333333333333334	0.8333333333333334	6	5	1	1
F588596	Rhizophagus irregularis	ingroup	Glomeromycota;Glomeromycetes;Glomerales;Glomeraceae;Rhizophagus	6	6	0	1	5	1.0	1.0	6	6	1	1
F144538	Paraglomus brasilianum	ingroup	Glomeromycota;Glomeromycetes;Paraglomerales;Paraglomeraceae;Paraglomus	8	8	0	3	5	1.0	1.0	8	8	1	1
F144539	Paraglomus occultum	ingroup	Glomeromycota;Glomeromycetes;Paraglomerales;Paraglomeraceae;Paraglomus	8	8	0	3	5	1.0	1.0	8	8	1	1
F215637	Dimargaris cristalligena	ingroup	Kickxellomycota;Dimargaritomycetes;Dimargaritales;Dimargaritaceae;Dimargaris	8	8	0	1	7	1.0	1.0	8	8	1	1
F1520584	Dispira parvispora	ingroup	Kickxellomycota;Dimargaritomycetes;Dimargaritales;Dimargaritaceae;Dispira	8	7	1	2	5	0.875	0.8333333333333334	8	7	1	1
F78921	Tieghemiomyces parasiticus	ingroup	Kickxellomycota;Dimargaritomycetes;Dimargaritales;Dimargaritaceae;Tieghemiomyces	6	6	0	1	5	1.0	1.0	6	6	1	1
F61424	Furculomyces boomerangus	ingroup	Kickxellomycota;Harpellomycetes;Harpellales;Harpellaceae;Furculomyces	7	7	0	1	6	1.0	1.0	7	7	1	1
F133377	Smittium angustum	ingroup	Kickxellomycota;Harpellomycetes;Harpellales;Legeriomycetaceae;Smittium	10	10	0	3	7	1.0	1.0	10	10	1	1
F133385	Smittium simulii	ingroup	Kickxellomycota;Harpellomycetes;Harpellales;Legeriomycetaceae;Smittium	8	8	0	3	5	1.0	1.0	8	8	1	1
F1213189	Zancudomyces culisetae	ingroup	Kickxellomycota;Harpellomycetes;Harpellales;Legeriomycetaceae;Zancudomyces	8	8	0	2	6	1.0	1.0	8	8	1	1
F2650707	Coemansia brasiliensis	ingroup	Kickxellomycota;Kickxellomycetes;Kickxellales;Kickxellaceae;Coemansia	8	7	1	4	3	0.875	0.75	8	7	1	1
F4866	Dipsacomyces acuminosporus	ingroup	Kickxellomycota;Kickxellomycetes;Kickxellales;Kickxellaceae;Dipsacomyces	0	0	0	0	0			0	0	0	0
F61397	Kickxella alabastrina	ingroup	Kickxellomycota;Kickxellomycetes;Kickxellales;Kickxellaceae;Kickxella	0	0	0	0	0			0	0	0	0
F61395	Linderina pennispora	ingroup	Kickxellomycota;Kickxellomycetes;Kickxellales;Kickxellaceae;Linderina	6	6	0	1	5	1.0	1.0	6	6	1	1
F304332	Ramicandelaber brevisporus	ingroup	Kickxellomycota;Ramicandelaberales;Ramicandelaberaceae;Ramicandelaber	0	0	0	0	0			0	0	0	0
F164912	Astathelohania contejeani	ingroup	Microsporidia;Astathelohaniidae;Astathelohania	0	0	0	0	0			0	0	0	0
F70536	Edhazardia aedis	ingroup	Microsporidia;Culicosporidae;Edhazardia	6	6	0	5	1	1.0	1.0	6	6	1	1
F6035	Encephalitozoon cuniculi	ingroup	Microsporidia;Unikaryonidae;Encephalitozoon	6	6	0	1	5	1.0	1.0	6	6	1	1
F174680	Glugoides intestinalis	ingroup	Microsporidia;Glugeidae;Glugoides	0	0	0	0	0			0	0	0	0
F174688	Gurleya vavrai	ingroup	Microsporidia;Gurleyidae;Gurleya	0	0	0	0	0			0	0	0	0
F1176355	Hamiltosporidium tvaerminnensis	ingroup	Microsporidia;Dubosqiidae;Hamiltosporidium	8	8	0	3	5	1.0	1.0	8	8	1	1
F1081669	Hepatospora eriocheir	ingroup	Microsporidia;Hepatosporidae;Hepatospora	8	8	0	5	3	1.0	1.0	8	8	1	1
F1300064	Nucleospora cyclopteri	ingroup	Microsporidia;Enterocytozoonidae;Nucleospora	0	0	0	0	0			0	0	0	0
F3039483	Ordospora pajunii	ingroup	Microsporidia;Ordosporidae;Ordospora	0	0	0	0	0			0	0	0	0
F291195	Tubulinosema ratisbonensis	ingroup	Microsporidia;Tubulinosematidae;Tubulinosema	8	8	0	3	5	1.0	1.0	8	8	1	1
F6039	Vairimorpha necatrix	ingroup	Microsporidia;Nosematidae;Vairimorpha	6	6	0	3	3	1.0	1.0	6	6	1	1
F103449	Vavraia culicis	ingroup	Microsporidia;Pleistophoridae;Vavraia	8	8	0	2	6	1.0	1.0	8	8	1	1
F82268	Hyaloraphidium curvatum	ingroup	Monoblepharomycota;Hyaloraphidiomycetes;Hyaloraphidiales;Hyaloraphidiaceae;Hyaloraphidium	0	0	0	0	0			0	0	0	0
F1123529	Gonapodya prolifera	ingroup	Monoblepharomycota;Monoblepharidomycetes;Monoblepharidales;Gonapodyaceae;Gonapodya	8	8	0	2	6	1.0	1.0	8	8	1	1
F2725673	Gonapodya sp. JEL0774	ingroup	Monoblepharomycota;Monoblepharidomycetes;Monoblepharidales;Gonapodyaceae;Gonapodya	0	0	0	0	0			0	0	0	0
F1343610	Actinomortierella ambigua	ingroup	Mortierellomycota;Mortierellomycetes;Mortierellales;Mortierellaceae;Actinomortierella	8	8	0	2	6	1.0	1.0	8	8	1	1
F979620	Dissophora ornata	ingroup	Mortierellomycota;Mortierellomycetes;Mortierellales;Mortierellaceae;Dissophora	0	0	0	0	0			0	0	0	0
F101097	Entomortierella chlamydospora	ingroup	Mortierellomycota;Mortierellomycetes;Mortierellales;Mortierellaceae;Entomortierella	8	8	0	3	5	1.0	1.0	8	8	1	1
F101098	Gamsiella multidivaricata	ingroup	Mortierellomycota;Mortierellomycetes;Mortierellales;Mortierellaceae;Gamsiella	0	0	0	0	0			0	0	0	0
F979690	Gryganskiella cystojenkinii	ingroup	Mortierellomycota;Mortierellomycetes;Mortierellales;Mortierellaceae;Gryganskiella	0	0	0	0	0			0	0	0	0
F1897645	Haplosporangium bisporale	ingroup	Mortierellomycota;Mortierellomycetes;Mortierellales;Mortierellaceae;Haplosporangium	0	0	0	0	0			0	0	0	0
F604196	Linnemannia exigua	ingroup	Mortierellomycota;Mortierellomycetes;Mortierellales;Mortierellaceae;Linnemannia	6	6	0	2	4	1.0	1.0	6	6	1	1
F64571	Lobosporangium transversale	ingroup	Mortierellomycota;Mortierellomycetes;Mortierellales;Mortierellaceae;Lobosporangium	6	6	0	0	6	1.0	1.0	6	6	1	1
F979761	Lunasporangiospora selenospora	ingroup	Mortierellomycota;Mortierellomycetes;Mortierellales;Mortierellaceae;Lunasporangiospora	6	6	0	2	4	1.0	1.0	6	6	1	1
F1440133	Modicella reniformis	ingroup	Mortierellomycota;Mortierellomycetes;Mortierellales;Mortierellaceae;Modicella	8	8	0	2	6	1.0	1.0	8	8	1	1
F1343614	Mortierella claussenii	ingroup	Mortierellomycota;Mortierellomycetes;Mortierellales;Mortierellaceae;Mortierella	0	0	0	0	0			0	0	0	0
F64525	Podila minutissima	ingroup	Mortierellomycota;Mortierellomycetes;Mortierellales;Mortierellaceae;Podila	6	6	0	1	5	1.0	1.0	6	6	1	1
F1938954	Bifiguratus adelaidae	ingroup	Mucoromycota;Endogonomycetes;Endogonales;Bifiguratus	8	8	0	3	5	1.0	1.0	8	8	1	1
F2340872	Endogone sp. FLAS-F59071	ingroup	Mucoromycota;Endogonomycetes;Endogonales;Endogonaceae;Endogone	0	0	0	0	0			0	0	0	0
F994334	Jimgerdemannia flammicorona	ingroup	Mucoromycota;Endogonomycetes;Endogonales;Endogonaceae;Jimgerdemannia	6	6	0	3	3	1.0	1.0	6	6	1	1
F708070	Mucor velutinosus	ingroup	Mucoromycota;Mucoromycetes;Mucorales;Mucoraceae;Mucor	6	6	0	1	5	1.0	1.0	6	6	1	1
F64632	Mycotypha africana	ingroup	Mucoromycota;Mucoromycetes;Mucorales;Mycotyphaceae;Mycotypha	0	0	0	0	0			0	0	0	0
F4837	Phycomyces blakesleeanus	ingroup	Mucoromycota;Mucoromycetes;Mucorales;Phycomycetaceae;Phycomyces	7	7	0	4	3	1.0	1.0	7	7	1	1
F4840	Rhizomucor pusillus	ingroup	Mucoromycota;Mucoromycetes;Mucorales;Lichtheimiaceae;Rhizomucor	0	0	0	0	0			0	0	0	0
F58291	Rhizopus microsporus	ingroup	Mucoromycota;Mucoromycetes;Mucorales;Rhizopodaceae;Rhizopus	6	5	1	1	4	0.8333333333333334	0.8	6	5	1	1
F91625	Umbelopsis isabellina	ingroup	Mucoromycota;Umbelopsidomycetes;Umbelopsidales;Umbelopsidaceae;Umbelopsis	6	6	0	1	5	1.0	1.0	6	6	1	1
F64526	Umbelopsis nana	ingroup	Mucoromycota;Umbelopsidomycetes;Umbelopsidales;Umbelopsidaceae;Umbelopsis	0	0	0	0	0			0	0	0	0
F41833	Umbelopsis ramanniana	ingroup	Mucoromycota;Umbelopsidomycetes;Umbelopsidales;Umbelopsidaceae;Umbelopsis	7	7	0	2	5	1.0	1.0	7	7	1	1
F44442	Umbelopsis vinacea	ingroup	Mucoromycota;Umbelopsidomycetes;Umbelopsidales;Umbelopsidaceae;Umbelopsis	0	0	0	0	0			0	0	0	0
F1754192	Anaeromyces robustus	ingroup	Neocallimastigomycota;Neocallimastigomycetes;Neocallimastigales;Neocallimastigaceae;Anaeromyces	8	8	0	0	8	1.0	1.0	8	8	1	1
F1754190	Neocallimastix californiae	ingroup	Neocallimastigomycota;Neocallimastigomycetes;Neocallimastigales;Neocallimastigaceae;Neocallimastix	0	0	0	0	0			0	0	0	0
F2767002	Neocallimastix lanati (nom. inval.)	ingroup	Neocallimastigomycota;Neocallimastigomycetes;Neocallimastigales;Neocallimastigaceae;Neocallimastix	0	0	0	0	0			0	0	0	0
F3108450	Neocallimastix sp. 'constans'	ingroup	Neocallimastigomycota;Neocallimastigomycetes;Neocallimastigales;Neocallimastigaceae;Neocallimastix	0	0	0	0	0			0	0	0	0
F1754191	Piromyces finnis	ingroup	Neocallimastigomycota;Neocallimastigomycetes;Neocallimastigales;Neocallimastigaceae;Piromyces	8	8	0	2	6	1.0	1.0	8	8	1	1
F73868	Piromyces sp. E2	ingroup	Neocallimastigomycota;Neocallimastigomycetes;Neocallimastigales;Neocallimastigaceae;Piromyces	0	0	0	0	0			0	0	0	0
F278681	Olpidium bornovanus	ingroup	Olpidiomycota;Olpidiomycetes;Olpidiales;Olpidiaceae;Olpidium	8	8	0	6	2	1.0	1.0	8	8	1	1
F1246581	Paramicrosporidium saccamoebae	ingroup	Rozellomycota;Paramicrosporidium	8	8	0	4	4	1.0	1.0	8	8	1	1
F281847	Rozella allomycis	ingroup	Rozellomycota;Rozella	8	8	0	4	4	1.0	1.0	8	8	1	1
F1907219	Piptocephalis cylindrospora	ingroup	Zoopagomycota;Zoopagomycetes;Zoopagales;Piptocephalidaceae;Piptocephalis	8	7	1	1	6	0.875	0.8571428571428571	8	7	1	1
F1286916	Piptocephalis tieghemiana	ingroup	Zoopagomycota;Zoopagomycetes;Zoopagales;Piptocephalidaceae;Piptocephalis	0	0	0	0	0			0	0	0	0
F1851187	Syncephalis fuscata	ingroup	Zoopagomycota;Zoopagomycetes;Zoopagales;Piptocephalidaceae;Syncephalis	0	0	0	0	0			0	0	0	0
F1851185	Syncephalis plumigaleata	ingroup	Zoopagomycota;Zoopagomycetes;Zoopagales;Piptocephalidaceae;Syncephalis	0	0	0	0	0			0	0	0	0
F1712513	Syncephalis pseudoplumigaleata	ingroup	Zoopagomycota;Zoopagomycetes;Zoopagales;Piptocephalidaceae;Syncephalis	8	8	0	4	4	1.0	1.0	8	8	1	1
F78915	Thamnocephalis sphaerospora	ingroup	Zoopagomycota;Zoopagomycetes;Zoopagales;Sigmoideomycetaceae;Thamnocephalis	6	6	0	3	3	1.0	1.0	6	6	1	1
F2109901	Amoeboradix gromovi	ingroup	Sanchytriomycota	0	0	0	0	0			0	0	0	0
F2020955	Sanchytrium tribonematis	ingroup	Sanchytriomycota	0	0	0	0	0			0	0	0	0
O691883	Fonticula alba	outgroup	Nucleariida	6	6	0	2	4	1.0	1.0	6	6	1	1
O81824	Monosiga brevicollis	outgroup	Choanoflagellatea	6	6	0	2	4	1.0	1.0	6	6	1	1
O946362	Salpingoeca rosetta	outgroup	Choanoflagellatea	6	5	1	4	1	0.8333333333333334	0.5	6	5	1	1
O192875	Capsaspora owczarzaki	outgroup	Filasterea	6	5	1	1	4	0.8333333333333334	0.8	6	5	1	1
O72019	Sphaeroforma arctica	outgroup	Ichthyosporea	6	6	0	1	5	1.0	1.0	6	6	1	1
O529818	Thecamonas trahens	outgroup	Apusomonadida	6	6	0	0	6	1.0	1.0	6	6	1	1
O5755	Acanthamoeba castellanii	outgroup	Amoebozoa	6	6	0	3	3	1.0	1.0	6	6	1	1
O44689	Dictyostelium discoideum	outgroup	Amoebozoa	6	6	0	2	4	1.0	1.0	6	6	1	1
O5786	Dictyostelium purpureum	outgroup	Amoebozoa	6	6	0	2	4	1.0	1.0	6	6	1	1
O133409	Polysphondylium violaceum	outgroup	Amoebozoa	6	5	1	1	4	0.8333333333333334	0.8	6	5	1	1
O1890364	Planoprotostelium fungivorum	outgroup	Amoebozoa	6	6	0	0	6	1.0	1.0	6	6	1	1
O400682	Amphimedon queenslandica	outgroup	Metazoa;Porifera	6	6	0	3	3	1.0	1.0	6	6	1	1
O45351	Nematostella vectensis	outgroup	Metazoa;Cnidaria	6	6	0	2	4	1.0	1.0	6	6	1	1
O10228	Trichoplax adhaerens	outgroup	Metazoa;Placozoa	6	5	1	1	4	0.8333333333333334	0.8	6	5	1	1
O27923	Mnemiopsis leidyi	outgroup	Metazoa;Ctenophora	0	0	0	0	0			0	0	0	0
O7227	Drosophila melanogaster	outgroup	Metazoa;Arthropoda	6	6	0	2	4	1.0	1.0	6	6	1	1
O6239	Caenorhabditis elegans	outgroup	Metazoa;Nematoda	6	6	0	0	6	1.0	1.0	6	6	1	1
O283909	Capitella teleta	outgroup	Metazoa;Annelida	6	6	0	0	6	1.0	1.0	6	6	1	1
O225164	Lottia gigantea	outgroup	Metazoa;Mollusca	6	5	1	1	4	0.8333333333333334	0.8	6	5	1	1
O2700040	Branchiostoma floridae	outgroup	Metazoa;Chordata	0	0	0	0	0			0	0	0	0
OFS5426470	Corallochytrium limacisporum	outgroup	Corallochytrea	0	0	0	0	0			0	0	0	0
OFS5426494	Chromosphaera perkinsii	outgroup	Ichthyosporea	0	0	0	0	0			0	0	0	0
OFS5426506	Pirum gemmata	outgroup	Ichthyosporea	0	0	0	0	0			0	0	0	0
OFS5426458	Abeoforma whisleri	outgroup	Ichthyosporea	0	0	0	0	0			0	0	0	0
OFS1403592	Creolimax fragrantissima	outgroup	Ichthyosporea	0	0	0	0	0			0	0	0	0
