species_tree_node	event_type	reported_events
F1004511	Terminal	691
F1005962	Terminal	118
F1006475	Terminal	860
F100910	Terminal	1170
F101028	Terminal	35
F101097	Terminal	826
F101098	Terminal	735
F101201	Terminal	101
F1031713	Terminal	2174
F103449	Terminal	297
F1042133	Terminal	152
F1042397	Terminal	61
F104341	Terminal	2806
F104355	Terminal	1297
F104408	Terminal	131
F104669	Terminal	363
F1048519	Terminal	221
F1048829	Terminal	224
F1048955	Terminal	655
F1052096	Terminal	309
F1055551	Terminal	745
F105984	Terminal	624
F106004	Terminal	1165
F1069201	Terminal	634
F1080349	Terminal	27
F1081669	Terminal	448
F1093897	Terminal	157
F1093900	Terminal	562
F1095194	Terminal	125
F109760	Terminal	352
F109876	Terminal	2254
F109889	Terminal	1286
F109899	Terminal	4590
F109932	Terminal	2120
F1099800	Terminal	80
F110093	Terminal	1875
F1116844	Terminal	205
F1117311	Terminal	5440
F112072	Terminal	1701
F1123529	Terminal	2260
F112417	Terminal	8254
F1125753	Terminal	214
F1130053	Terminal	427
F113071	Terminal	7476
F1141098	Terminal	239
F114524	Terminal	88
F114525	Terminal	112
F1145299	Terminal	148
F1145321	Terminal	154
F116603	Terminal	2011
F116794	Terminal	274
F116821	Terminal	477
F116982	Terminal	279
F117179	Terminal	655
F117187	Terminal	138
F1174673	Terminal	1114
F1176130	Terminal	462
F1176355	Terminal	1337
F120017	Terminal	1037
F1209916	Terminal	55
F1209934	Terminal	160
F1213189	Terminal	2156
F1214568	Terminal	435
F121624	Terminal	606
F1217826	Terminal	102
F1220207	Terminal	354
F122368	Terminal	727
F1230402	Terminal	1424
F1243177	Terminal	5813
F1246581	Terminal	377
F1269715	Terminal	598
F1276059	Terminal	1151
F1280837	Terminal	589
F1286916	Terminal	220
F129515	Terminal	218
F1300064	Terminal	479
F1314805	Terminal	1975
F1323573	Terminal	929
F1328300	Terminal	237
F13290	Terminal	290
F13291	Terminal	361
F1331295	Terminal	9018
F133377	Terminal	959
F133385	Terminal	1506
F1341166	Terminal	411
F1343610	Terminal	1441
F1343614	Terminal	354
F1348612	Terminal	15532
F13502	Terminal	128
F135208	Terminal	2465
F135589	Terminal	2269
F136370	Terminal	833
F139363	Terminal	8157
F1396493	Terminal	883
F1397036	Terminal	140
F1419009	Terminal	2758
F1424756	Terminal	289
F143232	Terminal	1247
F1440133	Terminal	1622
F144530	Terminal	1999
F144538	Terminal	1310
F144539	Terminal	1305
F144679	Terminal	2132
F1453789	Terminal	272
F1453791	Terminal	70
F145971	Terminal	454
F1463510	Terminal	191
F147570	Terminal	831
F147573	Terminal	555
F148304	Terminal	307
F148305	Terminal	517
F148313	Terminal	249
F1498855	Terminal	1123
F1500003	Terminal	2163
F1504668	Terminal	390
F1506992	Terminal	1792
F1507870	Terminal	8312
F1507873	Terminal	227
F150792	Terminal	5528
F1520584	Terminal	755
F1522189	Terminal	97
F152956	Terminal	4020
F1540922	Terminal	92
F1542792	Terminal	202
F1555241	Terminal	324
F156515	Terminal	7644
F1569628	Terminal	236
F157183	Terminal	306
F158046	Terminal	64
F1590129	Terminal	246
F1604274	Terminal	4476
F162425	Terminal	196
F164576	Terminal	209
F164912	Terminal	635
F1658444	Terminal	298
F1670608	Terminal	135
F1671311	Terminal	272
F1673888	Terminal	123
F1682393	Terminal	2063
F1684307	Terminal	167
F1690604	Terminal	171
F1690608	Terminal	370
F169141	Terminal	1011
F170000	Terminal	10456
F170446	Terminal	17742
F1708541	Terminal	75
F1708542	Terminal	67
F1712513	Terminal	599
F173216	Terminal	27
F1738374	Terminal	38
F174425	Terminal	162
F174680	Terminal	572
F174688	Terminal	988
F1750568	Terminal	6585
F1754190	Terminal	861
F1754191	Terminal	1569
F1754192	Terminal	2329
F1759441	Terminal	14827
F177197	Terminal	359
F177199	Terminal	48
F1774096	Terminal	1275
F1806994	Terminal	524
F1810926	Terminal	205
F1810928	Terminal	152
F181123	Terminal	123597
F1814901	Terminal	370
F182096	Terminal	642
F1825666	Terminal	2352
F183962	Terminal	635
F1851185	Terminal	885
F1851187	Terminal	1283
F1858805	Terminal	996
F1859096	Terminal	11
F1859121	Terminal	47
F1859122	Terminal	59
F1882483	Terminal	149
F1890679	Terminal	174
F1897645	Terminal	1175
F1904413	Terminal	2827
F1907219	Terminal	211
F1912936	Terminal	2053
F1912939	Terminal	3582
F1938712	Terminal	6288
F1938954	Terminal	408
F1940652	Terminal	317
F195108	Terminal	302
F199306	Terminal	191
F2019550	Terminal	1113
F2020955	Terminal	1603
F2020962	Terminal	34
F2024903	Terminal	29
F202697	Terminal	4127
F202698	Terminal	2196
F2034170	Terminal	28
F203533	Terminal	4058
F2035830	Terminal	1329
F203908	Terminal	6949
F2082308	Terminal	61
F208348	Terminal	3672
F208960	Terminal	2108
F209136	Terminal	392
F209281	Terminal	687
F2109901	Terminal	694
F215250	Terminal	345
F215637	Terminal	806
F223192	Terminal	88
F223376	Terminal	100
F223409	Terminal	47
F223818	Terminal	75
F226899	Terminal	109
F2268995	Terminal	509
F2282107	Terminal	1388
F2283408	Terminal	227
F230603	Terminal	69
F231932	Terminal	3722
F2340872	Terminal	907
F235537	Terminal	1910
F236234	Terminal	293
F241526	Terminal	17
F245174	Terminal	103
F2486360	Terminal	297
F253628	Terminal	171
F2545709	Terminal	261
F2562287	Terminal	3540
F257869	Terminal	242
F2600213	Terminal	728
F2600215	Terminal	791
F2600216	Terminal	679
F2601811	Terminal	186
F2606893	Terminal	873
F2609844	Terminal	195
F263815	Terminal	61
F264124	Terminal	5194
F264483	Terminal	229
F2650707	Terminal	384
F265104	Terminal	567
F2656787	Terminal	172
F269621	Terminal	808
F2704026	Terminal	249
F2725673	Terminal	993
F27291	Terminal	66
F27292	Terminal	247
F2732470	Terminal	445
F273283	Terminal	102
F27342	Terminal	4940
F2735257	Terminal	1591
F27376	Terminal	1415
F2748771	Terminal	11262
F2754530	Terminal	513
F2767002	Terminal	3358
F2778381	Terminal	223
F2781224	Terminal	45
F278681	Terminal	877
F279322	Terminal	213
F2796175	Terminal	351
F280036	Terminal	92
F2813651	Terminal	633
F281847	Terminal	544
F2829486	Terminal	4096
F2831993	Terminal	2582
F2834505	Terminal	698
F28583	Terminal	7342
F2871812	Terminal	86
F2878321	Terminal	122
F288795	Terminal	120
F289078	Terminal	2027
F291195	Terminal	596
F2918522	Terminal	76
F293227	Terminal	313
F2939399	Terminal	159
F2939400	Terminal	141
F2939403	Terminal	176
F2939404	Terminal	125
F2939405	Terminal	174
F2939406	Terminal	276
F2939408	Terminal	92
F2977754	Terminal	273
F29833	Terminal	112
F29883	Terminal	4501
F29889	Terminal	1814
F29898	Terminal	254
F29899	Terminal	357
F29902	Terminal	1359
F29908	Terminal	126
F3038894	Terminal	1488
F3039483	Terminal	18
F304332	Terminal	2519
F3058885	Terminal	219
F3060298	Terminal	317
F3075319	Terminal	1812
F3108450	Terminal	1242
F315204	Terminal	782
F318760	Terminal	348
F318763	Terminal	2096
F318774	Terminal	1347
F326681	Terminal	234
F326684	Terminal	334
F332112	Terminal	150
F3342545	Terminal	743
F3384825	Terminal	249
F339359	Terminal	168
F342668	Terminal	225
F34349	Terminal	497
F34406	Terminal	413
F34480	Terminal	4279
F34485	Terminal	26719
F34488	Terminal	3871
F348617	Terminal	687
F36035	Terminal	214
F36050	Terminal	1040
F364730	Terminal	141
F364733	Terminal	308
F36779	Terminal	751
F370292	Terminal	2537
F37769	Terminal	68
F378194	Terminal	3889
F382532	Terminal	2890
F383834	Terminal	675
F38799	Terminal	1653
F390894	Terminal	314
F393283	Terminal	457
F39416	Terminal	207
F398673	Terminal	84
F400354	Terminal	107
F401625	Terminal	187
F40410	Terminal	121
F40492	Terminal	2766
F40559	Terminal	302
F41759	Terminal	343
F41833	Terminal	396
F418498	Terminal	2377
F41956	Terminal	5773
F41990	Terminal	290
F42068	Terminal	175
F423460	Terminal	3973
F42374	Terminal	114
F43433	Terminal	762
F43959	Terminal	457
F44089	Terminal	106
F443868	Terminal	116
F44442	Terminal	288
F44565	Terminal	516
F45228	Terminal	807
F456999	Terminal	3497
F460848	Terminal	265
F460854	Terminal	337
F462254	Terminal	548
F467971	Terminal	829
F470096	Terminal	352
F474922	Terminal	293
F4754	Terminal	105
F48021	Terminal	3576
F4808	Terminal	2299
F48095	Terminal	127
F4837	Terminal	6047
F4840	Terminal	1356
F48563	Terminal	1882
F48565	Terminal	4522
F48578	Terminal	3682
F48586	Terminal	2911
F48587	Terminal	2020
F48593	Terminal	1879
F4866	Terminal	642
F48691	Terminal	293
F4874	Terminal	12023
F4896	Terminal	185
F4897	Terminal	207
F4903	Terminal	369
F4909	Terminal	167
F4918	Terminal	207
F4927	Terminal	471
F4932	Terminal	169
F500713	Terminal	117
F5011	Terminal	100
F5022	Terminal	120
F50376	Terminal	356
F5059	Terminal	147
F5062	Terminal	286
F50956	Terminal	15110
F50990	Terminal	5390
F5101	Terminal	117
F5116	Terminal	402
F5127	Terminal	132
F5128	Terminal	77
F5147	Terminal	731
F51930	Terminal	131
F5207	Terminal	138
F5208	Terminal	181
F5210	Terminal	721
F5219	Terminal	9701
F5281	Terminal	103
F5286	Terminal	637
F52883	Terminal	935
F5364	Terminal	1160
F5365	Terminal	3007
F5414	Terminal	668
F54195	Terminal	556
F5454	Terminal	332
F5476	Terminal	116
F5479	Terminal	323
F5482	Terminal	275
F5486	Terminal	4497
F549676	Terminal	85
F5507	Terminal	609
F5518	Terminal	71
F552467	Terminal	59
F5544	Terminal	170
F5570	Terminal	1453
F5580	Terminal	560
F560253	Terminal	608
F5606	Terminal	176
F5619	Terminal	338
F5630	Terminal	2653
F563466	Terminal	191
F56409	Terminal	176
F56493	Terminal	3938
F574656	Terminal	273
F574677	Terminal	332
F574774	Terminal	253
F574789	Terminal	746
F578093	Terminal	89
F58291	Terminal	1163
F58853	Terminal	184
F588596	Terminal	13411
F58919	Terminal	62
F599730	Terminal	610
F599839	Terminal	1184
F60197	Terminal	3776
F6035	Terminal	160
F6039	Terminal	932
F604196	Terminal	1379
F610337	Terminal	404
F61273	Terminal	108
F61395	Terminal	1668
F61397	Terminal	791
F61424	Terminal	956
F63146	Terminal	1433
F63378	Terminal	451
F63402	Terminal	244
F63577	Terminal	353
F64504	Terminal	189
F64505	Terminal	951
F64508	Terminal	1336
F64517	Terminal	1825
F64525	Terminal	647
F64526	Terminal	270
F64571	Terminal	1338
F64632	Terminal	887
F65468	Terminal	48
F655981	Terminal	846
F65672	Terminal	1557
F658196	Terminal	6298
F669869	Terminal	1612
F67723	Terminal	1146
F68786	Terminal	18820
F69979	Terminal	1159
F703497	Terminal	649
F703506	Terminal	248
F703511	Terminal	323
F70536	Terminal	590
F705562	Terminal	146
F706196	Terminal	7
F708070	Terminal	2485
F710243	Terminal	69
F71933	Terminal	5523
F72144	Terminal	29
F73868	Terminal	3043
F741139	Terminal	572
F746128	Terminal	195
F76012	Terminal	1808
F76775	Terminal	42
F76777	Terminal	26
F77020	Terminal	39
F78915	Terminal	1023
F78921	Terminal	5377
F796027	Terminal	285
F796604	Terminal	3739
F80663	Terminal	4944
F80884	Terminal	177
F82268	Terminal	3945
F82508	Terminal	677
F84751	Terminal	199
F84753	Terminal	97
F87287	Terminal	106
F87326	Terminal	4278
F89243	Terminal	3453
F89922	Terminal	265
F90408	Terminal	381
F911321	Terminal	2977
F91480	Terminal	258
F91625	Terminal	288
F91930	Terminal	359
F92988	Terminal	503
F933333	Terminal	595
F945690	Terminal	692
F97331	Terminal	167
F979620	Terminal	995
F979690	Terminal	1311
F979761	Terminal	709
F984962	Terminal	2540
F994334	Terminal	1812
N0	Non-Terminal	32370
N1	Non-Terminal	2745
N10	Non-Terminal	1148
N100	Non-Terminal	447
N101	Non-Terminal	22
N102	Non-Terminal	303
N103	Non-Terminal	317
N104	Non-Terminal	212
N105	Non-Terminal	15
N106	Non-Terminal	38
N107	Non-Terminal	2600
N108	Non-Terminal	5
N109	Non-Terminal	1
N11	Non-Terminal	63
N110	Non-Terminal	1603
N111	Non-Terminal	1140
N112	Non-Terminal	198
N113	Non-Terminal	371
N114	Non-Terminal	148
N115	Non-Terminal	503
N116	Non-Terminal	1
N117	Non-Terminal	3
N118	Non-Terminal	7
N119	Non-Terminal	535
N12	Non-Terminal	2559
N120	Non-Terminal	304
N121	Non-Terminal	30
N122	Non-Terminal	136
N123	Non-Terminal	6
N124	Non-Terminal	213
N125	Non-Terminal	24
N126	Non-Terminal	45
N127	Non-Terminal	19
N128	Non-Terminal	101
N129	Non-Terminal	815
N13	Non-Terminal	77
N130	Non-Terminal	410
N131	Non-Terminal	136
N132	Non-Terminal	1
N133	Non-Terminal	19
N134	Non-Terminal	711
N135	Non-Terminal	1502
N136	Non-Terminal	418
N137	Non-Terminal	703
N138	Non-Terminal	25
N139	Non-Terminal	747
N14	Non-Terminal	216
N140	Non-Terminal	119
N141	Non-Terminal	45
N142	Non-Terminal	67
N143	Non-Terminal	1399
N144	Non-Terminal	82
N145	Non-Terminal	167
N146	Non-Terminal	11
N147	Non-Terminal	84
N148	Non-Terminal	54
N149	Non-Terminal	51
N15	Non-Terminal	15
N150	Non-Terminal	504
N151	Non-Terminal	804
N152	Non-Terminal	14
N153	Non-Terminal	22
N154	Non-Terminal	91
N155	Non-Terminal	73
N156	Non-Terminal	16456
N157	Non-Terminal	79
N158	Non-Terminal	386
N159	Non-Terminal	186
N16	Non-Terminal	1
N160	Non-Terminal	27
N161	Non-Terminal	7
N162	Non-Terminal	734
N163	Non-Terminal	81
N164	Non-Terminal	1345
N165	Non-Terminal	260
N166	Non-Terminal	541
N167	Non-Terminal	306
N168	Non-Terminal	592
N169	Non-Terminal	1103
N17	Non-Terminal	299
N170	Non-Terminal	954
N171	Non-Terminal	4513
N172	Non-Terminal	1236
N173	Non-Terminal	180
N174	Non-Terminal	88
N175	Non-Terminal	23
N176	Non-Terminal	73
N177	Non-Terminal	636
N178	Non-Terminal	30
N179	Non-Terminal	97
N18	Non-Terminal	98
N180	Non-Terminal	33
N181	Non-Terminal	2
N182	Non-Terminal	18
N183	Non-Terminal	105
N184	Non-Terminal	205
N185	Non-Terminal	171
N186	Non-Terminal	430
N187	Non-Terminal	1
N188	Non-Terminal	7
N189	Non-Terminal	116
N19	Non-Terminal	249
N190	Non-Terminal	432
N191	Non-Terminal	35
N192	Non-Terminal	2553
N193	Non-Terminal	386
N194	Non-Terminal	38
N195	Non-Terminal	56
N196	Non-Terminal	34
N197	Non-Terminal	134
N198	Non-Terminal	706
N199	Non-Terminal	1778
N2	Non-Terminal	182
N20	Non-Terminal	5926
N200	Non-Terminal	69
N201	Non-Terminal	126
N202	Non-Terminal	564
N203	Non-Terminal	2312
N204	Non-Terminal	64
N205	Non-Terminal	550
N206	Non-Terminal	45
N207	Non-Terminal	141
N208	Non-Terminal	270
N209	Non-Terminal	44
N21	Non-Terminal	48
N210	Non-Terminal	11
N211	Non-Terminal	34
N212	Non-Terminal	5
N213	Non-Terminal	17
N214	Non-Terminal	14
N215	Non-Terminal	7
N216	Non-Terminal	113
N217	Non-Terminal	53
N218	Non-Terminal	23
N219	Non-Terminal	263
N22	Non-Terminal	147
N220	Non-Terminal	60
N221	Non-Terminal	27
N222	Non-Terminal	54
N223	Non-Terminal	18
N224	Non-Terminal	26
N225	Non-Terminal	734
N226	Non-Terminal	95
N227	Non-Terminal	1181
N228	Non-Terminal	14
N229	Non-Terminal	42
N23	Non-Terminal	232
N230	Non-Terminal	40
N231	Non-Terminal	46
N232	Non-Terminal	641
N233	Non-Terminal	2816
N234	Non-Terminal	53
N235	Non-Terminal	29
N236	Non-Terminal	835
N237	Non-Terminal	186
N238	Non-Terminal	136
N239	Non-Terminal	2359
N24	Non-Terminal	275
N240	Non-Terminal	5
N241	Non-Terminal	203
N242	Non-Terminal	10
N243	Non-Terminal	27
N244	Non-Terminal	19
N245	Non-Terminal	694
N246	Non-Terminal	258
N247	Non-Terminal	7
N248	Non-Terminal	35
N249	Non-Terminal	52
N25	Non-Terminal	4748
N250	Non-Terminal	44
N251	Non-Terminal	246
N252	Non-Terminal	91
N253	Non-Terminal	222
N254	Non-Terminal	45
N255	Non-Terminal	432
N256	Non-Terminal	13
N257	Non-Terminal	205
N258	Non-Terminal	1251
N259	Non-Terminal	40
N26	Non-Terminal	13
N260	Non-Terminal	672
N261	Non-Terminal	971
N262	Non-Terminal	20
N263	Non-Terminal	113
N264	Non-Terminal	198
N265	Non-Terminal	94
N266	Non-Terminal	126
N267	Non-Terminal	9
N268	Non-Terminal	1054
N269	Non-Terminal	10
N27	Non-Terminal	1284
N270	Non-Terminal	283
N271	Non-Terminal	5487
N272	Non-Terminal	27
N273	Non-Terminal	22
N274	Non-Terminal	41
N275	Non-Terminal	63
N276	Non-Terminal	1170
N277	Non-Terminal	24
N278	Non-Terminal	137
N279	Non-Terminal	89
N28	Non-Terminal	214
N280	Non-Terminal	118
N281	Non-Terminal	201
N282	Non-Terminal	170
N283	Non-Terminal	91
N284	Non-Terminal	5
N285	Non-Terminal	2397
N286	Non-Terminal	107
N287	Non-Terminal	509
N288	Non-Terminal	3034
N289	Non-Terminal	155
N29	Non-Terminal	7
N290	Non-Terminal	1188
N291	Non-Terminal	141
N292	Non-Terminal	171
N293	Non-Terminal	623
N294	Non-Terminal	8
N295	Non-Terminal	714
N296	Non-Terminal	210
N297	Non-Terminal	42
N298	Non-Terminal	118
N299	Non-Terminal	57
N3	Non-Terminal	7833
N30	Non-Terminal	32
N300	Non-Terminal	3
N301	Non-Terminal	242
N302	Non-Terminal	10
N303	Non-Terminal	396
N304	Non-Terminal	5
N305	Non-Terminal	20
N306	Non-Terminal	421
N307	Non-Terminal	3459
N308	Non-Terminal	99
N309	Non-Terminal	25
N31	Non-Terminal	761
N310	Non-Terminal	516
N311	Non-Terminal	6
N312	Non-Terminal	26
N313	Non-Terminal	74
N314	Non-Terminal	157
N315	Non-Terminal	50
N316	Non-Terminal	45
N317	Non-Terminal	6
N318	Non-Terminal	65
N319	Non-Terminal	3
N32	Non-Terminal	64
N320	Non-Terminal	620
N321	Non-Terminal	316
N322	Non-Terminal	160
N323	Non-Terminal	397
N324	Non-Terminal	2878
N325	Non-Terminal	126
N326	Non-Terminal	44
N327	Non-Terminal	33
N328	Non-Terminal	6
N329	Non-Terminal	7
N33	Non-Terminal	140
N330	Non-Terminal	187
N331	Non-Terminal	631
N332	Non-Terminal	350
N333	Non-Terminal	44
N334	Non-Terminal	2
N335	Non-Terminal	35
N336	Non-Terminal	29
N337	Non-Terminal	249
N338	Non-Terminal	192
N339	Non-Terminal	39
N34	Non-Terminal	308
N340	Non-Terminal	7
N341	Non-Terminal	23
N342	Non-Terminal	250
N343	Non-Terminal	93
N344	Non-Terminal	45
N345	Non-Terminal	232
N346	Non-Terminal	76
N347	Non-Terminal	9
N348	Non-Terminal	191
N349	Non-Terminal	78
N35	Non-Terminal	30
N350	Non-Terminal	24
N351	Non-Terminal	204
N352	Non-Terminal	5481
N353	Non-Terminal	143
N354	Non-Terminal	36
N355	Non-Terminal	214
N356	Non-Terminal	93
N357	Non-Terminal	298
N358	Non-Terminal	44
N359	Non-Terminal	24
N36	Non-Terminal	37
N360	Non-Terminal	281
N361	Non-Terminal	382
N362	Non-Terminal	17
N363	Non-Terminal	85
N364	Non-Terminal	16
N365	Non-Terminal	12
N366	Non-Terminal	5
N367	Non-Terminal	1578
N368	Non-Terminal	21
N369	Non-Terminal	15
N37	Non-Terminal	99
N370	Non-Terminal	9
N371	Non-Terminal	229
N372	Non-Terminal	354
N373	Non-Terminal	34
N374	Non-Terminal	10
N375	Non-Terminal	87
N376	Non-Terminal	71
N377	Non-Terminal	13
N378	Non-Terminal	40
N379	Non-Terminal	17
N38	Non-Terminal	334
N380	Non-Terminal	79
N381	Non-Terminal	184
N382	Non-Terminal	43
N383	Non-Terminal	2058
N384	Non-Terminal	43
N385	Non-Terminal	327
N386	Non-Terminal	108
N387	Non-Terminal	59
N388	Non-Terminal	179
N389	Non-Terminal	58
N390	Non-Terminal	1160
N391	Non-Terminal	669
N392	Non-Terminal	73
N393	Non-Terminal	92
N394	Non-Terminal	474
N395	Non-Terminal	37
N396	Non-Terminal	23
N397	Non-Terminal	19
N398	Non-Terminal	68
N399	Non-Terminal	266
N4	Non-Terminal	13
N40	Non-Terminal	764
N400	Non-Terminal	13
N401	Non-Terminal	17
N402	Non-Terminal	6
N403	Non-Terminal	46
N404	Non-Terminal	245
N405	Non-Terminal	57
N406	Non-Terminal	240
N407	Non-Terminal	1796
N408	Non-Terminal	269
N409	Non-Terminal	1952
N41	Non-Terminal	431
N410	Non-Terminal	136
N411	Non-Terminal	911
N412	Non-Terminal	144
N413	Non-Terminal	615
N414	Non-Terminal	5
N415	Non-Terminal	22
N416	Non-Terminal	227
N417	Non-Terminal	54
N418	Non-Terminal	79
N419	Non-Terminal	13
N42	Non-Terminal	239
N420	Non-Terminal	278
N422	Non-Terminal	112
N423	Non-Terminal	45
N424	Non-Terminal	120
N425	Non-Terminal	452
N426	Non-Terminal	26
N427	Non-Terminal	6
N428	Non-Terminal	504
N429	Non-Terminal	69
N43	Non-Terminal	137
N430	Non-Terminal	21
N431	Non-Terminal	112
N432	Non-Terminal	1219
N433	Non-Terminal	1107
N434	Non-Terminal	105
N435	Non-Terminal	39
N436	Non-Terminal	43
N437	Non-Terminal	252
N438	Non-Terminal	40
N439	Non-Terminal	52
N44	Non-Terminal	321
N440	Non-Terminal	186
N441	Non-Terminal	152
N442	Non-Terminal	734
N443	Non-Terminal	28
N444	Non-Terminal	27
N445	Non-Terminal	28
N446	Non-Terminal	10
N447	Non-Terminal	17
N448	Non-Terminal	82
N449	Non-Terminal	32
N45	Non-Terminal	820
N450	Non-Terminal	83
N451	Non-Terminal	377
N452	Non-Terminal	555
N453	Non-Terminal	405
N454	Non-Terminal	519
N455	Non-Terminal	15
N456	Non-Terminal	117
N457	Non-Terminal	8
N458	Non-Terminal	300
N459	Non-Terminal	86
N46	Non-Terminal	268
N460	Non-Terminal	638
N461	Non-Terminal	481
N462	Non-Terminal	109
N463	Non-Terminal	140
N464	Non-Terminal	12
N465	Non-Terminal	38
N466	Non-Terminal	8
N467	Non-Terminal	5
N468	Non-Terminal	3
N469	Non-Terminal	75
N47	Non-Terminal	827
N470	Non-Terminal	86
N471	Non-Terminal	9
N472	Non-Terminal	54
N473	Non-Terminal	165
N474	Non-Terminal	329
N475	Non-Terminal	366
N476	Non-Terminal	70
N477	Non-Terminal	16
N478	Non-Terminal	38
N479	Non-Terminal	133
N48	Non-Terminal	10490
N480	Non-Terminal	24
N481	Non-Terminal	196
N482	Non-Terminal	540
N483	Non-Terminal	285
N484	Non-Terminal	200
N485	Non-Terminal	82
N486	Non-Terminal	113
N487	Non-Terminal	77
N488	Non-Terminal	8
N489	Non-Terminal	18
N49	Non-Terminal	556
N490	Non-Terminal	164
N491	Non-Terminal	31
N492	Non-Terminal	160
N493	Non-Terminal	1543
N494	Non-Terminal	34
N495	Non-Terminal	3
N496	Non-Terminal	28
N497	Non-Terminal	60
N498	Non-Terminal	42
N499	Non-Terminal	225
N5	Non-Terminal	1202
N50	Non-Terminal	4209
N500	Non-Terminal	332
N501	Non-Terminal	25
N502	Non-Terminal	74
N503	Non-Terminal	166
N504	Non-Terminal	18
N505	Non-Terminal	122
N506	Non-Terminal	138
N507	Non-Terminal	17
N508	Non-Terminal	554
N509	Non-Terminal	196
N51	Non-Terminal	35
N510	Non-Terminal	17
N511	Non-Terminal	14
N512	Non-Terminal	26
N513	Non-Terminal	85
N514	Non-Terminal	46
N515	Non-Terminal	53
N516	Non-Terminal	97
N517	Non-Terminal	97
N518	Non-Terminal	445
N519	Non-Terminal	33
N52	Non-Terminal	164
N520	Non-Terminal	17
N521	Non-Terminal	67
N522	Non-Terminal	8
N523	Non-Terminal	96
N524	Non-Terminal	27
N53	Non-Terminal	185
N54	Non-Terminal	314
N55	Non-Terminal	384
N56	Non-Terminal	31
N57	Non-Terminal	33
N58	Non-Terminal	10945
N59	Non-Terminal	141
N6	Non-Terminal	786
N60	Non-Terminal	1667
N61	Non-Terminal	441
N62	Non-Terminal	473
N63	Non-Terminal	2679
N64	Non-Terminal	596
N65	Non-Terminal	1686
N66	Non-Terminal	815
N67	Non-Terminal	17
N68	Non-Terminal	173
N69	Non-Terminal	265
N7	Non-Terminal	374
N70	Non-Terminal	473
N71	Non-Terminal	193
N72	Non-Terminal	2465
N73	Non-Terminal	185
N74	Non-Terminal	115
N75	Non-Terminal	270
N76	Non-Terminal	26
N77	Non-Terminal	14
N78	Non-Terminal	19
N79	Non-Terminal	716
N8	Non-Terminal	6
N80	Non-Terminal	266
N81	Non-Terminal	477
N82	Non-Terminal	1101
N83	Non-Terminal	16
N84	Non-Terminal	2921
N85	Non-Terminal	6520
N86	Non-Terminal	99
N87	Non-Terminal	85
N88	Non-Terminal	73
N89	Non-Terminal	402
N9	Non-Terminal	45
N90	Non-Terminal	62
N91	Non-Terminal	84
N92	Non-Terminal	17
N93	Non-Terminal	54
N94	Non-Terminal	106
N95	Non-Terminal	43
N96	Non-Terminal	7
N97	Non-Terminal	26
N98	Non-Terminal	7
N99	Non-Terminal	5
O10228	Terminal	2813
O133409	Terminal	2351
O1890364	Terminal	5768
O192875	Terminal	1195
O225164	Terminal	6882
O2700040	Terminal	9395
O27923	Terminal	8092
O283909	Terminal	13518
O400682	Terminal	9519
O44689	Terminal	2893
O45351	Terminal	6290
O529818	Terminal	1542
O5755	Terminal	3374
O5786	Terminal	2713
O6239	Terminal	7587
O691883	Terminal	500
O72019	Terminal	3513
O7227	Terminal	3344
O81824	Terminal	925
O946362	Terminal	1944
OFS1403592	Terminal	587
OFS5426458	Terminal	3196
OFS5426470	Terminal	642
OFS5426494	Terminal	2522
OFS5426506	Terminal	3967
