marker	fit	warning
115730at2759	3di_af	WARNING: 4 near-zero internal branches (<0.0048) should be treated with caution
115730at2759	3di_af	WARNING: States(s) E, T, Y rarely appear in alignment and may cause numerical problems
115730at2759	3di_af_empirical	WARNING: 3 near-zero internal branches (<0.0048) should be treated with caution
115730at2759	3di_af_empirical	WARNING: States(s) E, T, Y rarely appear in alignment and may cause numerical problems
115730at2759	3di_llm	WARNING: 4 near-zero internal branches (<0.0048) should be treated with caution
115730at2759	3di_llm	WARNING: States(s) E, T, Y rarely appear in alignment and may cause numerical problems
129234at2759	aa	WARNING: 12 near-zero internal branches (<0.0060) should be treated with caution
129234at2759	aa	WARNING: 2 sequences contain more than 50% gaps/ambiguity
129234at2759	3di_af	WARNING: 2 sequences contain more than 50% gaps/ambiguity
129234at2759	3di_af	WARNING: 40 near-zero internal branches (<0.0060) should be treated with caution
129234at2759	3di_af_empirical	WARNING: 2 sequences contain more than 50% gaps/ambiguity
129234at2759	3di_af_empirical	WARNING: 43 near-zero internal branches (<0.0060) should be treated with caution
129234at2759	3di_llm	WARNING: 2 sequences contain more than 50% gaps/ambiguity
129234at2759	3di_llm	WARNING: 51 near-zero internal branches (<0.0060) should be treated with caution
201273at2759	aa	WARNING: 11 near-zero internal branches (<0.0090) should be treated with caution
201273at2759	3di_af	WARNING: 42 near-zero internal branches (<0.0090) should be treated with caution
201273at2759	3di_af	WARNING: States(s) N, M, S rarely appear in alignment and may cause numerical problems
201273at2759	3di_af_empirical	WARNING: 43 near-zero internal branches (<0.0090) should be treated with caution
201273at2759	3di_af_empirical	WARNING: States(s) N, M, S rarely appear in alignment and may cause numerical problems
201273at2759	3di_llm	WARNING: 42 near-zero internal branches (<0.0090) should be treated with caution
201273at2759	3di_llm	WARNING: States(s) N, M, S rarely appear in alignment and may cause numerical problems
207567at2759	aa	WARNING: 12 near-zero internal branches (<0.0058) should be treated with caution
207567at2759	aa	WARNING: 2 sequences contain more than 50% gaps/ambiguity
207567at2759	3di_af	WARNING: 2 sequences contain more than 50% gaps/ambiguity
207567at2759	3di_af	WARNING: 43 near-zero internal branches (<0.0058) should be treated with caution
207567at2759	3di_af_empirical	WARNING: 2 sequences contain more than 50% gaps/ambiguity
207567at2759	3di_af_empirical	WARNING: 38 near-zero internal branches (<0.0058) should be treated with caution
207567at2759	3di_llm	WARNING: 2 sequences contain more than 50% gaps/ambiguity
207567at2759	3di_llm	WARNING: 44 near-zero internal branches (<0.0058) should be treated with caution
260326at2759	aa	WARNING: 16 near-zero internal branches (<0.0066) should be treated with caution
260326at2759	aa	WARNING: 3 sequences contain more than 50% gaps/ambiguity
260326at2759	3di_af	WARNING: 3 sequences contain more than 50% gaps/ambiguity
260326at2759	3di_af	WARNING: 36 near-zero internal branches (<0.0066) should be treated with caution
260326at2759	3di_af_empirical	WARNING: 3 sequences contain more than 50% gaps/ambiguity
260326at2759	3di_af_empirical	WARNING: 40 near-zero internal branches (<0.0066) should be treated with caution
260326at2759	3di_llm	WARNING: 3 sequences contain more than 50% gaps/ambiguity
260326at2759	3di_llm	WARNING: 41 near-zero internal branches (<0.0066) should be treated with caution
319730at2759	aa	WARNING: 1 near-zero internal branches (<0.0025) should be treated with caution
319730at2759	3di_af	WARNING: 1 near-zero internal branches (<0.0025) should be treated with caution
319730at2759	3di_af_empirical	WARNING: 1 near-zero internal branches (<0.0025) should be treated with caution
319730at2759	3di_llm	WARNING: 1 near-zero internal branches (<0.0025) should be treated with caution
345792at2759	aa	WARNING: 1 sequences contain more than 50% gaps/ambiguity
345792at2759	3di_af	WARNING: 1 sequences contain more than 50% gaps/ambiguity
345792at2759	3di_af	WARNING: 9 near-zero internal branches (<0.0044) should be treated with caution
345792at2759	3di_af_empirical	WARNING: 1 sequences contain more than 50% gaps/ambiguity
345792at2759	3di_af_empirical	WARNING: 9 near-zero internal branches (<0.0044) should be treated with caution
345792at2759	3di_llm	WARNING: 1 sequences contain more than 50% gaps/ambiguity
345792at2759	3di_llm	WARNING: 9 near-zero internal branches (<0.0044) should be treated with caution
352891at2759	aa	WARNING: 4 near-zero internal branches (<0.0042) should be treated with caution
352891at2759	3di_af	WARNING: 28 near-zero internal branches (<0.0042) should be treated with caution
352891at2759	3di_af_empirical	WARNING: 27 near-zero internal branches (<0.0042) should be treated with caution
352891at2759	3di_llm	WARNING: 30 near-zero internal branches (<0.0042) should be treated with caution
4613677at2759	aa	WARNING: 29 near-zero internal branches (<0.0137) should be treated with caution
4613677at2759	aa	WARNING: States(s) W rarely appear in alignment and may cause numerical problems
4613677at2759	3di_af	WARNING: 86 near-zero internal branches (<0.0137) should be treated with caution
4613677at2759	3di_af	WARNING: States(s) I, K, M rarely appear in alignment and may cause numerical problems
4613677at2759	3di_af_empirical	WARNING: 83 near-zero internal branches (<0.0137) should be treated with caution
4613677at2759	3di_af_empirical	WARNING: States(s) I, K, M rarely appear in alignment and may cause numerical problems
4613677at2759	3di_llm	WARNING: 86 near-zero internal branches (<0.0137) should be treated with caution
4613677at2759	3di_llm	WARNING: States(s) I, K, M rarely appear in alignment and may cause numerical problems
4747214at2759	aa	WARNING: 13 near-zero internal branches (<0.0090) should be treated with caution
4747214at2759	aa	WARNING: 4 sequences contain more than 50% gaps/ambiguity
4747214at2759	3di_af	WARNING: 4 sequences contain more than 50% gaps/ambiguity
4747214at2759	3di_af	WARNING: 44 near-zero internal branches (<0.0090) should be treated with caution
4747214at2759	3di_af	WARNING: States(s) E, Y rarely appear in alignment and may cause numerical problems
4747214at2759	3di_af_empirical	WARNING: 4 sequences contain more than 50% gaps/ambiguity
4747214at2759	3di_af_empirical	WARNING: 45 near-zero internal branches (<0.0090) should be treated with caution
4747214at2759	3di_af_empirical	WARNING: States(s) E, Y rarely appear in alignment and may cause numerical problems
4747214at2759	3di_llm	WARNING: 4 sequences contain more than 50% gaps/ambiguity
4747214at2759	3di_llm	WARNING: 46 near-zero internal branches (<0.0090) should be treated with caution
4747214at2759	3di_llm	WARNING: States(s) E, Y rarely appear in alignment and may cause numerical problems
4803900at2759	aa	WARNING: 11 near-zero internal branches (<0.0099) should be treated with caution
4803900at2759	3di_af	WARNING: 61 near-zero internal branches (<0.0099) should be treated with caution
4803900at2759	3di_af	WARNING: States(s) E, Y rarely appear in alignment and may cause numerical problems
4803900at2759	3di_af_empirical	WARNING: 63 near-zero internal branches (<0.0099) should be treated with caution
4803900at2759	3di_af_empirical	WARNING: States(s) E, Y rarely appear in alignment and may cause numerical problems
4803900at2759	3di_llm	WARNING: 63 near-zero internal branches (<0.0099) should be treated with caution
4803900at2759	3di_llm	WARNING: States(s) E, Y rarely appear in alignment and may cause numerical problems
4837017at2759	aa	WARNING: 1 near-zero internal branches (<0.0051) should be treated with caution
4837017at2759	3di_af	WARNING: 28 near-zero internal branches (<0.0051) should be treated with caution
4837017at2759	3di_af	WARNING: States(s) E, Y rarely appear in alignment and may cause numerical problems
4837017at2759	3di_af_empirical	WARNING: 26 near-zero internal branches (<0.0051) should be treated with caution
4837017at2759	3di_af_empirical	WARNING: States(s) E, Y rarely appear in alignment and may cause numerical problems
4837017at2759	3di_llm	WARNING: 25 near-zero internal branches (<0.0051) should be treated with caution
4837017at2759	3di_llm	WARNING: States(s) E, Y rarely appear in alignment and may cause numerical problems
4843824at2759	aa	WARNING: 2 near-zero internal branches (<0.0051) should be treated with caution
4843824at2759	3di_af	WARNING: 33 near-zero internal branches (<0.0051) should be treated with caution
4843824at2759	3di_af_empirical	WARNING: 29 near-zero internal branches (<0.0051) should be treated with caution
4843824at2759	3di_llm	WARNING: 29 near-zero internal branches (<0.0051) should be treated with caution
4867008at2759	aa	WARNING: 1 sequences contain more than 50% gaps/ambiguity
4867008at2759	aa	WARNING: 7 near-zero internal branches (<0.0056) should be treated with caution
4867008at2759	3di_af	WARNING: 1 sequences contain more than 50% gaps/ambiguity
4867008at2759	3di_af	WARNING: 21 near-zero internal branches (<0.0056) should be treated with caution
4867008at2759	3di_af_empirical	WARNING: 1 sequences contain more than 50% gaps/ambiguity
4867008at2759	3di_af_empirical	WARNING: 20 near-zero internal branches (<0.0056) should be treated with caution
4867008at2759	3di_llm	WARNING: 1 sequences contain more than 50% gaps/ambiguity
4867008at2759	3di_llm	WARNING: 17 near-zero internal branches (<0.0056) should be treated with caution
4896098at2759	aa	WARNING: 14 near-zero internal branches (<0.0067) should be treated with caution
4896098at2759	3di_af	WARNING: 52 near-zero internal branches (<0.0067) should be treated with caution
4896098at2759	3di_af_empirical	WARNING: 47 near-zero internal branches (<0.0067) should be treated with caution
4896098at2759	3di_llm	WARNING: 49 near-zero internal branches (<0.0067) should be treated with caution
4900375at2759	aa	WARNING: 10 sequences contain more than 50% gaps/ambiguity
4900375at2759	aa	WARNING: 5 near-zero internal branches (<0.0059) should be treated with caution
4900375at2759	aa	WARNING: Some pairwise ML distances are too long (saturated)
4900375at2759	3di_af	WARNING: 10 sequences contain more than 50% gaps/ambiguity
4900375at2759	3di_af	WARNING: 34 near-zero internal branches (<0.0059) should be treated with caution
4900375at2759	3di_af	WARNING: States(s) E, Y rarely appear in alignment and may cause numerical problems
4900375at2759	3di_af_empirical	WARNING: 10 sequences contain more than 50% gaps/ambiguity
4900375at2759	3di_af_empirical	WARNING: 32 near-zero internal branches (<0.0059) should be treated with caution
4900375at2759	3di_af_empirical	WARNING: States(s) E, Y rarely appear in alignment and may cause numerical problems
4900375at2759	3di_llm	WARNING: 10 sequences contain more than 50% gaps/ambiguity
4900375at2759	3di_llm	WARNING: 34 near-zero internal branches (<0.0059) should be treated with caution
4900375at2759	3di_llm	WARNING: States(s) E, Y rarely appear in alignment and may cause numerical problems
4908955at2759	aa	WARNING: 2 sequences contain more than 50% gaps/ambiguity
4908955at2759	3di_af	WARNING: 2 sequences contain more than 50% gaps/ambiguity
4908955at2759	3di_af	WARNING: 7 near-zero internal branches (<0.0036) should be treated with caution
4908955at2759	3di_af_empirical	WARNING: 2 sequences contain more than 50% gaps/ambiguity
4908955at2759	3di_af_empirical	WARNING: 9 near-zero internal branches (<0.0036) should be treated with caution
4908955at2759	3di_llm	WARNING: 2 sequences contain more than 50% gaps/ambiguity
4908955at2759	3di_llm	WARNING: 7 near-zero internal branches (<0.0036) should be treated with caution
4969018at2759	3di_af	WARNING: 1 near-zero internal branches (<0.0030) should be treated with caution
4969018at2759	3di_af_empirical	WARNING: 1 near-zero internal branches (<0.0030) should be treated with caution
4969018at2759	3di_llm	WARNING: 1 near-zero internal branches (<0.0030) should be treated with caution
4969636at2759	3di_af	WARNING: 1 near-zero internal branches (<0.0034) should be treated with caution
4969636at2759	3di_af_empirical	WARNING: 1 near-zero internal branches (<0.0034) should be treated with caution
4969636at2759	3di_llm	WARNING: 1 near-zero internal branches (<0.0034) should be treated with caution
4969990at2759	3di_af	WARNING: States(s) M rarely appear in alignment and may cause numerical problems
4969990at2759	3di_af_empirical	WARNING: States(s) M rarely appear in alignment and may cause numerical problems
4969990at2759	3di_llm	WARNING: States(s) M rarely appear in alignment and may cause numerical problems
4970387at2759	aa	WARNING: 1 sequences contain more than 50% gaps/ambiguity
4970387at2759	aa	WARNING: 8 near-zero internal branches (<0.0074) should be treated with caution
4970387at2759	aa	WARNING: States(s) W rarely appear in alignment and may cause numerical problems
4970387at2759	3di_af	WARNING: 1 sequences contain more than 50% gaps/ambiguity
4970387at2759	3di_af	WARNING: 67 near-zero internal branches (<0.0074) should be treated with caution
4970387at2759	3di_af	WARNING: States(s) E, K, M, Y rarely appear in alignment and may cause numerical problems
4970387at2759	3di_af_empirical	WARNING: 1 sequences contain more than 50% gaps/ambiguity
4970387at2759	3di_af_empirical	WARNING: 66 near-zero internal branches (<0.0074) should be treated with caution
4970387at2759	3di_af_empirical	WARNING: States(s) E, K, M, Y rarely appear in alignment and may cause numerical problems
4970387at2759	3di_llm	WARNING: 1 sequences contain more than 50% gaps/ambiguity
4970387at2759	3di_llm	WARNING: 1 too long branches (>9.8000) should be treated with caution!
4970387at2759	3di_llm	WARNING: 68 near-zero internal branches (<0.0074) should be treated with caution
4970387at2759	3di_llm	WARNING: States(s) E, K, M, Y rarely appear in alignment and may cause numerical problems
4971272at2759	3di_af	WARNING: States(s) E, T, Y rarely appear in alignment and may cause numerical problems
4971272at2759	3di_af_empirical	WARNING: States(s) E, T, Y rarely appear in alignment and may cause numerical problems
4971272at2759	3di_llm	WARNING: States(s) E, T, Y rarely appear in alignment and may cause numerical problems
4974767at2759	aa	WARNING: 7 near-zero internal branches (<0.0135) should be treated with caution
4974767at2759	3di_af	WARNING: 12 near-zero internal branches (<0.0135) should be treated with caution
4974767at2759	3di_af	WARNING: States(s) E, G, I, K, M, F, T, W, Y rarely appear in alignment and may cause numerical problems
4974767at2759	3di_af_empirical	WARNING: 12 near-zero internal branches (<0.0135) should be treated with caution
4974767at2759	3di_af_empirical	WARNING: States(s) E, G, I, K, M, F, T, W, Y rarely appear in alignment and may cause numerical problems
4974767at2759	3di_llm	WARNING: 12 near-zero internal branches (<0.0135) should be treated with caution
4974767at2759	3di_llm	WARNING: States(s) E, G, I, K, M, F, T, W, Y rarely appear in alignment and may cause numerical problems
4976279at2759	3di_af	WARNING: States(s) M rarely appear in alignment and may cause numerical problems
4976279at2759	3di_af_empirical	WARNING: States(s) M rarely appear in alignment and may cause numerical problems
4976279at2759	3di_llm	WARNING: States(s) M rarely appear in alignment and may cause numerical problems
4977163at2759	aa	WARNING: 20 sequences contain more than 50% gaps/ambiguity
4977163at2759	aa	WARNING: 8 near-zero internal branches (<0.0071) should be treated with caution
4977163at2759	aa	WARNING: Some pairwise ML distances are too long (saturated)
4977163at2759	3di_af	WARNING: 20 sequences contain more than 50% gaps/ambiguity
4977163at2759	3di_af	WARNING: 51 near-zero internal branches (<0.0071) should be treated with caution
4977163at2759	3di_af	WARNING: States(s) M rarely appear in alignment and may cause numerical problems
4977163at2759	3di_af_empirical	WARNING: 20 sequences contain more than 50% gaps/ambiguity
4977163at2759	3di_af_empirical	WARNING: 45 near-zero internal branches (<0.0071) should be treated with caution
4977163at2759	3di_af_empirical	WARNING: States(s) M rarely appear in alignment and may cause numerical problems
4977163at2759	3di_llm	WARNING: 20 sequences contain more than 50% gaps/ambiguity
4977163at2759	3di_llm	WARNING: 49 near-zero internal branches (<0.0071) should be treated with caution
4977163at2759	3di_llm	WARNING: States(s) M rarely appear in alignment and may cause numerical problems
4985971at2759	3di_af	WARNING: States(s) I, K, M, T rarely appear in alignment and may cause numerical problems
4985971at2759	3di_af_empirical	WARNING: States(s) I, K, M, T rarely appear in alignment and may cause numerical problems
4985971at2759	3di_llm	WARNING: States(s) I, K, M, T rarely appear in alignment and may cause numerical problems
5000045at2759	3di_af	WARNING: 1 near-zero internal branches (<0.0033) should be treated with caution
5000045at2759	3di_af	WARNING: States(s) E rarely appear in alignment and may cause numerical problems
5000045at2759	3di_af_empirical	WARNING: 1 near-zero internal branches (<0.0033) should be treated with caution
5000045at2759	3di_af_empirical	WARNING: States(s) E rarely appear in alignment and may cause numerical problems
5000045at2759	3di_llm	WARNING: States(s) E rarely appear in alignment and may cause numerical problems
5000452at2759	3di_af	WARNING: 6 near-zero internal branches (<0.0034) should be treated with caution
5000452at2759	3di_af	WARNING: States(s) E, I, K, M, F, T, W, Y rarely appear in alignment and may cause numerical problems
5000452at2759	3di_af_empirical	WARNING: 6 near-zero internal branches (<0.0034) should be treated with caution
5000452at2759	3di_af_empirical	WARNING: States(s) E, I, K, M, F, T, W, Y rarely appear in alignment and may cause numerical problems
5000452at2759	3di_llm	WARNING: 4 near-zero internal branches (<0.0034) should be treated with caution
5000452at2759	3di_llm	WARNING: States(s) E, I, K, M, F, T, W, Y rarely appear in alignment and may cause numerical problems
5000476at2759	3di_af	WARNING: States(s) E, T rarely appear in alignment and may cause numerical problems
5000476at2759	3di_af_empirical	WARNING: States(s) E, T rarely appear in alignment and may cause numerical problems
5000476at2759	3di_llm	WARNING: States(s) E, T rarely appear in alignment and may cause numerical problems
5000743at2759	aa	WARNING: 6 near-zero internal branches (<0.0060) should be treated with caution
5000743at2759	3di_af	WARNING: 36 near-zero internal branches (<0.0060) should be treated with caution
5000743at2759	3di_af_empirical	WARNING: 35 near-zero internal branches (<0.0060) should be treated with caution
5000743at2759	3di_llm	WARNING: 39 near-zero internal branches (<0.0060) should be treated with caution
5001156at2759	aa	WARNING: 1 sequences contain more than 50% gaps/ambiguity
5001156at2759	3di_af	WARNING: 1 sequences contain more than 50% gaps/ambiguity
5001156at2759	3di_af	WARNING: 3 near-zero internal branches (<0.0044) should be treated with caution
5001156at2759	3di_af_empirical	WARNING: 1 sequences contain more than 50% gaps/ambiguity
5001156at2759	3di_af_empirical	WARNING: 3 near-zero internal branches (<0.0044) should be treated with caution
5001156at2759	3di_llm	WARNING: 1 sequences contain more than 50% gaps/ambiguity
5001156at2759	3di_llm	WARNING: 3 near-zero internal branches (<0.0044) should be treated with caution
5001273at2759	aa	WARNING: 1 near-zero internal branches (<0.0044) should be treated with caution
5001273at2759	3di_af	WARNING: 39 near-zero internal branches (<0.0044) should be treated with caution
5001273at2759	3di_af	WARNING: States(s) Y rarely appear in alignment and may cause numerical problems
5001273at2759	3di_af_empirical	WARNING: 31 near-zero internal branches (<0.0044) should be treated with caution
5001273at2759	3di_af_empirical	WARNING: States(s) Y rarely appear in alignment and may cause numerical problems
5001273at2759	3di_llm	WARNING: 33 near-zero internal branches (<0.0044) should be treated with caution
5001273at2759	3di_llm	WARNING: States(s) Y rarely appear in alignment and may cause numerical problems
5001318at2759	aa	WARNING: 5 sequences contain more than 50% gaps/ambiguity
5001318at2759	3di_af	WARNING: 2 near-zero internal branches (<0.0038) should be treated with caution
5001318at2759	3di_af	WARNING: 5 sequences contain more than 50% gaps/ambiguity
5001318at2759	3di_af	WARNING: States(s) E, Y rarely appear in alignment and may cause numerical problems
5001318at2759	3di_af_empirical	WARNING: 2 near-zero internal branches (<0.0038) should be treated with caution
5001318at2759	3di_af_empirical	WARNING: 5 sequences contain more than 50% gaps/ambiguity
5001318at2759	3di_af_empirical	WARNING: States(s) E, Y rarely appear in alignment and may cause numerical problems
5001318at2759	3di_llm	WARNING: 2 near-zero internal branches (<0.0038) should be treated with caution
5001318at2759	3di_llm	WARNING: 5 sequences contain more than 50% gaps/ambiguity
5001318at2759	3di_llm	WARNING: States(s) E, Y rarely appear in alignment and may cause numerical problems
5001413at2759	aa	WARNING: 2 near-zero internal branches (<0.0040) should be treated with caution
5001413at2759	3di_af	WARNING: 13 near-zero internal branches (<0.0040) should be treated with caution
5001413at2759	3di_af_empirical	WARNING: 9 near-zero internal branches (<0.0040) should be treated with caution
5001413at2759	3di_llm	WARNING: 13 near-zero internal branches (<0.0040) should be treated with caution
5001473at2759	aa	WARNING: 45 near-zero internal branches (<0.0123) should be treated with caution
5001473at2759	3di_af	WARNING: 76 near-zero internal branches (<0.0123) should be treated with caution
5001473at2759	3di_af	WARNING: States(s) F rarely appear in alignment and may cause numerical problems
5001473at2759	3di_af_empirical	WARNING: 75 near-zero internal branches (<0.0123) should be treated with caution
5001473at2759	3di_af_empirical	WARNING: States(s) F rarely appear in alignment and may cause numerical problems
5001473at2759	3di_llm	WARNING: 82 near-zero internal branches (<0.0123) should be treated with caution
5001473at2759	3di_llm	WARNING: States(s) F rarely appear in alignment and may cause numerical problems
5001734at2759	aa	WARNING: 10 near-zero internal branches (<0.0058) should be treated with caution
5001734at2759	aa	WARNING: 28 sequences contain more than 50% gaps/ambiguity
5001734at2759	3di_af	WARNING: 28 sequences contain more than 50% gaps/ambiguity
5001734at2759	3di_af	WARNING: 79 near-zero internal branches (<0.0058) should be treated with caution
5001734at2759	3di_af	WARNING: States(s) E, I, K, M, T, W, Y rarely appear in alignment and may cause numerical problems
5001734at2759	3di_af_empirical	WARNING: 28 sequences contain more than 50% gaps/ambiguity
5001734at2759	3di_af_empirical	WARNING: 76 near-zero internal branches (<0.0058) should be treated with caution
5001734at2759	3di_af_empirical	WARNING: States(s) E, I, K, M, T, W, Y rarely appear in alignment and may cause numerical problems
5001734at2759	3di_llm	WARNING: 28 sequences contain more than 50% gaps/ambiguity
5001734at2759	3di_llm	WARNING: 79 near-zero internal branches (<0.0058) should be treated with caution
5001734at2759	3di_llm	WARNING: States(s) E, I, K, M, T, W, Y rarely appear in alignment and may cause numerical problems
5002334at2759	3di_af	WARNING: 2 near-zero internal branches (<0.0044) should be treated with caution
5002334at2759	3di_af	WARNING: States(s) I, K, M, W, Y rarely appear in alignment and may cause numerical problems
5002334at2759	3di_af_empirical	WARNING: States(s) I, K, M, W, Y rarely appear in alignment and may cause numerical problems
5002334at2759	3di_llm	WARNING: 2 near-zero internal branches (<0.0044) should be treated with caution
5002334at2759	3di_llm	WARNING: States(s) I, K, M, W, Y rarely appear in alignment and may cause numerical problems
5003856at2759	aa	WARNING: 2 sequences contain more than 50% gaps/ambiguity
5003856at2759	3di_af	WARNING: 11 near-zero internal branches (<0.0046) should be treated with caution
5003856at2759	3di_af	WARNING: 2 sequences contain more than 50% gaps/ambiguity
5003856at2759	3di_af_empirical	WARNING: 11 near-zero internal branches (<0.0046) should be treated with caution
5003856at2759	3di_af_empirical	WARNING: 2 sequences contain more than 50% gaps/ambiguity
5003856at2759	3di_llm	WARNING: 10 near-zero internal branches (<0.0046) should be treated with caution
5003856at2759	3di_llm	WARNING: 2 sequences contain more than 50% gaps/ambiguity
5003972at2759	aa	WARNING: 1 near-zero internal branches (<0.0050) should be treated with caution
5003972at2759	aa	WARNING: 1 sequences contain more than 50% gaps/ambiguity
5003972at2759	3di_af	WARNING: 1 sequences contain more than 50% gaps/ambiguity
5003972at2759	3di_af	WARNING: 13 near-zero internal branches (<0.0050) should be treated with caution
5003972at2759	3di_af	WARNING: States(s) I, M rarely appear in alignment and may cause numerical problems
5003972at2759	3di_af_empirical	WARNING: 1 sequences contain more than 50% gaps/ambiguity
5003972at2759	3di_af_empirical	WARNING: 11 near-zero internal branches (<0.0050) should be treated with caution
5003972at2759	3di_af_empirical	WARNING: States(s) I, M rarely appear in alignment and may cause numerical problems
5003972at2759	3di_llm	WARNING: 1 sequences contain more than 50% gaps/ambiguity
5003972at2759	3di_llm	WARNING: 17 near-zero internal branches (<0.0050) should be treated with caution
5003972at2759	3di_llm	WARNING: States(s) I, M rarely appear in alignment and may cause numerical problems
5004118at2759	aa	WARNING: States(s) C, W rarely appear in alignment and may cause numerical problems
5004118at2759	3di_af	WARNING: 11 near-zero internal branches (<0.0123) should be treated with caution
5004118at2759	3di_af	WARNING: States(s) A, R, N, E, G, I, K, M, F, T, W, Y rarely appear in alignment and may cause numerical problems
5004118at2759	3di_af_empirical	WARNING: 1 too long branches (>9.8000) should be treated with caution!
5004118at2759	3di_af_empirical	WARNING: 10 near-zero internal branches (<0.0123) should be treated with caution
5004118at2759	3di_af_empirical	WARNING: States(s) A, R, N, E, G, I, K, M, F, T, W, Y rarely appear in alignment and may cause numerical problems
5004118at2759	3di_llm	WARNING: 10 near-zero internal branches (<0.0123) should be treated with caution
5004118at2759	3di_llm	WARNING: States(s) A, R, N, E, G, I, K, M, F, T, W, Y rarely appear in alignment and may cause numerical problems
5004478at2759	3di_af	WARNING: States(s) E, I, K, M, F, T, W rarely appear in alignment and may cause numerical problems
5004478at2759	3di_af_empirical	WARNING: States(s) E, I, K, M, F, T, W rarely appear in alignment and may cause numerical problems
5004478at2759	3di_llm	WARNING: States(s) E, I, K, M, F, T, W rarely appear in alignment and may cause numerical problems
5005010at2759	aa	WARNING: 18 near-zero internal branches (<0.0109) should be treated with caution
5005010at2759	3di_af	WARNING: 102 near-zero internal branches (<0.0109) should be treated with caution
5005010at2759	3di_af	WARNING: States(s) A, R, E, M, F, Y rarely appear in alignment and may cause numerical problems
5005010at2759	3di_af_empirical	WARNING: 98 near-zero internal branches (<0.0109) should be treated with caution
5005010at2759	3di_af_empirical	WARNING: States(s) A, R, E, M, F, Y rarely appear in alignment and may cause numerical problems
5005010at2759	3di_llm	WARNING: 102 near-zero internal branches (<0.0109) should be treated with caution
5005010at2759	3di_llm	WARNING: States(s) A, R, E, M, F, Y rarely appear in alignment and may cause numerical problems
5005174at2759	aa	WARNING: 3 near-zero internal branches (<0.0074) should be treated with caution
5005174at2759	aa	WARNING: 7 sequences contain more than 50% gaps/ambiguity
5005174at2759	3di_af	WARNING: 48 near-zero internal branches (<0.0074) should be treated with caution
5005174at2759	3di_af	WARNING: 7 sequences contain more than 50% gaps/ambiguity
5005174at2759	3di_af	WARNING: States(s) E, K, M, Y rarely appear in alignment and may cause numerical problems
5005174at2759	3di_af_empirical	WARNING: 47 near-zero internal branches (<0.0074) should be treated with caution
5005174at2759	3di_af_empirical	WARNING: 7 sequences contain more than 50% gaps/ambiguity
5005174at2759	3di_af_empirical	WARNING: States(s) E, K, M, Y rarely appear in alignment and may cause numerical problems
5005174at2759	3di_llm	WARNING: 46 near-zero internal branches (<0.0074) should be treated with caution
5005174at2759	3di_llm	WARNING: 7 sequences contain more than 50% gaps/ambiguity
5005174at2759	3di_llm	WARNING: States(s) E, K, M, Y rarely appear in alignment and may cause numerical problems
5005274at2759	aa	WARNING: 1 near-zero internal branches (<0.0064) should be treated with caution
5005274at2759	aa	WARNING: 3 sequences contain more than 50% gaps/ambiguity
5005274at2759	3di_af	WARNING: 3 sequences contain more than 50% gaps/ambiguity
5005274at2759	3di_af	WARNING: 8 near-zero internal branches (<0.0064) should be treated with caution
5005274at2759	3di_af	WARNING: States(s) E, G, I, K, M, T, W, Y rarely appear in alignment and may cause numerical problems
5005274at2759	3di_af_empirical	WARNING: 3 sequences contain more than 50% gaps/ambiguity
5005274at2759	3di_af_empirical	WARNING: 9 near-zero internal branches (<0.0064) should be treated with caution
5005274at2759	3di_af_empirical	WARNING: States(s) E, G, I, K, M, T, W, Y rarely appear in alignment and may cause numerical problems
5005274at2759	3di_llm	WARNING: 10 near-zero internal branches (<0.0064) should be treated with caution
5005274at2759	3di_llm	WARNING: 3 sequences contain more than 50% gaps/ambiguity
5005274at2759	3di_llm	WARNING: States(s) E, G, I, K, M, T, W, Y rarely appear in alignment and may cause numerical problems
5005750at2759	aa	WARNING: 18 near-zero internal branches (<0.0093) should be treated with caution
5005750at2759	aa	WARNING: 2 sequences contain more than 50% gaps/ambiguity
5005750at2759	aa	WARNING: States(s) W rarely appear in alignment and may cause numerical problems
5005750at2759	3di_af	WARNING: 2 sequences contain more than 50% gaps/ambiguity
5005750at2759	3di_af	WARNING: 70 near-zero internal branches (<0.0093) should be treated with caution
5005750at2759	3di_af	WARNING: States(s) C, E, Y rarely appear in alignment and may cause numerical problems
5005750at2759	3di_af_empirical	WARNING: 2 sequences contain more than 50% gaps/ambiguity
5005750at2759	3di_af_empirical	WARNING: 78 near-zero internal branches (<0.0093) should be treated with caution
5005750at2759	3di_af_empirical	WARNING: States(s) C, E, Y rarely appear in alignment and may cause numerical problems
5005750at2759	3di_llm	WARNING: 2 sequences contain more than 50% gaps/ambiguity
5005750at2759	3di_llm	WARNING: 68 near-zero internal branches (<0.0093) should be treated with caution
5005750at2759	3di_llm	WARNING: States(s) C, E, Y rarely appear in alignment and may cause numerical problems
5005892at2759	3di_af	WARNING: 2 near-zero internal branches (<0.0035) should be treated with caution
5005892at2759	3di_af_empirical	WARNING: 1 near-zero internal branches (<0.0035) should be treated with caution
5013042at2759	3di_af	WARNING: States(s) E, Y rarely appear in alignment and may cause numerical problems
5013042at2759	3di_af_empirical	WARNING: States(s) E, Y rarely appear in alignment and may cause numerical problems
5013042at2759	3di_llm	WARNING: States(s) E, Y rarely appear in alignment and may cause numerical problems
5013067at2759	aa	WARNING: 1 near-zero internal branches (<0.0033) should be treated with caution
5013259at2759	aa	WARNING: 16 near-zero internal branches (<0.0083) should be treated with caution
5013259at2759	aa	WARNING: 4 sequences contain more than 50% gaps/ambiguity
5013259at2759	aa	WARNING: Some pairwise ML distances are too long (saturated)
5013259at2759	3di_af	WARNING: 4 sequences contain more than 50% gaps/ambiguity
5013259at2759	3di_af	WARNING: 80 near-zero internal branches (<0.0083) should be treated with caution
5013259at2759	3di_af	WARNING: States(s) E, K, M rarely appear in alignment and may cause numerical problems
5013259at2759	3di_af_empirical	WARNING: 4 sequences contain more than 50% gaps/ambiguity
5013259at2759	3di_af_empirical	WARNING: 79 near-zero internal branches (<0.0083) should be treated with caution
5013259at2759	3di_af_empirical	WARNING: States(s) E, K, M rarely appear in alignment and may cause numerical problems
5013259at2759	3di_llm	WARNING: 4 sequences contain more than 50% gaps/ambiguity
5013259at2759	3di_llm	WARNING: 80 near-zero internal branches (<0.0083) should be treated with caution
5013259at2759	3di_llm	WARNING: States(s) E, K, M rarely appear in alignment and may cause numerical problems
5013539at2759	aa	WARNING: 1 near-zero internal branches (<0.0045) should be treated with caution
5013539at2759	aa	WARNING: 4 sequences contain more than 50% gaps/ambiguity
5013539at2759	3di_af	WARNING: 16 near-zero internal branches (<0.0045) should be treated with caution
5013539at2759	3di_af	WARNING: 4 sequences contain more than 50% gaps/ambiguity
5013539at2759	3di_af_empirical	WARNING: 17 near-zero internal branches (<0.0045) should be treated with caution
5013539at2759	3di_af_empirical	WARNING: 4 sequences contain more than 50% gaps/ambiguity
5013539at2759	3di_llm	WARNING: 16 near-zero internal branches (<0.0045) should be treated with caution
5013539at2759	3di_llm	WARNING: 4 sequences contain more than 50% gaps/ambiguity
5013726at2759	aa	WARNING: 2 sequences contain more than 50% gaps/ambiguity
5013726at2759	aa	WARNING: 7 near-zero internal branches (<0.0061) should be treated with caution
5013726at2759	3di_af	WARNING: 2 sequences contain more than 50% gaps/ambiguity
5013726at2759	3di_af	WARNING: 57 near-zero internal branches (<0.0061) should be treated with caution
5013726at2759	3di_af	WARNING: States(s) E, M, Y rarely appear in alignment and may cause numerical problems
5013726at2759	3di_af_empirical	WARNING: 2 sequences contain more than 50% gaps/ambiguity
5013726at2759	3di_af_empirical	WARNING: 55 near-zero internal branches (<0.0061) should be treated with caution
5013726at2759	3di_af_empirical	WARNING: States(s) E, M, Y rarely appear in alignment and may cause numerical problems
5013726at2759	3di_llm	WARNING: 2 sequences contain more than 50% gaps/ambiguity
5013726at2759	3di_llm	WARNING: 56 near-zero internal branches (<0.0061) should be treated with caution
5013726at2759	3di_llm	WARNING: States(s) E, M, Y rarely appear in alignment and may cause numerical problems
5013738at2759	aa	WARNING: 1 sequences contain more than 50% gaps/ambiguity
5013738at2759	aa	WARNING: 17 near-zero internal branches (<0.0059) should be treated with caution
5013738at2759	3di_af	WARNING: 1 sequences contain more than 50% gaps/ambiguity
5013738at2759	3di_af	WARNING: 57 near-zero internal branches (<0.0059) should be treated with caution
5013738at2759	3di_af	WARNING: States(s) E, Y rarely appear in alignment and may cause numerical problems
5013738at2759	3di_af_empirical	WARNING: 1 sequences contain more than 50% gaps/ambiguity
5013738at2759	3di_af_empirical	WARNING: 51 near-zero internal branches (<0.0059) should be treated with caution
5013738at2759	3di_af_empirical	WARNING: States(s) E, Y rarely appear in alignment and may cause numerical problems
5013738at2759	3di_llm	WARNING: 1 sequences contain more than 50% gaps/ambiguity
5013738at2759	3di_llm	WARNING: 64 near-zero internal branches (<0.0059) should be treated with caution
5013738at2759	3di_llm	WARNING: States(s) E, Y rarely appear in alignment and may cause numerical problems
5015403at2759	3di_af	WARNING: 1 near-zero internal branches (<0.0032) should be treated with caution
5015403at2759	3di_af_empirical	WARNING: 1 near-zero internal branches (<0.0032) should be treated with caution
5015403at2759	3di_llm	WARNING: 1 near-zero internal branches (<0.0032) should be treated with caution
5015712at2759	3di_af	WARNING: States(s) E, I, K, M, Y rarely appear in alignment and may cause numerical problems
5015712at2759	3di_af_empirical	WARNING: States(s) E, I, K, M, Y rarely appear in alignment and may cause numerical problems
5015712at2759	3di_llm	WARNING: States(s) E, I, K, M, Y rarely appear in alignment and may cause numerical problems
5015742at2759	aa	WARNING: Too low -mem, automatically increased to 0.619 MB
5015742at2759	aa	WARNING: Too low -mem, automatically increased to 0.631 MB
5015742at2759	aa	WARNING: Too low -mem, automatically increased to 0.643 MB
5015742at2759	aa	WARNING: Too low -mem, automatically increased to 0.656 MB
5015742at2759	aa	WARNING: Too low -mem, automatically increased to 0.668 MB
5015742at2759	aa	WARNING: Too low -mem, automatically increased to 0.680 MB
5015742at2759	aa	WARNING: Too low -mem, automatically increased to 0.693 MB
5015742at2759	aa	WARNING: Too low -mem, automatically increased to 0.705 MB
5015742at2759	aa	WARNING: Too low -mem, automatically increased to 0.717 MB
5015742at2759	aa	WARNING: Too low -mem, automatically increased to 0.730 MB
5015742at2759	aa	WARNING: Too low -mem, automatically increased to 0.742 MB
5015742at2759	aa	WARNING: Too low -mem, automatically increased to 0.755 MB
5015742at2759	aa	WARNING: Too low -mem, automatically increased to 2.250 MB
5015742at2759	3di_af	WARNING: Too low -mem, automatically increased to 0.680 MB
5015742at2759	3di_af_empirical	WARNING: Too low -mem, automatically increased to 0.680 MB
5015742at2759	3di_llm	WARNING: Too low -mem, automatically increased to 0.680 MB
5017019at2759	3di_af	WARNING: 1 near-zero internal branches (<0.0072) should be treated with caution
5017019at2759	3di_af	WARNING: States(s) K, W, Y rarely appear in alignment and may cause numerical problems
5017019at2759	3di_af_empirical	WARNING: 1 near-zero internal branches (<0.0072) should be treated with caution
5017019at2759	3di_af_empirical	WARNING: States(s) K, W, Y rarely appear in alignment and may cause numerical problems
5017019at2759	3di_llm	WARNING: 1 near-zero internal branches (<0.0072) should be treated with caution
5017019at2759	3di_llm	WARNING: States(s) K, W, Y rarely appear in alignment and may cause numerical problems
529759at2759	aa	WARNING: 18 near-zero internal branches (<0.0044) should be treated with caution
529759at2759	3di_af	WARNING: 46 near-zero internal branches (<0.0044) should be treated with caution
529759at2759	3di_af	WARNING: States(s) M rarely appear in alignment and may cause numerical problems
529759at2759	3di_af_empirical	WARNING: 42 near-zero internal branches (<0.0044) should be treated with caution
529759at2759	3di_af_empirical	WARNING: States(s) M rarely appear in alignment and may cause numerical problems
529759at2759	3di_llm	WARNING: 46 near-zero internal branches (<0.0044) should be treated with caution
529759at2759	3di_llm	WARNING: States(s) M rarely appear in alignment and may cause numerical problems
539632at2759	3di_af	WARNING: 6 near-zero internal branches (<0.0039) should be treated with caution
539632at2759	3di_af_empirical	WARNING: 5 near-zero internal branches (<0.0039) should be treated with caution
539632at2759	3di_llm	WARNING: 4 near-zero internal branches (<0.0039) should be treated with caution
540946at2759	3di_af	WARNING: States(s) E rarely appear in alignment and may cause numerical problems
540946at2759	3di_af_empirical	WARNING: States(s) E rarely appear in alignment and may cause numerical problems
540946at2759	3di_llm	WARNING: States(s) E rarely appear in alignment and may cause numerical problems
541070at2759	aa	WARNING: 2 near-zero internal branches (<0.0045) should be treated with caution
541070at2759	3di_af	WARNING: 16 near-zero internal branches (<0.0045) should be treated with caution
541070at2759	3di_af	WARNING: States(s) I, K, M, W rarely appear in alignment and may cause numerical problems
541070at2759	3di_af_empirical	WARNING: 13 near-zero internal branches (<0.0045) should be treated with caution
541070at2759	3di_af_empirical	WARNING: States(s) I, K, M, W rarely appear in alignment and may cause numerical problems
541070at2759	3di_llm	WARNING: 21 near-zero internal branches (<0.0045) should be treated with caution
541070at2759	3di_llm	WARNING: States(s) I, K, M, W rarely appear in alignment and may cause numerical problems
554735at2759	aa	WARNING: 2 near-zero internal branches (<0.0043) should be treated with caution
554735at2759	3di_af	WARNING: 26 near-zero internal branches (<0.0043) should be treated with caution
554735at2759	3di_af_empirical	WARNING: 29 near-zero internal branches (<0.0043) should be treated with caution
554735at2759	3di_llm	WARNING: 29 near-zero internal branches (<0.0043) should be treated with caution
649304at2759	aa	WARNING: 1 near-zero internal branches (<0.0036) should be treated with caution
649304at2759	3di_af	WARNING: 5 near-zero internal branches (<0.0036) should be treated with caution
649304at2759	3di_af	WARNING: States(s) E, G, I, K, M, T, W, Y rarely appear in alignment and may cause numerical problems
649304at2759	3di_af_empirical	WARNING: 3 near-zero internal branches (<0.0036) should be treated with caution
649304at2759	3di_af_empirical	WARNING: States(s) E, G, I, K, M, T, W, Y rarely appear in alignment and may cause numerical problems
649304at2759	3di_llm	WARNING: 6 near-zero internal branches (<0.0036) should be treated with caution
649304at2759	3di_llm	WARNING: States(s) E, G, I, K, M, T, W, Y rarely appear in alignment and may cause numerical problems
707076at2759	aa	WARNING: 3 sequences contain more than 50% gaps/ambiguity
707076at2759	aa	WARNING: 7 near-zero internal branches (<0.0044) should be treated with caution
707076at2759	3di_af	WARNING: 27 near-zero internal branches (<0.0044) should be treated with caution
707076at2759	3di_af	WARNING: 3 sequences contain more than 50% gaps/ambiguity
707076at2759	3di_af_empirical	WARNING: 22 near-zero internal branches (<0.0044) should be treated with caution
707076at2759	3di_af_empirical	WARNING: 3 sequences contain more than 50% gaps/ambiguity
707076at2759	3di_llm	WARNING: 24 near-zero internal branches (<0.0044) should be treated with caution
707076at2759	3di_llm	WARNING: 3 sequences contain more than 50% gaps/ambiguity
707202at2759	3di_af	WARNING: 1 near-zero internal branches (<0.0031) should be treated with caution
707202at2759	3di_af_empirical	WARNING: 1 near-zero internal branches (<0.0031) should be treated with caution
707202at2759	3di_llm	WARNING: 1 near-zero internal branches (<0.0031) should be treated with caution
727964at2759	aa	WARNING: 1 sequences contain more than 50% gaps/ambiguity
727964at2759	3di_af	WARNING: 1 near-zero internal branches (<0.0041) should be treated with caution
727964at2759	3di_af	WARNING: 1 sequences contain more than 50% gaps/ambiguity
727964at2759	3di_af	WARNING: States(s) M rarely appear in alignment and may cause numerical problems
727964at2759	3di_af_empirical	WARNING: 1 near-zero internal branches (<0.0041) should be treated with caution
727964at2759	3di_af_empirical	WARNING: 1 sequences contain more than 50% gaps/ambiguity
727964at2759	3di_af_empirical	WARNING: States(s) M rarely appear in alignment and may cause numerical problems
727964at2759	3di_llm	WARNING: 1 sequences contain more than 50% gaps/ambiguity
727964at2759	3di_llm	WARNING: 2 near-zero internal branches (<0.0041) should be treated with caution
727964at2759	3di_llm	WARNING: States(s) M rarely appear in alignment and may cause numerical problems
760428at2759	aa	WARNING: 1 sequences contain more than 50% gaps/ambiguity
760428at2759	3di_af	WARNING: 1 sequences contain more than 50% gaps/ambiguity
760428at2759	3di_af	WARNING: States(s) M rarely appear in alignment and may cause numerical problems
760428at2759	3di_af_empirical	WARNING: 1 sequences contain more than 50% gaps/ambiguity
760428at2759	3di_af_empirical	WARNING: States(s) M rarely appear in alignment and may cause numerical problems
760428at2759	3di_llm	WARNING: 1 sequences contain more than 50% gaps/ambiguity
760428at2759	3di_llm	WARNING: States(s) M rarely appear in alignment and may cause numerical problems
776280at2759	aa	WARNING: Too low -mem, automatically increased to 0.408 MB
776280at2759	aa	WARNING: Too low -mem, automatically increased to 0.421 MB
776280at2759	aa	WARNING: Too low -mem, automatically increased to 0.433 MB
776280at2759	aa	WARNING: Too low -mem, automatically increased to 0.446 MB
776280at2759	aa	WARNING: Too low -mem, automatically increased to 0.458 MB
776280at2759	aa	WARNING: Too low -mem, automatically increased to 0.470 MB
776280at2759	aa	WARNING: Too low -mem, automatically increased to 0.483 MB
776280at2759	aa	WARNING: Too low -mem, automatically increased to 0.495 MB
776280at2759	aa	WARNING: Too low -mem, automatically increased to 0.507 MB
776280at2759	aa	WARNING: Too low -mem, automatically increased to 1.422 MB
776280at2759	3di_af	WARNING: States(s) I, K, M rarely appear in alignment and may cause numerical problems
776280at2759	3di_af	WARNING: Too low -mem, automatically increased to 0.483 MB
776280at2759	3di_af_empirical	WARNING: States(s) I, K, M rarely appear in alignment and may cause numerical problems
776280at2759	3di_af_empirical	WARNING: Too low -mem, automatically increased to 0.483 MB
776280at2759	3di_llm	WARNING: States(s) I, K, M rarely appear in alignment and may cause numerical problems
776280at2759	3di_llm	WARNING: Too low -mem, automatically increased to 0.483 MB
801816at2759	aa	WARNING: 14 near-zero internal branches (<0.0065) should be treated with caution
801816at2759	3di_af	WARNING: 48 near-zero internal branches (<0.0065) should be treated with caution
801816at2759	3di_af	WARNING: States(s) E, Y rarely appear in alignment and may cause numerical problems
801816at2759	3di_af_empirical	WARNING: 46 near-zero internal branches (<0.0065) should be treated with caution
801816at2759	3di_af_empirical	WARNING: States(s) E, Y rarely appear in alignment and may cause numerical problems
801816at2759	3di_llm	WARNING: 48 near-zero internal branches (<0.0065) should be treated with caution
801816at2759	3di_llm	WARNING: States(s) E, Y rarely appear in alignment and may cause numerical problems
