marker	frame_source	source_receipt_sha256
115730at2759	baseline	1d758ee9720d596b46c88e634b78031e360d95638a3b9f9ea0958b19de2eb367
129234at2759	changed	d70920fb4cd953991acfc015bd49f8bcbd3e8b6c73bd1f2ce89accd96888cbd5
201273at2759	baseline	1d758ee9720d596b46c88e634b78031e360d95638a3b9f9ea0958b19de2eb367
207567at2759	baseline	1d758ee9720d596b46c88e634b78031e360d95638a3b9f9ea0958b19de2eb367
260326at2759	changed	d70920fb4cd953991acfc015bd49f8bcbd3e8b6c73bd1f2ce89accd96888cbd5
319730at2759	baseline	1d758ee9720d596b46c88e634b78031e360d95638a3b9f9ea0958b19de2eb367
345792at2759	changed	d70920fb4cd953991acfc015bd49f8bcbd3e8b6c73bd1f2ce89accd96888cbd5
352891at2759	baseline	1d758ee9720d596b46c88e634b78031e360d95638a3b9f9ea0958b19de2eb367
4613677at2759	changed	d70920fb4cd953991acfc015bd49f8bcbd3e8b6c73bd1f2ce89accd96888cbd5
4747214at2759	baseline	1d758ee9720d596b46c88e634b78031e360d95638a3b9f9ea0958b19de2eb367
4803900at2759	changed	d70920fb4cd953991acfc015bd49f8bcbd3e8b6c73bd1f2ce89accd96888cbd5
4823929at2759	baseline	1d758ee9720d596b46c88e634b78031e360d95638a3b9f9ea0958b19de2eb367
4837017at2759	baseline	1d758ee9720d596b46c88e634b78031e360d95638a3b9f9ea0958b19de2eb367
4843824at2759	baseline	1d758ee9720d596b46c88e634b78031e360d95638a3b9f9ea0958b19de2eb367
4867008at2759	changed	d70920fb4cd953991acfc015bd49f8bcbd3e8b6c73bd1f2ce89accd96888cbd5
4896098at2759	changed	d70920fb4cd953991acfc015bd49f8bcbd3e8b6c73bd1f2ce89accd96888cbd5
4900375at2759	baseline	1d758ee9720d596b46c88e634b78031e360d95638a3b9f9ea0958b19de2eb367
4908955at2759	baseline	1d758ee9720d596b46c88e634b78031e360d95638a3b9f9ea0958b19de2eb367
4969018at2759	baseline	1d758ee9720d596b46c88e634b78031e360d95638a3b9f9ea0958b19de2eb367
4969636at2759	baseline	1d758ee9720d596b46c88e634b78031e360d95638a3b9f9ea0958b19de2eb367
4969990at2759	baseline	1d758ee9720d596b46c88e634b78031e360d95638a3b9f9ea0958b19de2eb367
4970387at2759	baseline	1d758ee9720d596b46c88e634b78031e360d95638a3b9f9ea0958b19de2eb367
4971272at2759	baseline	1d758ee9720d596b46c88e634b78031e360d95638a3b9f9ea0958b19de2eb367
4974767at2759	baseline	1d758ee9720d596b46c88e634b78031e360d95638a3b9f9ea0958b19de2eb367
4976279at2759	baseline	1d758ee9720d596b46c88e634b78031e360d95638a3b9f9ea0958b19de2eb367
4977163at2759	baseline	1d758ee9720d596b46c88e634b78031e360d95638a3b9f9ea0958b19de2eb367
4985971at2759	baseline	1d758ee9720d596b46c88e634b78031e360d95638a3b9f9ea0958b19de2eb367
5000045at2759	baseline	1d758ee9720d596b46c88e634b78031e360d95638a3b9f9ea0958b19de2eb367
5000371at2759	baseline	1d758ee9720d596b46c88e634b78031e360d95638a3b9f9ea0958b19de2eb367
5000452at2759	changed	d70920fb4cd953991acfc015bd49f8bcbd3e8b6c73bd1f2ce89accd96888cbd5
5000476at2759	baseline	1d758ee9720d596b46c88e634b78031e360d95638a3b9f9ea0958b19de2eb367
5000743at2759	changed	d70920fb4cd953991acfc015bd49f8bcbd3e8b6c73bd1f2ce89accd96888cbd5
5001156at2759	baseline	1d758ee9720d596b46c88e634b78031e360d95638a3b9f9ea0958b19de2eb367
5001273at2759	baseline	1d758ee9720d596b46c88e634b78031e360d95638a3b9f9ea0958b19de2eb367
5001318at2759	baseline	1d758ee9720d596b46c88e634b78031e360d95638a3b9f9ea0958b19de2eb367
5001413at2759	changed	d70920fb4cd953991acfc015bd49f8bcbd3e8b6c73bd1f2ce89accd96888cbd5
5001473at2759	changed	d70920fb4cd953991acfc015bd49f8bcbd3e8b6c73bd1f2ce89accd96888cbd5
5001734at2759	baseline	1d758ee9720d596b46c88e634b78031e360d95638a3b9f9ea0958b19de2eb367
5002334at2759	baseline	1d758ee9720d596b46c88e634b78031e360d95638a3b9f9ea0958b19de2eb367
5002573at2759	baseline	1d758ee9720d596b46c88e634b78031e360d95638a3b9f9ea0958b19de2eb367
5003856at2759	baseline	1d758ee9720d596b46c88e634b78031e360d95638a3b9f9ea0958b19de2eb367
5003972at2759	changed	d70920fb4cd953991acfc015bd49f8bcbd3e8b6c73bd1f2ce89accd96888cbd5
5004118at2759	changed	d70920fb4cd953991acfc015bd49f8bcbd3e8b6c73bd1f2ce89accd96888cbd5
5004478at2759	baseline	1d758ee9720d596b46c88e634b78031e360d95638a3b9f9ea0958b19de2eb367
5005010at2759	changed	d70920fb4cd953991acfc015bd49f8bcbd3e8b6c73bd1f2ce89accd96888cbd5
5005174at2759	baseline	1d758ee9720d596b46c88e634b78031e360d95638a3b9f9ea0958b19de2eb367
5005196at2759	baseline	1d758ee9720d596b46c88e634b78031e360d95638a3b9f9ea0958b19de2eb367
5005274at2759	baseline	1d758ee9720d596b46c88e634b78031e360d95638a3b9f9ea0958b19de2eb367
5005750at2759	baseline	1d758ee9720d596b46c88e634b78031e360d95638a3b9f9ea0958b19de2eb367
5005892at2759	baseline	1d758ee9720d596b46c88e634b78031e360d95638a3b9f9ea0958b19de2eb367
5013042at2759	baseline	1d758ee9720d596b46c88e634b78031e360d95638a3b9f9ea0958b19de2eb367
5013067at2759	baseline	1d758ee9720d596b46c88e634b78031e360d95638a3b9f9ea0958b19de2eb367
5013259at2759	changed	d70920fb4cd953991acfc015bd49f8bcbd3e8b6c73bd1f2ce89accd96888cbd5
5013539at2759	baseline	1d758ee9720d596b46c88e634b78031e360d95638a3b9f9ea0958b19de2eb367
5013726at2759	changed	d70920fb4cd953991acfc015bd49f8bcbd3e8b6c73bd1f2ce89accd96888cbd5
5013738at2759	baseline	1d758ee9720d596b46c88e634b78031e360d95638a3b9f9ea0958b19de2eb367
5015403at2759	baseline	1d758ee9720d596b46c88e634b78031e360d95638a3b9f9ea0958b19de2eb367
5015712at2759	baseline	1d758ee9720d596b46c88e634b78031e360d95638a3b9f9ea0958b19de2eb367
5015742at2759	baseline	1d758ee9720d596b46c88e634b78031e360d95638a3b9f9ea0958b19de2eb367
5017019at2759	baseline	1d758ee9720d596b46c88e634b78031e360d95638a3b9f9ea0958b19de2eb367
529759at2759	baseline	1d758ee9720d596b46c88e634b78031e360d95638a3b9f9ea0958b19de2eb367
539632at2759	baseline	1d758ee9720d596b46c88e634b78031e360d95638a3b9f9ea0958b19de2eb367
540946at2759	baseline	1d758ee9720d596b46c88e634b78031e360d95638a3b9f9ea0958b19de2eb367
541070at2759	baseline	1d758ee9720d596b46c88e634b78031e360d95638a3b9f9ea0958b19de2eb367
554735at2759	baseline	1d758ee9720d596b46c88e634b78031e360d95638a3b9f9ea0958b19de2eb367
649304at2759	baseline	1d758ee9720d596b46c88e634b78031e360d95638a3b9f9ea0958b19de2eb367
707076at2759	baseline	1d758ee9720d596b46c88e634b78031e360d95638a3b9f9ea0958b19de2eb367
707202at2759	baseline	1d758ee9720d596b46c88e634b78031e360d95638a3b9f9ea0958b19de2eb367
727964at2759	baseline	1d758ee9720d596b46c88e634b78031e360d95638a3b9f9ea0958b19de2eb367
760428at2759	baseline	1d758ee9720d596b46c88e634b78031e360d95638a3b9f9ea0958b19de2eb367
776280at2759	baseline	1d758ee9720d596b46c88e634b78031e360d95638a3b9f9ea0958b19de2eb367
801816at2759	baseline	1d758ee9720d596b46c88e634b78031e360d95638a3b9f9ea0958b19de2eb367
