model_id	alphabet_model	rate_model	rsa_scale	controls	term	coefficient_baseline	marker_cluster_standard_error_baseline	t_statistic_baseline	p_value_conditional_cluster_t_baseline	ci95_lower_baseline	ci95_upper_baseline	bh_q_across_all_72_focal_tests_baseline	coefficient_sensitivity	marker_cluster_standard_error_sensitivity	t_statistic_sensitivity	p_value_conditional_cluster_t_sensitivity	ci95_lower_sensitivity	ci95_upper_sensitivity	bh_q_across_all_72_focal_tests_sensitivity	coefficient_change	coefficient_sign_changed
3di_af__freerate__miller1987__composition_adjusted	3di_af	freerate	miller1987	composition_adjusted	aa_by_rsa	0.03480388487455295	0.046606569460551174	0.7467592074978127	0.45767469245577364	-0.05812697519934952	0.12773474494845544	0.4918295202509806	0.03780193985295215	0.046771137168277785	0.8082322163120521	0.42165675649148016	-0.05545705891033335	0.13106093861623766	0.45998918889979656	0.002998054978399202	False
3di_af__freerate__miller1987__composition_adjusted	3di_af	freerate	miller1987	composition_adjusted	aa_log1p_rate	0.06962851582532531	0.02509875565132065	2.774181987052477	0.007066340060428512	0.0195830184531966	0.11967401319745402	0.013388854851338233	0.06409705465116608	0.025644867906550278	2.4994105988276214	0.014753794150552392	0.012962640369623031	0.11523146893270914	0.02723777381640442	-0.00553146117415923	False
3di_af__freerate__miller1987__composition_adjusted	3di_af	freerate	miller1987	composition_adjusted	rsa_centered	-0.2080017921327528	0.03600807692670541	-5.776531541968802	1.8664411211949885e-07	-0.2797998583096321	-0.1362037259558735	8.958917381735944e-07	-0.20985943851368785	0.036092355098533334	-5.814512185219407	1.6007819180290369e-07	-0.2818255505923376	-0.13789332643503807	7.683753206539377e-07	-0.0018576463809350519	False
3di_af__freerate__miller1987__coverage_confidence	3di_af	freerate	miller1987	coverage_confidence	aa_by_rsa	0.02215753099046101	0.04755508251250605	0.4659340247098513	0.6426889853753599	-0.07266461039270189	0.11697967237362392	0.6517409429158579	0.024542451476136942	0.047585433949697616	0.5157555461631531	0.6076275388138636	-0.07034020895391867	0.11942511190619255	0.6161856731633546	0.002384920485675932	False
3di_af__freerate__miller1987__coverage_confidence	3di_af	freerate	miller1987	coverage_confidence	aa_log1p_rate	0.1663893260755369	0.01732699917274827	9.602893404487048	1.8235903149937507e-14	0.13184027099036885	0.20093838116070492	1.1936227516322732e-13	0.16523658935576419	0.01743086279733151	9.479541619767682	3.070710087684072e-14	0.130480436085198	0.19999274262633038	2.0099193301204833e-13	-0.0011527367197727012	False
3di_af__freerate__miller1987__coverage_confidence	3di_af	freerate	miller1987	coverage_confidence	rsa_centered	-0.17354643307832435	0.03729397896099256	-4.653470557803562	1.4742420243706798e-05	-0.24790851508816975	-0.09918435106847895	3.790908062667462e-05	-0.1753505683550432	0.037408109090548904	-4.687501523549215	1.2989101400414035e-05	-0.24994021937978883	-0.10076091733029757	3.340054645820752e-05	-0.0018041352767188545	False
3di_af__freerate__tien2013__composition_adjusted	3di_af	freerate	tien2013	composition_adjusted	aa_by_rsa	0.03426030266419195	0.054737035360344966	0.6259071657544011	0.5333828177518876	-0.07488224596809936	0.14340285129648325	0.5486223268305129	0.03755149718409484	0.05493105024292404	0.6836114914611896	0.49644552415185217	-0.07197790613657835	0.14708090050476802	0.5106296819847622	0.003291194519902889	False
3di_af__freerate__tien2013__composition_adjusted	3di_af	freerate	tien2013	composition_adjusted	aa_log1p_rate	0.07208844321863135	0.02439326759405238	2.9552598043981657	0.00423659454265759	0.023449649079387	0.1207272373578757	0.008244183974901256	0.06668985578413518	0.024907198366499607	2.6775334103346444	0.009206366973374841	0.0170263127896379	0.11635339877863246	0.017915092488729422	-0.0053985874344961715	False
3di_af__freerate__tien2013__composition_adjusted	3di_af	freerate	tien2013	composition_adjusted	rsa_centered	-0.24158479295286497	0.04206402700418388	-5.743263547468621	2.1345745658349912e-07	-0.3254580806227367	-0.15771150528299327	9.605585546257462e-07	-0.24345805366228046	0.04217869389508501	-5.772062413024366	1.900429823849062e-07	-0.327559980618776	-0.15935612670578495	8.551934207320779e-07	-0.0018732607094154863	False
3di_af__freerate__tien2013__coverage_confidence	3di_af	freerate	tien2013	coverage_confidence	aa_by_rsa	0.017017057460933762	0.05559532722546717	0.3060879090057513	0.7604334543672939	-0.09383687654349382	0.12787099146536135	0.7604334543672939	0.01954835163148058	0.05563478824858104	0.3513692106481444	0.7263519630199866	-0.09138426541827331	0.1304809686812345	0.7263519630199866	0.0025312941705468196	False
3di_af__freerate__tien2013__coverage_confidence	3di_af	freerate	tien2013	coverage_confidence	aa_log1p_rate	0.16863299945088045	0.016478947893030116	10.233238222823978	1.293671012476716e-15	0.1357749105904994	0.2014910883112615	1.5524052149720592e-14	0.16759257042691045	0.016576158131323435	10.11045919682777	2.160670248651375e-15	0.13454064985659775	0.20064449099722315	2.5119294609345697e-14	-0.001040429023970002	False
3di_af__freerate__tien2013__coverage_confidence	3di_af	freerate	tien2013	coverage_confidence	rsa_centered	-0.20455239462845123	0.04299816220455441	-4.757235754759417	1.000768599695109e-05	-0.2902882949857729	-0.11881649427112954	2.668716265853624e-05	-0.20642067002164824	0.04315023696361054	-4.783766777358069	9.058427977357228e-06	-0.29245979883620665	-0.12038154120708985	2.4155807939619275e-05	-0.0018682753931970053	False
3di_af__gamma__miller1987__composition_adjusted	3di_af	gamma	miller1987	composition_adjusted	aa_by_rsa	0.045849659385486095	0.04562793012009295	1.0048595074291022	0.31837693938831707	-0.04512984926599687	0.13682916803696907	0.3757891743599808	0.047191388922508744	0.04535134884590496	1.0405729955873173	0.30160430974549596	-0.04323663233163679	0.13761941017665427	0.36192517169459515	0.0013417295370226484	False
3di_af__gamma__miller1987__composition_adjusted	3di_af	gamma	miller1987	composition_adjusted	aa_log1p_rate	0.06721998974963715	0.02561444118215403	2.6243004589329217	0.010623044429289295	0.016146244633409274	0.11829373486586503	0.018210933307353076	0.06043373110084093	0.02620430359433656	2.3062521346265523	0.024019497216813533	0.008183833739900268	0.1126836284617816	0.039304631809331234	-0.0067862586487962215	False
3di_af__gamma__miller1987__composition_adjusted	3di_af	gamma	miller1987	composition_adjusted	rsa_centered	-0.2023269885749791	0.03345760072999697	-6.0472653197029596	6.207255943744638e-08	-0.2690395496545835	-0.13561442749537472	3.192303056782957e-07	-0.20086108291260998	0.033041812763521104	-6.078997068053273	5.4507692901838495e-08	-0.2667445863340298	-0.13497757949119016	2.803252777808837e-07	0.0014659056623691213	False
3di_af__gamma__miller1987__coverage_confidence	3di_af	gamma	miller1987	coverage_confidence	aa_by_rsa	0.03624320505059377	0.04732346332306795	0.7658612135626794	0.44629755289215767	-0.058117100785923255	0.1306035108871108	0.48687005770053565	0.03684468178725096	0.04690339104839315	0.785544093160258	0.43474829100107737	-0.05667802372316243	0.13036738729766434	0.4671921933145906	0.0006014767366571902	False
3di_af__gamma__miller1987__coverage_confidence	3di_af	gamma	miller1987	coverage_confidence	aa_log1p_rate	0.16435251180522795	0.016276687617261153	10.09741758703625	2.281826213428656e-15	0.13189771848029505	0.19680730513016084	2.0536435920857903e-14	0.16250964587257063	0.016389820063572525	9.915279438226367	4.89565067145412e-15	0.12982927285662704	0.19519001888851423	3.916520537163296e-14	-0.0018428659326573116	False
3di_af__gamma__miller1987__coverage_confidence	3di_af	gamma	miller1987	coverage_confidence	rsa_centered	-0.17344790560292683	0.03546245997732352	-4.891028589495431	6.039549504167957e-06	-0.244158042482202	-0.10273776872365167	1.6724906319234344e-05	-0.17230263380745098	0.03523828491112086	-4.889643018723477	6.0714078091190605e-06	-0.24256577830023499	-0.10203948931466697	1.6813129317560474e-05	0.0011452717954758551	False
3di_af__gamma__tien2013__composition_adjusted	3di_af	gamma	tien2013	composition_adjusted	aa_by_rsa	0.05061575326100543	0.05313376607934973	0.952609931421313	0.3440196238190434	-0.0553299672215748	0.15656147374358567	0.3870220767964238	0.05194711981597457	0.052752669274367274	0.9847296929335835	0.32810074890675667	-0.053238715219803744	0.15713295485175288	0.37497228446486475	0.0013313665549691406	False
3di_af__gamma__tien2013__composition_adjusted	3di_af	gamma	tien2013	composition_adjusted	aa_log1p_rate	0.06981165188417392	0.025308563958435514	2.758420114188471	0.0073809042405990535	0.019347808629554604	0.12027549513879324	0.013626284751875177	0.06309342477076947	0.025878076548588917	2.4381033363242692	0.017269362817447786	0.011494005664109193	0.11469284387742976	0.031084853071406016	-0.006718227113404446	False
3di_af__gamma__tien2013__composition_adjusted	3di_af	gamma	tien2013	composition_adjusted	rsa_centered	-0.23751213854060432	0.03898872282064702	-6.091816334512668	5.171700896035011e-08	-0.31525344382960485	-0.15977083325160382	2.8643266501116986e-07	-0.23553750926849334	0.038500063138133145	-6.117847350624228	4.647789715770014e-08	-0.31230445482441177	-0.15877056371257492	2.574160457964931e-07	0.001974629272110978	False
3di_af__gamma__tien2013__coverage_confidence	3di_af	gamma	tien2013	coverage_confidence	aa_by_rsa	0.037201321488296864	0.05493147882144996	0.6772313851082828	0.5004599186434299	-0.0723289363936857	0.14673157937027942	0.5222190455409703	0.03763944097880312	0.05439023657605525	0.6920256896873566	0.4911781948126117	-0.07081161051757678	0.14609049247518302	0.5106296819847622	0.00043811949050625437	False
3di_af__gamma__tien2013__coverage_confidence	3di_af	gamma	tien2013	coverage_confidence	aa_log1p_rate	0.16692944454009828	0.015525463314122419	10.75197829286385	1.5033665257832132e-16	0.13597254993217334	0.19788633914802323	4.767333177767486e-15	0.16510662801548817	0.015652048412101813	10.548563591704164	3.4859905387625616e-16	0.1338973298909791	0.19631592613999724	8.366377293030148e-15	-0.0018228165246101102	False
3di_af__gamma__tien2013__coverage_confidence	3di_af	gamma	tien2013	coverage_confidence	rsa_centered	-0.20644713045030635	0.04078083412749793	-5.0623567385813235	3.1361513089906644e-06	-0.2877618041940434	-0.1251324567065693	9.817517141188168e-06	-0.2047396445248386	0.040490738761133016	-5.056456137603688	3.2082337338914657e-06	-0.28547588453676953	-0.12400340451290763	9.456312543457387e-06	0.0017074859254677666	False
3di_af_empirical__freerate__miller1987__composition_adjusted	3di_af_empirical	freerate	miller1987	composition_adjusted	aa_by_rsa	0.06636609286415168	0.046284007937492586	1.4338882007318883	0.15599372037939707	-0.02592159780012593	0.1586537835284293	0.2202264287709135	0.06859385519522533	0.04663324972292939	1.4709216192904093	0.14573058677362233	-0.02439020381089857	0.16157791420134923	0.20573729897452564	0.002227762331073649	False
3di_af_empirical__freerate__miller1987__composition_adjusted	3di_af_empirical	freerate	miller1987	composition_adjusted	aa_log1p_rate	0.05374616632781796	0.025376982870019812	2.1179100211835387	0.03768496997357083	0.003145899638209916	0.104346433017426	0.056527454960356244	0.04849849283180466	0.025660963244631928	1.889971641729005	0.06284412586068255	-0.00266801464235953	0.09966500030596884	0.09426618879102383	-0.005247673496013301	False
3di_af_empirical__freerate__miller1987__composition_adjusted	3di_af_empirical	freerate	miller1987	composition_adjusted	rsa_centered	-0.1856780081213637	0.034765149700648694	-5.340923589289163	1.0602146916455785e-06	-0.2549977477991325	-0.11635826844359493	4.490321046969509e-06	-0.18809787191946697	0.03495925808531015	-5.380488094468617	9.072540764813836e-07	-0.2578046527234747	-0.11839109111545926	3.842487853332919e-06	-0.0024198637981032722	False
3di_af_empirical__freerate__miller1987__coverage_confidence	3di_af_empirical	freerate	miller1987	coverage_confidence	aa_by_rsa	0.05344222104015782	0.04689391354339246	1.1396408830477756	0.25826615266350234	-0.040061586862015705	0.14694602894233133	0.32060625847883045	0.054556533749059805	0.04711365897653478	1.157977005696628	0.2507539116412385	-0.03938543410214222	0.14849850160026185	0.3112807178994685	0.001114312708901985	False
3di_af_empirical__freerate__miller1987__coverage_confidence	3di_af_empirical	freerate	miller1987	coverage_confidence	aa_log1p_rate	0.1680630002584342	0.01672271522799223	10.049982790899458	2.782999224431304e-15	0.13471885313720805	0.20140714737966037	2.2263993795450432e-14	0.16748500019885124	0.016767245042173664	9.98882045187424	3.595955110393806e-15	0.13405206314996662	0.20091793724773585	3.2363595993544256e-14	-0.0005780000595829726	False
3di_af_empirical__freerate__miller1987__coverage_confidence	3di_af_empirical	freerate	miller1987	coverage_confidence	rsa_centered	-0.1563338125643238	0.0361620610673364	-4.323144421254607	4.9250240770397595e-05	-0.2284389143971677	-0.08422871073147989	0.00011438765598285892	-0.15782817168723043	0.036376027962937665	-4.338796194241888	4.655986037589639e-05	-0.230359911392497	-0.08529643198196386	0.00011174366490215133	-0.00149435912290663	False
3di_af_empirical__freerate__tien2013__composition_adjusted	3di_af_empirical	freerate	tien2013	composition_adjusted	aa_by_rsa	0.07059882910233872	0.05411587319556147	1.3045863428501263	0.19624671066687444	-0.03730515735112591	0.17850281555580336	0.26409422048287184	0.0728879705243403	0.054560444325810684	1.3359123340177692	0.1858443034069997	-0.03590246558582037	0.18167840663450097	0.25732288164046113	0.002289141422001581	False
3di_af_empirical__freerate__tien2013__composition_adjusted	3di_af_empirical	freerate	tien2013	composition_adjusted	aa_log1p_rate	0.05757365859588625	0.02479843561560131	2.321664942431499	0.02312499198521253	0.008126982367211273	0.10702033482456122	0.035425519636921324	0.05243652519071896	0.02503737940318431	2.09432961598409	0.039800977383423496	0.00251340858150495	0.10235964179993297	0.06097171003418067	-0.005137133405167291	False
3di_af_empirical__freerate__tien2013__composition_adjusted	3di_af_empirical	freerate	tien2013	composition_adjusted	rsa_centered	-0.2154823500848743	0.04070257357914987	-5.2940718764588475	1.2743339365345433e-06	-0.29664097672726875	-0.13432372344247984	5.097335746138173e-06	-0.2179835471126105	0.04095493225040501	-5.3225224688402415	1.1397292311621913e-06	-0.2996453626538725	-0.13632173157134853	4.558916924648765e-06	-0.0025011970277362128	False
3di_af_empirical__freerate__tien2013__coverage_confidence	3di_af_empirical	freerate	tien2013	coverage_confidence	aa_by_rsa	0.05347589555813526	0.054633860139165276	0.9788050015488489	0.33099979713036376	-0.0554609275261588	0.16241271864242932	0.38438686118364823	0.05440375445088655	0.05492823112535317	0.9904516008667801	0.3253169411029979	-0.05512002770900305	0.16392753661077614	0.37497228446486475	0.0009278588927512862	False
3di_af_empirical__freerate__tien2013__coverage_confidence	3di_af_empirical	freerate	tien2013	coverage_confidence	aa_log1p_rate	0.171806162672257	0.016079963556123192	10.684487068183302	1.9863888240697857e-16	0.13974362598432583	0.2038686993601882	4.767333177767486e-15	0.17127999238178332	0.016110524258414964	10.631559199094289	2.472224281612707e-16	0.13915651938420076	0.20340346537936588	8.366377293030148e-15	-0.0005261702904736931	False
3di_af_empirical__freerate__tien2013__coverage_confidence	3di_af_empirical	freerate	tien2013	coverage_confidence	rsa_centered	-0.18458541042604634	0.04169270669858734	-4.427282972067165	3.3827495361807366e-05	-0.2677183064352274	-0.10145251441686526	8.398550572586656e-05	-0.1859663131969086	0.04196842349758504	-4.431100758588407	3.336207006262558e-05	-0.2696489728888548	-0.10228365350496241	8.282996705203592e-05	-0.0013809027708622523	False
3di_af_empirical__gamma__miller1987__composition_adjusted	3di_af_empirical	gamma	miller1987	composition_adjusted	aa_by_rsa	0.06880697812188676	0.04518938970914049	1.5226357019813683	0.13229160494124512	-0.02129810578564527	0.15891206202941877	0.1943876644034622	0.0698348045328676	0.045335312978526096	1.5404063619445207	0.1279066457605154	-0.020561242109870204	0.1602308511756054	0.18794445907667567	0.0010278264109808422	False
3di_af_empirical__gamma__miller1987__composition_adjusted	3di_af_empirical	gamma	miller1987	composition_adjusted	aa_log1p_rate	0.059937739626145736	0.02426085339987405	2.4705536379217765	0.015893636205287935	0.01156297189119189	0.10831250736109958	0.02600776833592571	0.056871443903067136	0.02439650101313861	2.3311311680490294	0.022590363361199673	0.008226202509280335	0.10551668529685393	0.038726337190628006	-0.0030662957230786006	False
3di_af_empirical__gamma__miller1987__composition_adjusted	3di_af_empirical	gamma	miller1987	composition_adjusted	rsa_centered	-0.16626769525669874	0.03192741824294076	-5.207677426077538	1.7860867877952368e-06	-0.2299291591146439	-0.10260623139875359	6.429912436062852e-06	-0.16766613025707536	0.03181030377873583	-5.270811980398464	1.395877397317445e-06	-0.2310940745058403	-0.10423818600831042	5.025158630342802e-06	-0.0013984350003766188	False
3di_af_empirical__gamma__miller1987__coverage_confidence	3di_af_empirical	gamma	miller1987	coverage_confidence	aa_by_rsa	0.06073262668770404	0.04654520544926341	1.3048095094113532	0.1961710934330073	-0.03207587702286679	0.15354113039827486	0.26409422048287184	0.06157314731479825	0.046644290820289196	1.320057529699119	0.1910559811675363	-0.03143292701417996	0.15457922164377647	0.25954774800118136	0.0008405206270942142	False
3di_af_empirical__gamma__miller1987__coverage_confidence	3di_af_empirical	gamma	miller1987	coverage_confidence	aa_log1p_rate	0.16229069431125545	0.01550812999521067	10.464878380654225	4.932730754514783e-16	0.13136836135961732	0.19321302726289358	7.103132286501287e-15	0.16172019087484374	0.01559235119753136	10.371764259674185	7.263760894379906e-16	0.1306299256154063	0.1928104561342812	1.2021125406827154e-14	-0.0005705034364117123	False
3di_af_empirical__gamma__miller1987__coverage_confidence	3di_af_empirical	gamma	miller1987	coverage_confidence	rsa_centered	-0.14169540759532429	0.033849753578784864	-4.186010018227461	8.021447430471627e-05	-0.20918989924695108	-0.07420091594369749	0.00017678775947963925	-0.14205339681743823	0.034013149224855564	-4.176425883952868	8.297125460813717e-05	-0.20987369013388255	-0.07423310350099391	0.00018668532286830866	-0.00035798922211394135	False
3di_af_empirical__gamma__tien2013__composition_adjusted	3di_af_empirical	gamma	tien2013	composition_adjusted	aa_by_rsa	0.07677636587870093	0.05249406959678986	1.4625721813611494	0.1479971429185941	-0.027893836045044876	0.18144656780244672	0.2131158858027755	0.07752477194478936	0.05267783164406836	1.4716773550704572	0.14552677969966973	-0.027511841094389144	0.18256138498396787	0.20573729897452564	0.0007484060660884334	False
3di_af_empirical__gamma__tien2013__composition_adjusted	3di_af_empirical	gamma	tien2013	composition_adjusted	aa_log1p_rate	0.0634680181847556	0.02404215753614344	2.639863668197908	0.010189638340333035	0.015529317616862673	0.11140671875264853	0.017893999036682404	0.06046971514637803	0.02416972406070402	2.5018785896977533	0.014659809358833587	0.012276654152878423	0.10866277613987763	0.02723777381640442	-0.0029983030383775727	False
3di_af_empirical__gamma__tien2013__composition_adjusted	3di_af_empirical	gamma	tien2013	composition_adjusted	rsa_centered	-0.19440000910290842	0.037240457264087215	-5.220129487786333	1.7014807846917056e-06	-0.2686553718801735	-0.12014464632564328	6.429912436062852e-06	-0.19563485109364778	0.03709435824674876	-5.2739785870482	1.3786844382081896e-06	-0.26959890070424214	-0.12167080148305343	5.025158630342802e-06	-0.001234841990739366	False
3di_af_empirical__gamma__tien2013__coverage_confidence	3di_af_empirical	gamma	tien2013	coverage_confidence	aa_by_rsa	0.06588485881788131	0.05399076998972527	1.2202985590022062	0.22638933046516516	-0.04176967892800999	0.1735393965637726	0.2910719963123552	0.06638374254956775	0.054128099276106026	1.226419243190972	0.22409278384231873	-0.04154462201611345	0.17431210711524894	0.2830645690639816	0.0004988837316864392	False
3di_af_empirical__gamma__tien2013__coverage_confidence	3di_af_empirical	gamma	tien2013	coverage_confidence	aa_log1p_rate	0.1659672861712885	0.014933605268855664	11.11367839067078	3.4038468884446395e-17	0.13619052298742926	0.19574404935514775	2.4507697596801404e-15	0.16545957451998597	0.015034095803193249	11.005621933368436	5.297640547297488e-17	0.13548243890165304	0.1954367101383189	3.8143011940541915e-15	-0.0005077116513025337	False
3di_af_empirical__gamma__tien2013__coverage_confidence	3di_af_empirical	gamma	tien2013	coverage_confidence	rsa_centered	-0.16870815256054997	0.03895366988364591	-4.330995078627481	4.7882507881242474e-05	-0.2463795642782936	-0.09103674084280634	0.00011438765598285892	-0.16877953781255067	0.0391605396130568	-4.309939022297758	5.16365978712281e-05	-0.24686343605526118	-0.09069563956984018	0.00011993016279769107	-7.138525200070522e-05	False
3di_llm__freerate__miller1987__composition_adjusted	3di_llm	freerate	miller1987	composition_adjusted	aa_by_rsa	0.05350999045315739	0.04530617581494173	1.1810749746728808	0.2415142154380872	-0.03682795833549354	0.1438479392418083	0.30507058792179437	0.05637120579241552	0.045421869615372985	1.241058685381298	0.2186690021634782	-0.03419742988230615	0.1469398414671372	0.2830645690639816	0.0028612153392581358	False
3di_llm__freerate__miller1987__composition_adjusted	3di_llm	freerate	miller1987	composition_adjusted	aa_log1p_rate	0.06172340839697218	0.025120528746923332	2.4570903351121474	0.016452003524239204	0.011634496705269032	0.11181232008867532	0.026323205638782727	0.05545024757531721	0.025670750878578726	2.1600555370426795	0.03414577407564331	0.00426422411335791	0.10663627103727652	0.05344555942274605	-0.006273160821654966	False
3di_llm__freerate__miller1987__composition_adjusted	3di_llm	freerate	miller1987	composition_adjusted	rsa_centered	-0.18308935892576925	0.03643303225631444	-5.02536702511323	3.61565005184616e-06	-0.25573476196375317	-0.11044395588778534	1.084695015553848e-05	-0.18497368582235837	0.03639835721089401	-5.081924020653213	2.9082830642021145e-06	-0.25754994878349646	-0.11239742286122029	9.104190461850098e-06	-0.001884326896589128	False
3di_llm__freerate__miller1987__coverage_confidence	3di_llm	freerate	miller1987	coverage_confidence	aa_by_rsa	0.03974104482625289	0.04603232927897901	0.8633290004814272	0.3908636555225594	-0.05204481284605329	0.13152690249855908	0.432956664578835	0.0416816688273539	0.046031488375551766	0.9055033912284239	0.3682613760213459	-0.05010251213114053	0.13346584978584833	0.4079202934390293	0.00194062400110101	False
3di_llm__freerate__miller1987__coverage_confidence	3di_llm	freerate	miller1987	coverage_confidence	aa_log1p_rate	0.16141360228008098	0.016917152998296072	9.541416472165196	2.364097376159045e-14	0.1276817572562988	0.19514544730386316	1.418458425695427e-13	0.16031861451795681	0.0169974053520624	9.431946299880668	3.7555318601203837e-14	0.12642675084562827	0.19421047819028536	2.2533191160722302e-13	-0.001094987762124161	False
3di_llm__freerate__miller1987__coverage_confidence	3di_llm	freerate	miller1987	coverage_confidence	rsa_centered	-0.14926383632148452	0.037629801047663156	-3.966638997969242	0.00017206616513514025	-0.22429552855382281	-0.07423214408914622	0.0003441323302702805	-0.15111884307765333	0.037694158396196144	-4.009078581600678	0.000148701137781488	-0.22627886021827112	-0.07595882593703554	0.00030589948343620393	-0.0018550067561688144	False
3di_llm__freerate__tien2013__composition_adjusted	3di_llm	freerate	tien2013	composition_adjusted	aa_by_rsa	0.0570783687101104	0.05327032244971992	1.0714853240091566	0.2875800175786277	-0.04913963744150656	0.16329637486172735	0.3509451061976474	0.06007795356193239	0.05341576723939691	1.1247232168860766	0.26449436258152365	-0.04643006126344869	0.1665859683873135	0.3227727814554187	0.0029995848518219945	False
3di_llm__freerate__tien2013__composition_adjusted	3di_llm	freerate	tien2013	composition_adjusted	aa_log1p_rate	0.06484036033452044	0.02445761046968502	2.6511322688244405	0.009885930216068145	0.01607327014514027	0.11360745052390062	0.01779467438892266	0.05871040842851006	0.024993522520007496	2.3490249676295907	0.021609657807032258	0.008874739960640837	0.10854607689637928	0.037948667368446896	-0.006129951906010379	False
3di_llm__freerate__tien2013__composition_adjusted	3di_llm	freerate	tien2013	composition_adjusted	rsa_centered	-0.21303164693162674	0.04258323940587863	-5.002711158283032	3.944029461949095e-06	-0.2979402147263609	-0.12812307913689258	1.1358804850413394e-05	-0.21491982140993077	0.042554702508062446	-5.050436467490565	3.283441855367148e-06	-0.29977148824652544	-0.13006815457333606	9.456312543457387e-06	-0.0018881744783040277	False
3di_llm__freerate__tien2013__coverage_confidence	3di_llm	freerate	tien2013	coverage_confidence	aa_by_rsa	0.03898763269205393	0.05386205401103258	0.7238422932045645	0.4715408421883732	-0.06841025268178733	0.1463855180658952	0.4992785387876893	0.040846769633480946	0.053874494289374415	0.7581838154077503	0.4508503254196303	-0.06657592095085418	0.14826946021781606	0.4773709327972557	0.001859136941427017	False
3di_llm__freerate__tien2013__coverage_confidence	3di_llm	freerate	tien2013	coverage_confidence	aa_log1p_rate	0.1643895748962663	0.016136606914264832	10.18736936269701	1.56668573661796e-15	0.13221409456003608	0.1965650552324965	1.611448186235616e-14	0.16339830138106132	0.01620823513546769	10.08119021074076	2.442153642575276e-15	0.13107999842821308	0.19571660433390956	2.5119294609345697e-14	-0.0009912735152049768	False
3di_llm__freerate__tien2013__coverage_confidence	3di_llm	freerate	tien2013	coverage_confidence	rsa_centered	-0.17680918358028683	0.04342470316888661	-4.0716267625974	0.00011974210581622507	-0.2633955824645532	-0.09022278469602048	0.00025357151819906484	-0.1786690159032875	0.04351330361582382	-4.1060779360892665	0.00010619566143084593	-0.26543207906111244	-0.09190595274546252	0.0002248849300888502	-0.0018598323230006597	False
3di_llm__gamma__miller1987__composition_adjusted	3di_llm	gamma	miller1987	composition_adjusted	aa_by_rsa	0.05857495888858742	0.045084616209848716	1.2992227463121166	0.1980706653621539	-0.03132121259490579	0.14847113037208065	0.26409422048287184	0.05762659623353595	0.044933006147239905	1.2825003527407162	0.20383857729048518	-0.03196727337111976	0.14722046583819165	0.2717847697206469	-0.0009483626550514726	False
3di_llm__gamma__miller1987__composition_adjusted	3di_llm	gamma	miller1987	composition_adjusted	aa_log1p_rate	0.06258901064342352	0.02558336188915099	2.446473255337303	0.01690467037043255	0.01157723587735638	0.11360078540949067	0.02645948405806834	0.05681082055658822	0.02622671418063835	2.1661432753374927	0.03365930407794079	0.004516237755721575	0.10910540335745486	0.05344555942274605	-0.005778190086835305	False
3di_llm__gamma__miller1987__composition_adjusted	3di_llm	gamma	miller1987	composition_adjusted	rsa_centered	-0.17364640814877658	0.0339126569235211	-5.120401168813733	2.50650748896632e-06	-0.2412663255074555	-0.10602649079009765	8.203115418435228e-06	-0.17168329378059544	0.033583297808324655	-5.11216303891509	2.587674124215669e-06	-0.2386464877158889	-0.10472009984530198	8.468751679251279e-06	0.0019631143681811403	False
3di_llm__gamma__miller1987__coverage_confidence	3di_llm	gamma	miller1987	coverage_confidence	aa_by_rsa	0.04849701168931907	0.046695855573971656	1.038572076541015	0.30252784769740965	-0.044611879838278884	0.14160590321691702	0.3630334172368916	0.04740373792071685	0.04639940035660417	1.0216454858552872	0.3104172526102058	-0.045114038692347966	0.13992151453378165	0.36639413422843964	-0.0010932737686022154	False
3di_llm__gamma__miller1987__coverage_confidence	3di_llm	gamma	miller1987	coverage_confidence	aa_log1p_rate	0.1610395506645835	0.01634703266250325	9.851301700398219	6.405125965531471e-15	0.12844449330322932	0.19363460802593768	4.611690695182659e-14	0.15936684572425774	0.016430340715632773	9.699546009574041	1.2131187930876985e-14	0.12660567682287782	0.19212801462563767	8.734455310231429e-14	-0.0016727049403257588	False
3di_llm__gamma__miller1987__coverage_confidence	3di_llm	gamma	miller1987	coverage_confidence	rsa_centered	-0.1442409828515933	0.0358300281168871	-4.02570107902346	0.00014040774761297082	-0.2156840297849826	-0.07279793591820402	0.00028883879508953997	-0.14272810479583667	0.03567511101123431	-4.0007753515018	0.0001530182406648072	-0.21386225579384374	-0.0715939537978296	0.0003060364813296144	0.0015128780557566446	False
3di_llm__gamma__tien2013__composition_adjusted	3di_llm	gamma	tien2013	composition_adjusted	aa_by_rsa	0.06537577104282917	0.052482849029471076	1.2456597203044033	0.21698441025714912	-0.039272057705127886	0.17002359979078624	0.28405231888208615	0.06441568405768242	0.05227953942925115	1.2321394710229776	0.2219619118555406	-0.039826756861296775	0.1686581249766616	0.2830645690639816	-0.0009600869851467547	False
3di_llm__gamma__tien2013__composition_adjusted	3di_llm	gamma	tien2013	composition_adjusted	aa_log1p_rate	0.06573946377523014	0.025258455113471228	2.602671599664421	0.011253178387977278	0.01537553471969777	0.11610339283076251	0.018842531254287535	0.05990120122312162	0.025895814799209372	2.3131614775430998	0.023614781408194348	0.008266413049279504	0.11153598939696374	0.039304631809331234	-0.005838262552108522	False
3di_llm__gamma__tien2013__composition_adjusted	3di_llm	gamma	tien2013	composition_adjusted	rsa_centered	-0.2040953236768298	0.03957108252802408	-5.157688661468645	2.169269568969898e-06	-0.2829978212420553	-0.12519282611160432	7.43749566503965e-06	-0.20177807464319628	0.03918594551125009	-5.14924603733925	2.2414978005061735e-06	-0.27991263080811346	-0.12364351847827912	7.685135316021165e-06	0.002317249033633534	False
3di_llm__gamma__tien2013__coverage_confidence	3di_llm	gamma	tien2013	coverage_confidence	aa_by_rsa	0.05202044439662889	0.054209928160200475	0.9596110189059603	0.34050757249632213	-0.05607108232979064	0.16011197112304842	0.3870220767964238	0.050866206446954006	0.05383853775391348	0.9447917526931084	0.34796937448194687	-0.056484788841968066	0.15821720173587608	0.39146554629219027	-0.0011542379496748828	False
3di_llm__gamma__tien2013__coverage_confidence	3di_llm	gamma	tien2013	coverage_confidence	aa_log1p_rate	0.16425349003679637	0.01562311121607233	10.513494256369373	4.031534140737216e-16	0.13310189104239434	0.1954050890311984	7.103132286501287e-15	0.16252466477955954	0.015720582282543222	10.338336192548898	8.34800375474108e-16	0.13117871399861103	0.19387061556050805	1.2021125406827154e-14	-0.0017288252572368323	False
3di_llm__gamma__tien2013__coverage_confidence	3di_llm	gamma	tien2013	coverage_confidence	rsa_centered	-0.1726503331621552	0.04127280417299103	-4.183150057808231	8.102772309483466e-05	-0.2549459673152819	-0.0903546990090285	0.00017678775947963925	-0.17088482126889226	0.04107929904248356	-4.159876756713056	8.794805059637433e-05	-0.25279461715039947	-0.08897502538738504	0.00019188665584663492	0.0017655118932629332	False
