split_smaller_side_taxa	smaller_side_taxa	status	profile_branch_length	mafft_branch_length
F1006475;F90408	2	profile_only	0.0232877794	
F101028;F5518	2	shared	0.0114769521	0.0115933604
F101201;F549676	2	profile_only	0.0035757741	
F103449;F291195	2	shared	0.1509290112	0.1250765655
F1042133;F117187	2	shared	0.0081454859	0.0084591237
F1042397;F2918522	2	shared	0.039912732	0.0449174213
F104341;F599839	2	shared	0.0182923395	0.020200925
F104669;F5619	2	shared	0.1284163908	0.1259673333
F1048519;F364730	2	shared	0.1184813926	0.12011829
F1052096;F1507870	2	shared	0.0645349548	0.0658443145
F1055551;F203533	2	mafft_only		0.0557323726
F1055551;F34349	2	profile_only	0.0487214972	
F105984;F279322	2	shared	0.0210419271	0.0225590462
F1080349;F230603	2	shared	0.0364656335	0.0276802374
F1081669;F1300064	2	shared	0.4280576005	0.3731416242
F1093897;F223376	2	shared	0.0498042264	0.0444656346
F1095194;F474922	2	shared	0.0200243826	0.0206966576
F109760;F1396493	2	shared	0.111012686	0.1177938423
F109876;F64508	2	shared	0.0724543583	0.069740798
F109889;F1555241	2	shared	0.0758824569	0.0655985079
F109932;F1604274	2	shared	0.0578515469	0.0590334516
F1099800;F5606	2	shared	0.3598451589	0.3674693365
F1116844;F2939404	2	shared	0.0597614621	0.0659760293
F1123529;F2725673	2	shared	0.4033195822	0.392275561
F112417;F113071	2	shared	0.0426783681	0.0455848991
F1125753;F383834	2	shared	0.112911281	0.1215310432
F1145299;F1145321	2	shared	0.0664140144	0.0688338374
F116603;F1912939	2	shared	0.0019738121	0.0015305987
F116794;F116821	2	shared	0.063189012	0.0708549295
F1174673;F39416	2	shared	0.0581483227	0.0622895945
F1176130;F1504668	2	shared	0.043275359	0.041494505
F120017;F280036	2	shared	0.0173239244	0.019532098
F1209916;F1209934	2	profile_only	0.0002633535	
F1209916;F145971	2	mafft_only		0.0005312701
F121624;F236234	2	shared	0.0338273214	0.0318318615
F1217826;F273283	2	shared	0.0409685885	0.0406435824
F122368;F1690608	2	shared	0.0232799026	0.0209575432
F1243177;F1498855	2	profile_only	0.1391427778	
F1269715;F84751	2	shared	0.0830442395	0.0921361813
F1280837;F63378	2	shared	0.0895516001	0.0897476822
F1286916;F1907219	2	shared	0.5863579066	0.5598522464
F1328300;F195108	2	shared	0.0435570404	0.0420091891
F13290;F157183	2	mafft_only		0.0077234604
F13291;F157183	2	profile_only	0.0008257084	
F1331295;F5219	2	shared	0.0406436036	0.0418123038
F133377;F61424	2	shared	0.270767009	0.2622774296
F1343614;F64571	2	shared	0.0127498084	0.0141812289
F1348612;F27376	2	shared	0.0277805487	0.0293144306
F13502;F4909	2	shared	0.0805766802	0.0713506848
F136370;F87287	2	shared	0.0176959011	0.0187724853
F139363;F1750568	2	shared	0.1275431592	0.1353452673
F1397036;F1590129	2	shared	0.0197474129	0.0239049465
F1424756;F89922	2	shared	0.034076583	0.0573391472
F143232;F82508	2	shared	0.0346631584	0.0380072524
F1440133;F979620	2	shared	0.0105987317	0.0210822468
F144530;F144679	2	shared	0.1323863302	0.1342407685
F144538;F144539	2	shared	0.2547955332	0.2728418561
F148304;F36779	2	shared	0.0872393039	0.087373339
F148313;F5116	2	shared	0.0392320553	0.0364425365
F1506992;F1825666	2	shared	0.030338386	0.0326022612
F1507873;F574656	2	shared	0.0438815439	0.04745276
F1522189;F401625	2	shared	0.2532384634	0.2528415778
F152956;F48021	2	shared	0.0280626828	0.0268030224
F1540922;F245174	2	shared	0.0582814652	0.0572226273
F1542792;F91480	2	shared	0.054889223	0.051179473
F1569628;F2878321	2	shared	0.0298992796	0.03273356
F162425;F41759	2	shared	0.015522262	0.0197842937
F164576;F2939403	2	shared	0.0880584502	0.0930911794
F1658444;F393283	2	shared	0.0548268693	0.0551325177
F1670608;F265104	2	shared	0.0149862045	0.015804042
F1684307;F574677	2	shared	0.032112588	0.0346381637
F169141;F669869	2	shared	0.0495358162	0.0543532376
F170446;F456999	2	shared	0.2348932154	0.2212836157
F1708541;F1708542	2	shared	0.0755180404	0.079976298
F1712513;F1851185	2	shared	0.0487782269	0.0522205092
F1738374;F2034170	2	shared	0.0008502745	0.0011260282
F174425;F2796175	2	shared	0.0514674384	0.0585380095
F174688;F70536	2	shared	0.4101049849	0.3800788534
F1754190;F2767002	2	mafft_only		6.30417e-05
F1754190;F3108450	2	profile_only	0.0004062644	
F1754191;F73868	2	shared	0.0182864582	0.0204113192
F1759441;F2748771	2	shared	0.0913369913	0.0910596149
F177197;F91930	2	shared	0.0549600858	0.0539209971
F1810926;F1810928	2	shared	0.0254298417	0.0265781618
F181123;F208348	2	shared	0.0409027988	0.0418049346
F183962;F500713	2	shared	0.1051649568	0.111024715
F1859121;F37769	2	shared	0.0008904475	0.0008493799
F1859122;F552467	2	shared	0.0032257456	0.0028849812
F1897645;F64525	2	shared	0.0607464858	0.0684795504
F1940652;F209281	2	shared	0.0797338886	0.0873606179
F199306;F63402	2	shared	0.0322030545	0.0359161007
F2019550;F2035830	2	shared	0.2647715366	0.2687523148
F2020955;F2109901	2	shared	0.9422587971	0.8643870195
F2020962;F223818	2	shared	0.049758847	0.0534380242
F203908;F60197	2	shared	0.0944492203	0.0966484249
F2082308;F2601811	2	shared	0.0740223281	0.0760988533
F208960;F2282107	2	shared	0.0286859481	0.0283153365
F209136;F560253	2	shared	0.029093223	0.0328696675
F215637;F78921	2	shared	0.0829746826	0.0807131871
F223192;F41990	2	shared	0.0209791161	0.020667551
F2268995;F796027	2	shared	0.0871469454	0.086238581
F2340872;F994334	2	shared	0.0956642369	0.1315900294
F241526;F5476	2	shared	0.0275464437	0.0234142597
F2486360;F293227	2	shared	0.0347337247	0.0351299392
F253628;F50376	2	shared	0.0358222185	0.0330608476
F2545709;F4896	2	shared	0.1390552019	0.1411340807
F2600213;F2600215	2	mafft_only		0.0129800187
F2600213;F2600216	2	profile_only	0.0156398427	
F2609844;F72144	2	shared	0.035312335	0.0336449996
F263815;F4754	2	shared	0.1099441056	0.1137085795
F264483;F29902	2	shared	0.220960986	0.2294758131
F2650707;F61397	2	shared	0.0519760944	0.055396203
F2656787;F5101	2	shared	0.0196884226	0.0229667915
F2735257;F64517	2	shared	0.0830662296	0.0829027964
F2754530;F5011	2	shared	0.2925184213	0.2982962463
F2778381;F5414	2	shared	0.0599243087	0.0632995891
F2781224;F5580	2	shared	0.047804958	0.0506800103
F2813651;F97331	2	shared	0.0774962982	0.0800622486
F2834505;F467971	2	shared	0.302274431	0.3131283813
F2871812;F318763	2	shared	0.0577013833	0.0682242747
F288795;F796604	2	shared	0.0098255165	0.0108119873
F2939405;F2939408	2	shared	0.0610049435	0.0654164177
F2977754;F3060298	2	shared	0.0886600801	0.0940842402
F29833;F56409	2	shared	0.1040055129	0.0886957487
F29883;F89243	2	shared	0.1242341019	0.140628757
F29889;F63146	2	shared	0.0401910931	0.0441113815
F29898;F5286	2	shared	0.039805421	0.0407632296
F29908;F61273	2	shared	0.0552305776	0.0554730736
F3038894;F418498	2	shared	0.0694624248	0.07885528
F3039483;F6035	2	shared	0.4620995758	0.4391737904
F326681;F326684	2	shared	0.028587315	0.0296813928
F332112;F4932	2	shared	0.008031004	0.0221655426
F342668;F655981	2	shared	0.0073928498	0.007721503
F34406;F80884	2	shared	0.0293748916	0.0305646901
F34480;F423460	2	shared	0.2796343054	0.2993931286
F34485;F348617	2	shared	0.1994742957	0.2254895529
F36050;F5128	2	shared	0.0097650164	0.0086145976
F370292;F56493	2	shared	0.2129617913	0.2321737581
F378194;F5365	2	shared	0.0782117586	0.0846594671
F38799;F5364	2	shared	0.0300202251	0.0324983735
F390894;F574789	2	shared	0.1381881866	0.1374209697
F398673;F63577	2	shared	0.0071676376	0.0099520103
F40410;F5207	2	shared	0.0092307257	0.0094930641
F40492;F984962	2	shared	0.0265855604	0.0266741113
F43959;F54195	2	shared	0.1257601447	0.1300665627
F443868;F90408	2	mafft_only		0.0233424896
F44442;F64526	2	shared	0.0133898633	0.0147905802
F44565;F69979	2	shared	0.0758629831	0.0671548789
F460848;F460854	2	shared	0.0943590651	0.1044740919
F48095;F5022	2	shared	0.0316656397	0.0316958948
F48586;F48587	2	shared	0.0064652629	0.0063856814
F4866;F61395	2	profile_only	0.0377933304	
F4903;F4927	2	shared	0.0508523633	0.055672752
F5059;F5062	2	shared	0.0729675674	0.0769291076
F5482;F5486	2	shared	0.0671919496	0.057397823
F5570;F574774	2	shared	0.0727563199	0.069116746
F578093;F703506	2	shared	0.0317774336	0.0294789859
F58853;F65468	2	shared	0.0324619727	0.0322048908
F588596;F658196	2	shared	0.0408430974	0.0405088782
F64504;F64505	2	shared	0.0182745275	0.0181366978
F64632;F708070	2	shared	0.0424501213	0.045501071
F71933;F87326	2	shared	0.0276732522	0.0304427967
F76775;F76777	2	mafft_only		0.0269745166
F76777;F77020	2	profile_only	0.028053214	
O10228;O45351	2	shared	0.0515428918	0.055734716
O1890364;O5755	2	profile_only	0.0793588439	
O192875;OFS5426470	2	profile_only	0.0609452072	
O225164;O283909	2	shared	0.0808154443	0.0837081044
O44689;O5786	2	shared	0.118823918	0.116730387
O6239;O7227	2	shared	0.141734964	0.1307490173
O72019;OFS1403592	2	shared	0.3580762927	0.520458664
O81824;O946362	2	shared	0.3244598592	0.3190801028
OFS5426458;OFS5426506	2	shared	0.4271180451	0.4018422843
F1005962;F13502;F4909	3	shared	0.2026604627	0.1972580196
F1006475;F443868;F90408	3	mafft_only		0.0214294668
F100910;F29898;F5286	3	shared	0.0436168956	0.0466973162
F101097;F1343614;F64571	3	shared	0.0075377339	0.0088999966
F101098;F1440133;F979620	3	shared	0.0089300835	0.0081183064
F103449;F1176355;F291195	3	shared	0.1284819044	0.1188314006
F1042133;F117187;F5127	3	shared	0.0053081281	0.004233213
F104341;F5630;F599839	3	shared	0.0428523654	0.0449330631
F104355;F38799;F5364	3	shared	0.0847110622	0.0929449704
F104408;F1424756;F89922	3	mafft_only		0.0421037846
F1048519;F2939406;F364730	3	shared	0.1534321504	0.1572342324
F1048829;F199306;F63402	3	shared	0.0401368875	0.0465471843
F1048955;F253628;F50376	3	shared	0.04447871	0.048037201
F1052096;F1507870;F705562	3	shared	0.0252496707	0.0254237184
F1080349;F230603;F27292	3	mafft_only		0.013051864
F1081669;F1300064;F174680	3	shared	0.3416819035	0.2988195884
F109876;F4808;F64508	3	shared	0.1254363546	0.1187994028
F109932;F1604274;F1774096	3	shared	0.1335113056	0.1285425156
F1099800;F48691;F5606	3	shared	0.0462313961	0.0519023217
F1117311;F588596;F658196	3	shared	0.1123447368	0.1225611764
F1123529;F2725673;F82268	3	shared	0.1462257685	0.1486643199
F112417;F113071;F150792	3	shared	0.0242252459	0.0262502015
F1125753;F383834;F44089	3	shared	0.1486555333	0.1705228253
F1141098;F1658444;F393283	3	shared	0.0158587099	0.0157382033
F1145299;F1145321;F116982	3	shared	0.0499500475	0.0543476899
F116603;F1912936;F1912939	3	shared	0.0122270471	0.0121500224
F116794;F116821;F3058885	3	shared	0.0581701809	0.064722134
F1174673;F39416;F43433	3	shared	0.1156537672	0.1196551041
F120017;F280036;F84753	3	shared	0.0604456184	0.0623983373
F1209916;F1209934;F145971	3	profile_only	0.0002252765	
F1209916;F145971;F1671311	3	mafft_only		0.0002468982
F1214568;F148313;F5116	3	shared	0.1201860852	0.1169506437
F121624;F236234;F462254	3	shared	0.0957028093	0.0991663595
F1220207;F1810926;F1810928	3	profile_only	0.0086833253	
F1280837;F215250;F63378	3	shared	0.0977036092	0.1035789371
F1314805;F152956;F48021	3	shared	0.0204345404	0.0226940971
F1323573;F3038894;F418498	3	shared	0.0801450293	0.0845967076
F13290;F13291;F157183	3	shared	0.0571903916	0.0616380928
F1331295;F2829486;F5219	3	shared	0.1926920691	0.2048949119
F133377;F133385;F61424	3	shared	0.1176249542	0.1193093356
F1348612;F27376;F4874	3	shared	0.0355820123	0.0400481761
F135589;F208960;F2282107	3	shared	0.0550957308	0.061302652
F136370;F318760;F87287	3	shared	0.0544653396	0.0638030206
F139363;F1750568;F264124	3	shared	0.0338648787	0.0390710463
F1397036;F1590129;F223409	3	shared	0.0177123704	0.0195136949
F1424756;F610337;F89922	3	profile_only	0.0351193969	
F144530;F144679;F50956	3	shared	0.0826855772	0.0987543038
F1453791;F460848;F460854	3	shared	0.0300803014	0.0322270351
F1463510;F1569628;F2878321	3	shared	0.0426373317	0.0419992659
F147570;F2082308;F2601811	3	shared	0.1420947456	0.1477394412
F147573;F1507873;F574656	3	shared	0.0348631033	0.0334750694
F148304;F148305;F36779	3	shared	0.1111869873	0.1158761124
F1520584;F215637;F78921	3	shared	0.239819921	0.2639518211
F1522189;F401625;F58919	3	shared	0.1438423311	0.1435173443
F1542792;F2939400;F91480	3	shared	0.0656405091	0.0613391235
F158046;F2977754;F3060298	3	shared	0.023718604	0.0236187821
F1670608;F265104;F315204	3	shared	0.1490016211	0.1554252011
F1682393;F326681;F326684	3	shared	0.0268005929	0.026754669
F1690604;F2486360;F293227	3	shared	0.0949377336	0.1008942249
F169141;F52883;F669869	3	shared	0.0605892981	0.0704613226
F170000;F181123;F208348	3	shared	0.0494342177	0.0502812872
F1712513;F1851185;F1851187	3	shared	0.1114416725	0.1179438287
F1738374;F2034170;F5544	3	shared	0.004581785	0.0045170672
F174425;F2796175;F318774	3	shared	0.0714129699	0.0719537168
F1754190;F2767002;F3108450	3	shared	0.0554121046	0.0602941941
F1759441;F2748771;F80663	3	shared	0.0609932444	0.0651067522
F177197;F177199;F91930	3	shared	0.0533698775	0.0572755583
F1814901;F2813651;F97331	3	shared	0.2852934698	0.3016254428
F1858805;F29889;F63146	3	shared	0.3086456949	0.3196018469
F1897645;F64525;F979690	3	shared	0.0152017397	0.0166638482
F1938954;F2340872;F994334	3	profile_only	0.0331115076	
F1940652;F209281;F2704026	3	shared	0.0550581773	0.0787205213
F2019550;F2035830;F563466	3	shared	0.0606838097	0.0548349188
F2024903;F2781224;F5580	3	shared	0.0288430656	0.0310824174
F209136;F2732470;F560253	3	shared	0.0466409822	0.05139977
F226899;F29908;F61273	3	shared	0.1608553173	0.1602547618
F2268995;F2606893;F796027	3	shared	0.0896998752	0.0939550279
F241526;F42374;F5476	3	shared	0.0928729712	0.0905137539
F2545709;F4896;F4897	3	shared	0.4010505029	0.3535371438
F2600213;F2600215;F2600216	3	shared	0.1308395031	0.1384830146
F2609844;F5147;F72144	3	shared	0.0551820564	0.0560196946
F263815;F42068;F4754	3	shared	0.4112558076	0.4484521233
F2650707;F4866;F61397	3	mafft_only		0.0390091312
F2656787;F40559;F5101	3	shared	0.0363996443	0.0386877237
F27291;F332112;F4932	3	mafft_only		0.0167424593
F27292;F332112;F4932	3	profile_only	0.0181977563	
F2778381;F29899;F5414	3	shared	0.1569614514	0.1671666479
F28583;F64504;F64505	3	shared	0.2427501033	0.249636799
F288795;F289078;F796604	3	shared	0.0235813341	0.0238701118
F29833;F36035;F56409	3	shared	0.1493509315	0.1355671934
F3039483;F6035;F6039	3	shared	0.1760770581	0.1662599312
F3342545;F342668;F655981	3	shared	0.1482943538	0.1563862181
F34349;F44565;F69979	3	mafft_only		0.0414663812
F34485;F348617;F76012	3	shared	0.1822669742	0.1862695317
F398673;F549676;F63577	3	mafft_only		0.0033817824
F41833;F44442;F64526	3	shared	0.0227844724	0.0243779168
F48095;F5022;F5454	3	shared	0.1860123481	0.1891996874
F4903;F4927;F599730	3	shared	0.1367998899	0.1350571205
F5479;F5482;F5486	3	shared	0.037443377	0.034187831
F5570;F574774;F741139	3	shared	0.0234605738	0.0232589468
F58291;F64632;F708070	3	shared	0.0960881327	0.1001562976
F67723;F71933;F87326	3	shared	0.0182506641	0.0207572227
F76775;F76777;F77020	3	shared	0.0879478408	0.0878979844
O133409;O44689;O5786	3	shared	0.618668255	0.551712963
O225164;O2700040;O283909	3	shared	0.0494611717	0.0608032128
O72019;OFS1403592;OFS5426494	3	mafft_only		0.0613971122
OFS5426458;OFS5426470;OFS5426506	3	mafft_only		0.3137483788
F1004511;F67723;F71933;F87326	4	shared	0.020276171	0.0229738551
F1005962;F13502;F4909;F4918	4	shared	0.0693025998	0.0674454632
F101028;F36050;F5128;F5518	4	shared	0.0405374419	0.0390604337
F101201;F398673;F549676;F63577	4	shared	0.0327141656	0.0327902594
F1042133;F117187;F5127;F5507	4	shared	0.0275644203	0.0286794277
F104355;F202697;F38799;F5364	4	shared	0.0462734489	0.0489095613
F104408;F1424756;F610337;F89922	4	shared	0.1798688359	0.1445378654
F1048955;F253628;F50376;F703511	4	shared	0.0302906907	0.0315514492
F1055551;F34349;F44565;F69979	4	profile_only	0.0337184992	
F105984;F143232;F279322;F82508	4	shared	0.074605655	0.0767061494
F1093900;F226899;F29908;F61273	4	shared	0.0283364838	0.0264971867
F109760;F1396493;F2735257;F64517	4	shared	0.0655069894	0.0710357525
F109932;F110093;F1604274;F1774096	4	profile_only	0.035330902	
F109932;F1604274;F1774096;F1806994	4	mafft_only		0.0377284973
F1116844;F164576;F2939403;F2939404	4	shared	0.014079803	0.0194146525
F112072;F2778381;F29899;F5414	4	shared	0.0996813363	0.1022784741
F112417;F113071;F150792;F68786	4	shared	0.0210415031	0.0235481907
F1141098;F1276059;F1658444;F393283	4	shared	0.0302545805	0.0300822091
F114525;F27291;F332112;F4932	4	mafft_only		0.0160371907
F116603;F1912936;F1912939;F48563	4	shared	0.0077982538	0.0077177577
F117179;F13290;F13291;F157183	4	shared	0.0511120216	0.0530025369
F120017;F1882483;F280036;F84753	4	shared	0.1080771695	0.1152939511
F1209916;F1209934;F145971;F1671311	4	shared	0.0039639428	0.0036813983
F1213189;F133377;F133385;F61424	4	shared	0.2513405493	0.2531861634
F1243177;F2545709;F4896;F4897	4	mafft_only		0.0441973544
F129515;F1397036;F1590129;F223409	4	shared	0.0454815093	0.0436588703
F135589;F208960;F2282107;F27342	4	shared	0.047674622	0.0518283205
F139363;F156515;F1750568;F264124	4	shared	0.0261341458	0.0257252435
F1540922;F1708541;F1708542;F245174	4	shared	0.3883759751	0.3837445998
F1542792;F2939400;F3384825;F91480	4	shared	0.1026269843	0.1043449243
F162425;F1810926;F1810928;F41759	4	mafft_only		0.0118225734
F1690604;F2486360;F293227;F364733	4	shared	0.0462749085	0.0464948774
F1712513;F1851185;F1851187;F78915	4	shared	0.2354714975	0.2511927522
F173216;F1738374;F2034170;F5544	4	shared	0.0227118025	0.0239225704
F1754190;F1754192;F2767002;F3108450	4	shared	0.01063178	0.010680435
F1759441;F2748771;F2831993;F80663	4	shared	0.0239820082	0.0264030031
F1859121;F1859122;F37769;F552467	4	shared	0.0015709961	0.0013420899
F1940652;F209281;F2704026;F443868	4	profile_only	0.03477931	
F2600213;F2600215;F2600216;F65672	4	shared	0.0391449762	0.0415065956
F2650707;F4866;F61395;F61397	4	shared	0.2650079054	0.2899639066
F269621;F288795;F289078;F796604	4	shared	0.1856578444	0.194826216
F27291;F27292;F332112;F4932	4	profile_only	0.0176620365	
F2939399;F3342545;F342668;F655981	4	shared	0.0376249204	0.0409089595
F34485;F34488;F348617;F76012	4	shared	0.1845042067	0.1919874896
F41833;F44442;F64526;F91625	4	shared	0.171290147	0.1816580475
F4837;F58291;F64632;F708070	4	shared	0.0280423972	0.0294175371
O133409;O1890364;O44689;O5786	4	mafft_only		0.0814439849
O192875;O72019;OFS1403592;OFS5426494	4	mafft_only		0.0415336508
O72019;OFS1403592;OFS5426458;OFS5426506	4	profile_only	0.1603419505	
F1004511;F41956;F67723;F71933;F87326	5	shared	0.0320226587	0.0332887525
F100910;F183962;F29898;F500713;F5286	5	shared	0.112823808	0.1165093923
F1031713;F117179;F13290;F13291;F157183	5	shared	0.2960307226	0.3051998315
F103449;F1176355;F174688;F291195;F70536	5	shared	0.1040438983	0.0939390636
F104341;F378194;F5365;F5630;F599839	5	shared	0.023808931	0.0245221541
F104355;F202697;F202698;F38799;F5364	5	shared	0.0209919231	0.020947076
F104408;F1424756;F5210;F610337;F89922	5	shared	0.1432885401	0.1459561015
F1048955;F253628;F50376;F703497;F703511	5	shared	0.0587268581	0.0575943432
F105984;F143232;F1890679;F279322;F82508	5	shared	0.0702711055	0.0661615475
F106004;F269621;F288795;F289078;F796604	5	shared	0.0429774582	0.0433935497
F1093897;F177197;F177199;F223376;F91930	5	shared	0.0281386659	0.0305583678
F109760;F1396493;F2735257;F382532;F64517	5	shared	0.0368420512	0.0356798729
F109899;F2600213;F2600215;F2600216;F65672	5	shared	0.2917548024	0.3069296301
F112417;F113071;F1419009;F150792;F68786	5	shared	0.118819609	0.1312491722
F114524;F114525;F27291;F332112;F4932	5	mafft_only		0.0095799829
F114525;F27291;F27292;F332112;F4932	5	profile_only	0.0188646222	
F1209916;F1209934;F145971;F1671311;F710243	5	shared	0.0450610959	0.0437115598
F1214568;F148313;F223192;F41990;F5116	5	shared	0.0294501803	0.0322258176
F1220207;F162425;F1810926;F1810928;F41759	5	shared	0.0824082039	0.083364365
F122368;F147573;F1507873;F1690608;F574656	5	shared	0.0198563691	0.0226428929
F1230402;F1540922;F1708541;F1708542;F245174	5	shared	0.1929005414	0.1953042586
F1314805;F152956;F40492;F48021;F984962	5	shared	0.0126645104	0.0119215703
F135589;F208960;F2282107;F27342;F50990	5	shared	0.0557422074	0.0591174368
F144530;F144538;F144539;F144679;F50956	5	profile_only	0.02581728	
F1463510;F1569628;F1684307;F2878321;F574677	5	shared	0.2589912802	0.2639536875
F1506992;F1825666;F2609844;F5147;F72144	5	shared	0.0314578176	0.0296868533
F1670608;F265104;F2939405;F2939408;F315204	5	mafft_only		0.018623815
F170000;F181123;F203908;F208348;F60197	5	shared	0.3300922195	0.3905861528
F1859096;F1859121;F1859122;F37769;F552467	5	shared	0.0128739473	0.0130689744
F2020962;F223818;F76775;F76777;F77020	5	shared	0.2777978415	0.2964067531
F2545709;F2754530;F4896;F4897;F5011	5	profile_only	0.0424898146	
F390894;F5570;F574774;F574789;F741139	5	shared	0.0305425596	0.0356366061
F4837;F4840;F58291;F64632;F708070	5	shared	0.1212245626	0.1280620147
O133409;O1890364;O44689;O5755;O5786	5	shared	0.0938819611	0.0854317346
O225164;O2700040;O283909;O6239;O7227	5	shared	0.0609649978	0.0546214993
O72019;OFS1403592;OFS5426458;OFS5426494;OFS5426506	5	profile_only	0.0709348792	
F1004511;F41956;F67723;F71933;F87326;F933333	6	shared	0.018610765	0.0189473576
F101097;F101098;F1343614;F1440133;F64571;F979620	6	shared	0.024099149	0.0279707966
F1031713;F117179;F13290;F13291;F157183;F5281	6	shared	0.0423842733	0.0413078677
F104341;F231932;F378194;F5365;F5630;F599839	6	shared	0.0310801261	0.0333601091
F1048955;F1341166;F253628;F50376;F703497;F703511	6	shared	0.0212006094	0.0210048248
F1069201;F1220207;F162425;F1810926;F1810928;F41759	6	shared	0.0157567051	0.014500952
F1081669;F1300064;F174680;F3039483;F6035;F6039	6	shared	0.2703765061	0.2298622136
F109760;F110093;F1396493;F2735257;F382532;F64517	6	mafft_only		0.0359163355
F109876;F28583;F4808;F64504;F64505;F64508	6	shared	0.1218019933	0.1354162056
F1117311;F1348612;F27376;F4874;F588596;F658196	6	shared	0.0224166014	0.0239627286
F114524;F114525;F27291;F27292;F332112;F4932	6	profile_only	0.0115352923	
F1145299;F1145321;F116794;F116821;F116982;F3058885	6	shared	0.0170607169	0.017779338
F116603;F1912936;F1912939;F48563;F48586;F48587	6	shared	0.0021871102	0.0017713728
F1174673;F1814901;F2813651;F39416;F43433;F97331	6	mafft_only		0.0508889764
F120017;F1269715;F1882483;F280036;F84751;F84753	6	shared	0.0587538054	0.0608739701
F1243177;F2545709;F2754530;F4896;F4897;F5011	6	mafft_only		0.039471261
F1280837;F1522189;F215250;F401625;F58919;F63378	6	shared	0.0475151234	0.0478878844
F1286916;F1712513;F1851185;F1851187;F1907219;F78915	6	shared	0.1218473173	0.0879606136
F1314805;F135208;F152956;F40492;F48021;F984962	6	shared	0.0714819734	0.0754413096
F139363;F156515;F170446;F1750568;F264124;F456999	6	shared	0.0253835659	0.0270507964
F147570;F2024903;F2082308;F2601811;F2781224;F5580	6	shared	0.043772809	0.0453439866
F170000;F181123;F1938712;F203908;F208348;F60197	6	profile_only	0.0528866801	
F173216;F1738374;F2034170;F5544;F58853;F65468	6	shared	0.014368245	0.0164118728
F1754190;F1754191;F1754192;F2767002;F3108450;F73868	6	shared	0.4078243648	0.4443285308
F241526;F42374;F5476;F5479;F5482;F5486	6	shared	0.4142104852	0.3895323284
O133409;O1890364;O44689;O529818;O5755;O5786	6	shared	0.0871381884	0.0737745186
F1004511;F235537;F41956;F67723;F71933;F87326;F933333	7	shared	0.094176239	0.0999713635
F1093900;F148304;F148305;F226899;F29908;F36779;F61273	7	shared	0.0264359203	0.025415819
F109876;F28583;F4808;F64504;F64505;F64508;F945690	7	shared	0.1841220699	0.1679221076
F1116844;F164576;F174425;F2796175;F2939403;F2939404;F318774	7	shared	0.0264066351	0.0311798102
F1117311;F1348612;F2562287;F27376;F4874;F588596;F658196	7	shared	0.0594894797	0.0652278353
F112072;F2778381;F29899;F34349;F44565;F5414;F69979	7	mafft_only		0.0319978026
F112417;F113071;F1419009;F150792;F2834505;F467971;F68786	7	shared	0.0269494522	0.0289880195
F1141098;F1276059;F1658444;F1682393;F326681;F326684;F393283	7	shared	0.0749520867	0.0827625045
F114524;F114525;F27291;F27292;F332112;F4932;F706196	7	profile_only	0.0121757638	
F116603;F1912936;F1912939;F48563;F48565;F48586;F48587	7	shared	0.0020520284	0.0012637973
F120017;F1269715;F1673888;F1882483;F280036;F84751;F84753	7	shared	0.0821772317	0.0822172157
F1209916;F1209934;F145971;F1671311;F34406;F710243;F80884	7	shared	0.0144883122	0.0135371984
F1286916;F1712513;F1851185;F1851187;F1907219;F278681;F78915	7	mafft_only		0.0520910229
F129515;F1397036;F1590129;F1940652;F209281;F223409;F2704026	7	mafft_only		0.0224789804
F158046;F1690604;F2486360;F293227;F2977754;F3060298;F364733	7	shared	0.0948350795	0.0942840101
F1859096;F1859121;F1859122;F37769;F40410;F5207;F552467	7	shared	0.0707151474	0.0694941808
F2656787;F2939399;F3342545;F342668;F40559;F5101;F655981	7	shared	0.037791016	0.0530813627
O10228;O225164;O2700040;O283909;O45351;O6239;O7227	7	shared	0.0427017859	0.0490063502
O192875;O72019;OFS1403592;OFS5426458;OFS5426470;OFS5426494;OFS5426506	7	profile_only	0.0379604759	
F101028;F1042133;F117187;F36050;F5127;F5128;F5507;F5518	8	shared	0.0375969433	0.0374416174
F104341;F231932;F370292;F378194;F5365;F5630;F56493;F599839	8	shared	0.0214677791	0.0202878443
F1048955;F1176130;F1341166;F1504668;F253628;F50376;F703497;F703511	8	shared	0.0253201882	0.0247667391
F1052096;F122368;F147573;F1507870;F1507873;F1690608;F574656;F705562	8	shared	0.0278111276	0.0253716689
F1055551;F112072;F2778381;F29899;F34349;F44565;F5414;F69979	8	profile_only	0.0295140937	
F106004;F1323573;F269621;F288795;F289078;F3038894;F418498;F796604	8	shared	0.0362877712	0.0360868561
F1069201;F1220207;F162425;F1810926;F1810928;F41759;F5059;F5062	8	shared	0.0149867066	0.0155898753
F1080349;F114524;F114525;F230603;F27291;F27292;F332112;F4932	8	mafft_only		0.0144461013
F109876;F28583;F3075319;F4808;F64504;F64505;F64508;F945690	8	shared	0.099989002	0.0980062572
F109899;F1331295;F2600213;F2600215;F2600216;F2829486;F5219;F65672	8	shared	0.0351418412	0.0360182742
F116603;F1912936;F1912939;F48563;F48565;F48586;F48587;F48593	8	shared	0.0116941965	0.0118517352
F1209916;F1209934;F145971;F1671311;F2283408;F34406;F710243;F80884	8	shared	0.0194716253	0.0198907722
F1213189;F133377;F133385;F2650707;F4866;F61395;F61397;F61424	8	shared	0.1362596637	0.1318942549
F129515;F1397036;F1590129;F1940652;F209281;F223409;F2704026;F443868	8	profile_only	0.017812942	
F1859096;F1859121;F1859122;F37769;F40410;F5207;F5208;F552467	8	shared	0.0259661294	0.0261088114
F2545709;F263815;F2754530;F42068;F4754;F4896;F4897;F5011	8	profile_only	0.0489314812	
F390894;F48095;F5022;F5454;F5570;F574774;F574789;F741139	8	shared	0.0572656441	0.0574600957
O10228;O225164;O2700040;O283909;O400682;O45351;O6239;O7227	8	shared	0.0439310128	0.0518842416
F1004511;F235537;F29883;F41956;F67723;F71933;F87326;F89243;F933333	9	shared	0.0558947896	0.0594160442
F101097;F101098;F1343614;F1440133;F1897645;F64525;F64571;F979620;F979690	9	shared	0.0149597731	0.0146140328
F1052096;F122368;F147573;F1507870;F1507873;F1690608;F574656;F705562;F92988	9	shared	0.1129110146	0.1159207566
F1055551;F112072;F203533;F2778381;F29899;F34349;F44565;F5414;F69979	9	shared	0.0292587953	0.0333592734
F1069201;F1220207;F162425;F1810926;F1810928;F41759;F5059;F5062;F746128	9	shared	0.0192874169	0.018818581
F1080349;F114524;F114525;F230603;F27291;F27292;F332112;F4932;F706196	9	shared	0.3148668788	0.2874055428
F109760;F109932;F110093;F1396493;F1604274;F1774096;F2735257;F382532;F64517	9	profile_only	0.031546988	
F109876;F1500003;F28583;F3075319;F4808;F64504;F64505;F64508;F945690	9	shared	0.1662303715	0.1632792318
F1123529;F1754190;F1754191;F1754192;F2725673;F2767002;F3108450;F73868;F82268	9	shared	0.0364458791	0.0355012998
F1145299;F1145321;F116794;F116821;F116982;F209136;F2732470;F3058885;F560253	9	shared	0.0156426123	0.0176080249
F116603;F1904413;F1912936;F1912939;F48563;F48565;F48586;F48587;F48593	9	shared	0.0136916286	0.013233644
F1213189;F133377;F133385;F2650707;F304332;F4866;F61395;F61397;F61424	9	shared	0.0543410695	0.0530671085
F1243177;F2545709;F263815;F2754530;F42068;F4754;F4896;F4897;F5011	9	mafft_only		0.0466946521
F390894;F470096;F48095;F5022;F5454;F5570;F574774;F574789;F741139	9	shared	0.0256714186	0.0248268354
F41833;F44442;F4837;F4840;F58291;F64526;F64632;F708070;F91625	9	shared	0.0853822372	0.075149553
O10228;O225164;O2700040;O27923;O283909;O400682;O45351;O6239;O7227	9	shared	0.0996708235	0.1036860254
F1005962;F13502;F241526;F42374;F4909;F4918;F5476;F5479;F5482;F5486	10	shared	0.0430690297	0.0407464743
F1006475;F129515;F1397036;F1590129;F1940652;F209281;F223409;F2704026;F443868;F90408	10	shared	0.020318607	0.0214340984
F101028;F1042133;F117187;F1328300;F195108;F36050;F5127;F5128;F5507;F5518	10	shared	0.0600844362	0.0621558383
F101097;F101098;F1343614;F1440133;F1897645;F604196;F64525;F64571;F979620;F979690	10	shared	0.0285959684	0.0310361344
F101201;F173216;F1738374;F2034170;F398673;F549676;F5544;F58853;F63577;F65468	10	shared	0.1047897515	0.1105520989
F104669;F1859096;F1859121;F1859122;F37769;F40410;F5207;F5208;F552467;F5619	10	shared	0.1291486088	0.134187746
F1069201;F1220207;F162425;F1810926;F1810928;F182096;F41759;F5059;F5062;F746128	10	shared	0.1019554479	0.1067460555
F1093897;F1506992;F177197;F177199;F1825666;F223376;F2609844;F5147;F72144;F91930	10	shared	0.0356244531	0.0367331112
F1095194;F1209916;F1209934;F145971;F1671311;F2283408;F34406;F474922;F710243;F80884	10	shared	0.1155833568	0.1177553318
F109760;F109932;F110093;F1396493;F1604274;F1774096;F1806994;F2735257;F382532;F64517	10	mafft_only		0.0396060603
F1116844;F164576;F1670608;F174425;F265104;F2796175;F2939403;F2939404;F315204;F318774	10	profile_only	0.0189988911	
F1117311;F1348612;F144530;F144679;F2562287;F27376;F4874;F50956;F588596;F658196	10	mafft_only		0.031454752
F116603;F1904413;F1912936;F1912939;F48563;F48565;F48578;F48586;F48587;F48593	10	shared	0.1769971522	0.1834519485
F1938954;F41833;F44442;F4837;F4840;F58291;F64526;F64632;F708070;F91625	10	mafft_only		0.0283124102
F101097;F101098;F1343614;F1440133;F1897645;F604196;F64525;F64571;F979620;F979690;F979761	11	shared	0.0598211585	0.0599571679
F103449;F1081669;F1176355;F1300064;F174680;F174688;F291195;F3039483;F6035;F6039;F70536	11	shared	0.1464536799	0.1223209514
F109760;F109889;F109932;F110093;F1396493;F1555241;F1604274;F1774096;F2735257;F382532;F64517	11	profile_only	0.0247295743	
F1099800;F2545709;F263815;F2754530;F42068;F4754;F48691;F4896;F4897;F5011;F5606	11	profile_only	0.0323027952	
F1280837;F1463510;F1522189;F1569628;F1684307;F215250;F2878321;F401625;F574677;F58919;F63378	11	shared	0.0492687525	0.0465980927
O10228;O225164;O2700040;O27923;O283909;O400682;O45351;O6239;O7227;O81824;O946362	11	shared	0.0649954478	0.0589938385
F1005962;F13502;F241526;F42374;F43959;F4909;F4918;F54195;F5476;F5479;F5482;F5486	12	shared	0.0375764828	0.0345545999
F1006475;F1042397;F129515;F1397036;F1590129;F1940652;F209281;F223409;F2704026;F2918522;F443868;F90408	12	shared	0.013572731	0.0132056883
F101097;F101098;F1343610;F1343614;F1440133;F1897645;F604196;F64525;F64571;F979620;F979690;F979761	12	shared	0.2977883356	0.316187066
F103449;F1081669;F1176355;F1300064;F164912;F174680;F174688;F291195;F3039483;F6035;F6039;F70536	12	shared	1.0950624741	0.9983114626
F1080349;F114524;F114525;F230603;F27291;F27292;F29833;F332112;F36035;F4932;F56409;F706196	12	shared	0.2703153336	0.2529641223
F1093900;F1214568;F148304;F148305;F148313;F223192;F226899;F29908;F36779;F41990;F5116;F61273	12	shared	0.0155052395	0.0152398096
F109760;F109889;F109932;F110093;F1396493;F1555241;F1604274;F1774096;F1806994;F2735257;F382532;F64517	12	shared	0.0519228219	0.0532424499
F1099800;F1243177;F2545709;F263815;F2754530;F42068;F4754;F48691;F4896;F4897;F5011;F5606	12	mafft_only		0.0370950174
F1116844;F164576;F1670608;F174425;F265104;F2796175;F2939403;F2939404;F2939405;F2939408;F315204;F318774	12	mafft_only		0.0232609592
F1117311;F1348612;F144530;F144538;F144539;F144679;F2562287;F27376;F4874;F50956;F588596;F658196	12	shared	0.1415006303	0.1426488479
F1145299;F1145321;F116794;F116821;F116982;F169141;F209136;F2732470;F3058885;F52883;F560253;F669869	12	shared	0.0268495835	0.0274152119
F120017;F1269715;F1673888;F1882483;F2020962;F223818;F280036;F76775;F76777;F77020;F84751;F84753	12	shared	0.034454683	0.0363033398
F1213189;F133377;F133385;F1520584;F215637;F2650707;F304332;F4866;F61395;F61397;F61424;F78921	12	shared	0.0689426537	0.0645028132
F121624;F236234;F390894;F462254;F470096;F48095;F5022;F5454;F5570;F574774;F574789;F741139	12	shared	0.019495166	0.0193828002
F1938954;F2340872;F41833;F44442;F4837;F4840;F58291;F64526;F64632;F708070;F91625;F994334	12	shared	0.0627247498	0.0651574671
F1004511;F1759441;F235537;F2748771;F2831993;F29883;F41956;F67723;F71933;F80663;F87326;F89243;F933333	13	shared	0.0132335115	0.0134360169
F1006475;F1042397;F129515;F1397036;F1590129;F1940652;F209281;F223409;F2704026;F2918522;F400354;F443868;F90408	13	shared	0.0218226687	0.0226356352
F100910;F106004;F1323573;F183962;F269621;F288795;F289078;F29898;F3038894;F418498;F500713;F5286;F796604	13	shared	0.0671331948	0.0685919234
F1048829;F1069201;F1220207;F162425;F1810926;F1810928;F182096;F199306;F41759;F5059;F5062;F63402;F746128	13	shared	0.0712486475	0.0786719273
F1145299;F1145321;F116794;F116821;F116982;F1453789;F169141;F209136;F2732470;F3058885;F52883;F560253;F669869	13	shared	0.0217298812	0.0221334351
F1938954;F2340872;F41833;F44442;F4837;F4840;F58291;F64526;F64632;F708070;F911321;F91625;F994334	13	shared	0.0357273427	0.0366411469
F100910;F106004;F1323573;F183962;F269621;F288795;F289078;F29898;F3038894;F418498;F45228;F500713;F5286;F796604	14	shared	0.1585912812	0.140909011
F103449;F1081669;F1176355;F1300064;F164912;F174680;F174688;F2020955;F2109901;F291195;F3039483;F6035;F6039;F70536	14	shared	0.3118422529	0.264975298
F104341;F1314805;F135208;F152956;F231932;F370292;F378194;F40492;F48021;F5365;F5630;F56493;F599839;F984962	14	shared	0.012831382	0.0130419208
F121624;F236234;F390894;F462254;F470096;F48095;F5022;F5454;F5570;F574774;F574789;F578093;F703506;F741139	14	shared	0.0142259618	0.0166210772
F100910;F106004;F1323573;F183962;F1938712;F269621;F288795;F289078;F29898;F3038894;F418498;F45228;F500713;F5286;F796604	15	mafft_only		0.0438374752
F103449;F1081669;F1176355;F1246581;F1300064;F164912;F174680;F174688;F2020955;F2109901;F291195;F3039483;F6035;F6039;F70536	15	shared	0.1039972503	0.085911727
F104669;F105984;F143232;F1859096;F1859121;F1859122;F1890679;F279322;F37769;F40410;F5207;F5208;F552467;F5619;F82508	15	shared	0.1098444491	0.1065245392
F1052096;F122368;F147570;F147573;F1507870;F1507873;F1690608;F2024903;F2082308;F2601811;F2781224;F5580;F574656;F705562;F92988	15	shared	0.0838296773	0.0859292365
F1080349;F114524;F114525;F230603;F27291;F27292;F29833;F332112;F36035;F4903;F4927;F4932;F56409;F599730;F706196	15	shared	0.0669226527	0.0628484686
O10228;O192875;O225164;O2700040;O27923;O283909;O400682;O45351;O6239;O72019;O7227;O81824;O946362;OFS1403592;OFS5426494	15	mafft_only		0.0377209166
F103449;F1081669;F1176355;F1246581;F1300064;F164912;F174680;F174688;F2020955;F2109901;F281847;F291195;F3039483;F6035;F6039;F70536	16	shared	0.0770461134	0.0661926658
F104669;F105984;F143232;F1859096;F1859121;F1859122;F1890679;F257869;F279322;F37769;F40410;F5207;F5208;F552467;F5619;F82508	16	shared	0.1049517113	0.1050115534
F1213189;F133377;F133385;F1520584;F215637;F2650707;F304332;F34485;F34488;F348617;F4866;F61395;F61397;F61424;F76012;F78921	16	shared	0.035670316	0.0481070947
F1031713;F117179;F1280837;F13290;F13291;F1463510;F1522189;F1569628;F157183;F1684307;F215250;F2878321;F401625;F5281;F574677;F58919;F63378	17	shared	0.027595012	0.0267510364
F103449;F1081669;F1176355;F1246581;F1300064;F1498855;F164912;F174680;F174688;F2020955;F2109901;F281847;F291195;F3039483;F6035;F6039;F70536	17	mafft_only		0.0701176531
F103449;F1081669;F1176355;F1243177;F1246581;F1300064;F1498855;F164912;F174680;F174688;F2020955;F2109901;F281847;F291195;F3039483;F6035;F6039;F70536	18	profile_only	0.0767704727	
F1048519;F1052096;F122368;F147570;F147573;F1507870;F1507873;F1690608;F2024903;F2082308;F2601811;F2781224;F2939406;F364730;F5580;F574656;F705562;F92988	18	shared	0.0296188883	0.0288584623
O10228;O192875;O225164;O2700040;O27923;O283909;O400682;O45351;O6239;O72019;O7227;O81824;O946362;OFS1403592;OFS5426458;OFS5426470;OFS5426494;OFS5426506	18	shared	0.0873034695	0.0683570623
F104341;F104355;F1314805;F135208;F152956;F202697;F202698;F231932;F370292;F378194;F38799;F40492;F48021;F5364;F5365;F5630;F56493;F599839;F984962	19	shared	0.0124417388	0.0143689708
F100910;F106004;F1323573;F170000;F181123;F183962;F1938712;F203908;F208348;F269621;F288795;F289078;F29898;F3038894;F418498;F45228;F500713;F5286;F60197;F796604	20	profile_only	0.0297454571	
F101028;F101201;F1042133;F117187;F1328300;F173216;F1738374;F195108;F2034170;F36050;F398673;F5127;F5128;F549676;F5507;F5518;F5544;F58853;F63577;F65468	20	shared	0.0653490531	0.0672559211
F1048829;F1069201;F1220207;F158046;F162425;F1690604;F1810926;F1810928;F182096;F199306;F2486360;F293227;F2977754;F3060298;F364733;F41759;F5059;F5062;F63402;F746128	20	shared	0.057385261	0.057748927
F104408;F104669;F105984;F1424756;F143232;F1859096;F1859121;F1859122;F1890679;F257869;F279322;F37769;F40410;F5207;F5208;F5210;F552467;F5619;F610337;F82508;F89922	21	shared	0.1405675306	0.1386275662
F1048829;F1069201;F1130053;F1220207;F158046;F162425;F1690604;F1810926;F1810928;F182096;F199306;F2486360;F293227;F2977754;F3060298;F364733;F41759;F5059;F5062;F63402;F746128	21	shared	0.0442754328	0.0463727533
F109760;F109889;F109932;F110093;F1123529;F1396493;F1555241;F1604274;F1754190;F1754191;F1754192;F1774096;F1806994;F2725673;F2735257;F2767002;F3108450;F382532;F64517;F73868;F82268	21	shared	0.0821151033	0.0800044879
F1048955;F1176130;F121624;F1341166;F1504668;F236234;F253628;F390894;F462254;F470096;F48095;F5022;F50376;F5454;F5570;F574774;F574789;F578093;F703497;F703506;F703511;F741139	22	shared	0.0279268817	0.029338386
F1093897;F1093900;F1214568;F148304;F148305;F148313;F1506992;F177197;F177199;F1825666;F223192;F223376;F226899;F2609844;F29908;F36779;F41990;F5116;F5147;F61273;F72144;F91930	22	shared	0.0371028297	0.0385349119
F1213189;F1286916;F133377;F133385;F1520584;F1712513;F1851185;F1851187;F1907219;F215637;F2650707;F304332;F34485;F34488;F348617;F4866;F61395;F61397;F61424;F76012;F78915;F78921	22	profile_only	0.0356448917	
F1004511;F116603;F1759441;F1904413;F1912936;F1912939;F235537;F2748771;F2831993;F29883;F41956;F48563;F48565;F48578;F48586;F48587;F48593;F67723;F71933;F80663;F87326;F89243;F933333	23	shared	0.0321434158	0.0320372131
F104408;F104669;F105984;F1424756;F143232;F1859096;F1859121;F1859122;F1890679;F257869;F264483;F279322;F29902;F37769;F40410;F5207;F5208;F5210;F552467;F5619;F610337;F82508;F89922	23	shared	0.0883643287	0.0880245834
F100910;F1055551;F106004;F112072;F1323573;F183962;F1938712;F203533;F269621;F2778381;F288795;F289078;F29898;F29899;F3038894;F34349;F418498;F44565;F45228;F500713;F5286;F5414;F69979;F796604	24	mafft_only		0.0306455311
O10228;O133409;O1890364;O192875;O225164;O2700040;O27923;O283909;O400682;O44689;O45351;O529818;O5755;O5786;O6239;O72019;O7227;O81824;O946362;OFS1403592;OFS5426458;OFS5426470;OFS5426494;OFS5426506	24	shared	0.0699236256	0.0648217415
F1117311;F1348612;F144530;F144538;F144539;F144679;F1938954;F2340872;F2562287;F27376;F41833;F44442;F4837;F4840;F4874;F50956;F58291;F588596;F64526;F64632;F658196;F708070;F911321;F91625;F994334	25	shared	0.0232455107	0.0263318244
O10228;O133409;O1890364;O192875;O225164;O2700040;O27923;O283909;O400682;O44689;O45351;O529818;O5755;O5786;O6239;O691883;O72019;O7227;O81824;O946362;OFS1403592;OFS5426458;OFS5426470;OFS5426494;OFS5426506	25	shared	0.0695540359	0.059788186
F1006475;F1042397;F1145299;F1145321;F116794;F116821;F116982;F129515;F1397036;F1453789;F1590129;F169141;F1940652;F209136;F209281;F223409;F2704026;F2732470;F2918522;F3058885;F400354;F443868;F52883;F560253;F669869;F90408	26	shared	0.0151439339	0.015911169
F1005962;F1080349;F114524;F114525;F13502;F230603;F241526;F27291;F27292;F29833;F332112;F36035;F42374;F43959;F4903;F4909;F4918;F4927;F4932;F54195;F5476;F5479;F5482;F5486;F56409;F599730;F706196	27	shared	0.2886559243	0.2831832362
F1006475;F1042397;F1145299;F1145321;F116794;F116821;F116982;F129515;F136370;F1397036;F1453789;F1590129;F169141;F1940652;F209136;F209281;F223409;F2704026;F2732470;F2918522;F3058885;F318760;F400354;F443868;F52883;F560253;F669869;F87287;F90408	29	shared	0.0453369329	0.0494161598
F100910;F1055551;F106004;F112072;F1323573;F170000;F181123;F183962;F1938712;F203533;F203908;F208348;F269621;F2778381;F288795;F289078;F29898;F29899;F3038894;F34349;F418498;F44565;F45228;F500713;F5286;F5414;F60197;F69979;F796604	29	shared	0.1149884209	0.0960875725
F1031713;F117179;F120017;F1269715;F1280837;F13290;F13291;F1463510;F1522189;F1569628;F157183;F1673888;F1684307;F1882483;F2020962;F215250;F223818;F280036;F2878321;F401625;F5281;F574677;F58919;F63378;F76775;F76777;F77020;F84751;F84753	29	shared	0.2536512158	0.2617970129
F1005962;F1080349;F114524;F114525;F13502;F2268995;F230603;F241526;F2606893;F27291;F27292;F29833;F332112;F36035;F42374;F43959;F4903;F4909;F4918;F4927;F4932;F54195;F5476;F5479;F5482;F5486;F56409;F599730;F706196;F796027	30	shared	0.0707138692	0.069361433
F101028;F101201;F1042133;F1095194;F117187;F1209916;F1209934;F1328300;F145971;F1671311;F173216;F1738374;F195108;F2034170;F2283408;F34406;F36050;F398673;F474922;F5127;F5128;F549676;F5507;F5518;F5544;F58853;F63577;F65468;F710243;F80884	30	shared	0.0213517844	0.0219337752
F109760;F109876;F109889;F109932;F110093;F1123529;F1396493;F1500003;F1555241;F1604274;F1754190;F1754191;F1754192;F1774096;F1806994;F2725673;F2735257;F2767002;F28583;F3075319;F3108450;F382532;F4808;F64504;F64505;F64508;F64517;F73868;F82268;F945690	30	mafft_only		0.0292761107
F1005962;F1080349;F114524;F114525;F13502;F2268995;F230603;F241526;F2606893;F27291;F27292;F29833;F332112;F36035;F42374;F43959;F4903;F4909;F4918;F4927;F4932;F51930;F54195;F5476;F5479;F5482;F5486;F56409;F599730;F706196;F796027	31	shared	0.0766598536	0.0660655095
F1006475;F1042397;F1145299;F1145321;F116794;F116821;F116982;F129515;F136370;F1397036;F1453789;F1590129;F169141;F1940652;F209136;F209281;F223409;F2704026;F2732470;F2871812;F2918522;F3058885;F318760;F318763;F400354;F443868;F52883;F560253;F669869;F87287;F90408	31	shared	0.0360892173	0.0388869189
F101028;F101201;F1042133;F1095194;F117187;F1209916;F1209934;F1328300;F145971;F1671311;F173216;F1738374;F195108;F2019550;F2034170;F2035830;F2283408;F34406;F36050;F398673;F474922;F5127;F5128;F549676;F5507;F5518;F5544;F563466;F58853;F63577;F65468;F710243;F80884	33	shared	0.0402845546	0.0400733937
F1005962;F1080349;F1125753;F114524;F114525;F13502;F2268995;F230603;F241526;F2606893;F27291;F27292;F29833;F332112;F36035;F383834;F42374;F43959;F44089;F4903;F4909;F4918;F4927;F4932;F51930;F54195;F5476;F5479;F5482;F5486;F56409;F599730;F706196;F796027	34	shared	0.1273462756	0.1244055875
F1006475;F1042397;F1145299;F1145321;F116794;F116821;F116982;F129515;F136370;F1397036;F1453789;F1453791;F1590129;F169141;F1940652;F209136;F209281;F223409;F2704026;F2732470;F2871812;F2918522;F3058885;F318760;F318763;F400354;F443868;F460848;F460854;F52883;F560253;F669869;F87287;F90408	34	shared	0.0175306939	0.0183052712
F1006475;F1042397;F1145299;F1145321;F116794;F116821;F116982;F1217826;F129515;F136370;F1397036;F1453789;F1453791;F1590129;F169141;F1940652;F209136;F209281;F223409;F2704026;F2732470;F273283;F2871812;F2918522;F3058885;F318760;F318763;F400354;F443868;F460848;F460854;F52883;F560253;F669869;F87287;F90408	36	shared	0.0183562862	0.0183038211
F101097;F101098;F1117311;F1343610;F1343614;F1348612;F1440133;F144530;F144538;F144539;F144679;F1897645;F1938954;F2340872;F2562287;F27376;F41833;F44442;F4837;F4840;F4874;F50956;F58291;F588596;F604196;F64525;F64526;F64571;F64632;F658196;F708070;F911321;F91625;F979620;F979690;F979761;F994334	37	shared	0.0281725449	0.0345074198
F101097;F101098;F1117311;F1343610;F1343614;F1348612;F1440133;F144530;F144538;F144539;F144679;F1897645;F1938954;F2340872;F2562287;F27376;F34480;F41833;F423460;F44442;F4837;F4840;F4874;F50956;F58291;F588596;F604196;F64525;F64526;F64571;F64632;F658196;F708070;F911321;F91625;F979620;F979690;F979761;F994334	39	shared	0.043550946	0.0445828106
F1048519;F1048955;F1052096;F1176130;F121624;F122368;F1341166;F147570;F147573;F1504668;F1507870;F1507873;F1690608;F2024903;F2082308;F236234;F253628;F2601811;F2781224;F2939406;F364730;F390894;F462254;F470096;F48095;F5022;F50376;F5454;F5570;F5580;F574656;F574774;F574789;F578093;F703497;F703506;F703511;F705562;F741139;F92988	40	shared	0.0238732867	0.0275374264
F1004511;F104341;F104355;F116603;F1314805;F135208;F152956;F1759441;F1904413;F1912936;F1912939;F202697;F202698;F231932;F235537;F2748771;F2831993;F29883;F370292;F378194;F38799;F40492;F41956;F48021;F48563;F48565;F48578;F48586;F48587;F48593;F5364;F5365;F5630;F56493;F599839;F67723;F71933;F80663;F87326;F89243;F933333;F984962	42	shared	0.0481952639	0.0496875193
F103449;F1081669;F1176355;F1246581;F1300064;F1498855;F164912;F174680;F174688;F2020955;F2109901;F281847;F291195;F3039483;F6035;F6039;F70536;O10228;O133409;O1890364;O192875;O225164;O2700040;O27923;O283909;O400682;O44689;O45351;O529818;O5755;O5786;O6239;O691883;O72019;O7227;O81824;O946362;OFS1403592;OFS5426458;OFS5426470;OFS5426494;OFS5426506	42	mafft_only		0.0766259225
F103449;F1081669;F1176355;F1243177;F1246581;F1300064;F1498855;F164912;F174680;F174688;F2020955;F2109901;F281847;F291195;F3039483;F6035;F6039;F70536;O10228;O133409;O1890364;O192875;O225164;O2700040;O27923;O283909;O400682;O44689;O45351;O529818;O5755;O5786;O6239;O691883;O72019;O7227;O81824;O946362;OFS1403592;OFS5426458;OFS5426470;OFS5426494;OFS5426506	43	profile_only	0.0889569125	
F1048519;F1048955;F1052096;F1176130;F121624;F122368;F1341166;F147570;F147573;F1504668;F1507870;F1507873;F1542792;F1690608;F2024903;F2082308;F236234;F253628;F2601811;F2781224;F2939400;F2939406;F3384825;F364730;F390894;F462254;F470096;F48095;F5022;F50376;F5454;F5570;F5580;F574656;F574774;F574789;F578093;F703497;F703506;F703511;F705562;F741139;F91480;F92988	44	shared	0.0596707619	0.0677839269
F1006475;F1042397;F1116844;F1145299;F1145321;F116794;F116821;F116982;F1217826;F129515;F136370;F1397036;F1453789;F1453791;F1590129;F164576;F1670608;F169141;F174425;F1940652;F209136;F209281;F223409;F265104;F2704026;F2732470;F273283;F2796175;F2871812;F2918522;F2939403;F2939404;F3058885;F315204;F318760;F318763;F318774;F400354;F443868;F460848;F460854;F52883;F560253;F669869;F87287;F90408	46	profile_only	0.023176015	
F101097;F101098;F1117311;F1286916;F1343610;F1343614;F1348612;F1440133;F144530;F144538;F144539;F144679;F1712513;F1851185;F1851187;F1897645;F1907219;F1938954;F2340872;F2562287;F27376;F278681;F34480;F41833;F423460;F44442;F4837;F4840;F4874;F50956;F58291;F588596;F604196;F64525;F64526;F64571;F64632;F658196;F708070;F78915;F911321;F91625;F979620;F979690;F979761;F994334	46	mafft_only		0.0329379571
F1004511;F104341;F104355;F116603;F1314805;F135208;F135589;F152956;F1759441;F1904413;F1912936;F1912939;F202697;F202698;F208960;F2282107;F231932;F235537;F27342;F2748771;F2831993;F29883;F370292;F378194;F38799;F40492;F41956;F48021;F48563;F48565;F48578;F48586;F48587;F48593;F50990;F5364;F5365;F5630;F56493;F599839;F67723;F71933;F80663;F87326;F89243;F933333;F984962	47	shared	0.046326037	0.0503031979
F1006475;F1042397;F1116844;F1145299;F1145321;F116794;F116821;F116982;F1217826;F129515;F136370;F1397036;F1453789;F1453791;F1590129;F164576;F1670608;F169141;F174425;F1940652;F209136;F209281;F223409;F265104;F2704026;F2732470;F273283;F2796175;F2871812;F2918522;F2939403;F2939404;F2939405;F2939408;F3058885;F315204;F318760;F318763;F318774;F400354;F443868;F460848;F460854;F52883;F560253;F669869;F87287;F90408	48	mafft_only		0.0319903885
F1004511;F104341;F104355;F112417;F113071;F116603;F1314805;F135208;F135589;F1419009;F150792;F152956;F1759441;F1904413;F1912936;F1912939;F202697;F202698;F208960;F2282107;F231932;F235537;F27342;F2748771;F2831993;F2834505;F29883;F370292;F378194;F38799;F40492;F41956;F467971;F48021;F48563;F48565;F48578;F48586;F48587;F48593;F50990;F5364;F5365;F5630;F56493;F599839;F67723;F68786;F71933;F80663;F87326;F89243;F933333;F984962	54	shared	0.0364173761	0.0377618527
F101028;F101201;F1042133;F1093897;F1093900;F1095194;F117187;F1209916;F1209934;F1214568;F1328300;F145971;F148304;F148305;F148313;F1506992;F1671311;F173216;F1738374;F177197;F177199;F1825666;F195108;F2019550;F2034170;F2035830;F223192;F223376;F226899;F2283408;F2609844;F29908;F34406;F36050;F36779;F398673;F41990;F474922;F5116;F5127;F5128;F5147;F549676;F5507;F5518;F5544;F563466;F58853;F61273;F63577;F65468;F710243;F72144;F80884;F91930	55	shared	0.0154831172	0.0214372569
F101028;F101201;F1042133;F1093897;F1093900;F1095194;F117187;F1209916;F1209934;F1214568;F1328300;F145971;F148304;F148305;F148313;F1506992;F1671311;F173216;F1738374;F177197;F177199;F1825666;F195108;F2019550;F2034170;F2035830;F223192;F223376;F226899;F2283408;F2609844;F29908;F339359;F34406;F36050;F36779;F398673;F41990;F474922;F5116;F5127;F5128;F5147;F549676;F5507;F5518;F5544;F563466;F58853;F61273;F63577;F65468;F710243;F72144;F80884;F91930	56	profile_only	0.0186319093	
F1004511;F104341;F104355;F109899;F112417;F113071;F116603;F1314805;F1331295;F135208;F135589;F1419009;F150792;F152956;F1759441;F1904413;F1912936;F1912939;F202697;F202698;F208960;F2282107;F231932;F235537;F2600213;F2600215;F2600216;F27342;F2748771;F2829486;F2831993;F2834505;F29883;F370292;F378194;F38799;F40492;F41956;F467971;F48021;F48563;F48565;F48578;F48586;F48587;F48593;F50990;F5219;F5364;F5365;F5630;F56493;F599839;F65672;F67723;F68786;F71933;F80663;F87326;F89243;F933333;F984962	62	shared	0.0481026382	0.0463602497
F101028;F101201;F1042133;F1093897;F1093900;F1095194;F1141098;F117187;F1209916;F1209934;F1214568;F1276059;F1328300;F145971;F148304;F148305;F148313;F1506992;F1658444;F1671311;F1682393;F173216;F1738374;F177197;F177199;F1825666;F195108;F2019550;F2034170;F2035830;F223192;F223376;F226899;F2283408;F2609844;F29908;F326681;F326684;F34406;F36050;F36779;F393283;F398673;F41990;F474922;F5116;F5127;F5128;F5147;F549676;F5507;F5518;F5544;F563466;F58853;F61273;F63577;F65468;F710243;F72144;F80884;F91930	62	mafft_only		0.0237924016
F101097;F101098;F1117311;F1213189;F1286916;F133377;F133385;F1343610;F1343614;F1348612;F1440133;F144530;F144538;F144539;F144679;F1520584;F1712513;F1851185;F1851187;F1897645;F1907219;F1938954;F215637;F2340872;F2562287;F2650707;F27376;F278681;F304332;F34480;F34485;F34488;F348617;F41833;F423460;F44442;F4837;F4840;F4866;F4874;F50956;F58291;F588596;F604196;F61395;F61397;F61424;F64525;F64526;F64571;F64632;F658196;F708070;F76012;F78915;F78921;F911321;F91625;F979620;F979690;F979761;F994334	62	mafft_only		0.0275423073
F101028;F101201;F1042133;F1093897;F1093900;F1095194;F1141098;F117187;F1209916;F1209934;F1214568;F1276059;F1328300;F145971;F148304;F148305;F148313;F1506992;F1658444;F1671311;F1682393;F173216;F1738374;F177197;F177199;F1825666;F195108;F2019550;F2034170;F2035830;F223192;F223376;F226899;F2283408;F2609844;F29908;F326681;F326684;F339359;F34406;F36050;F36779;F393283;F398673;F41990;F474922;F5116;F5127;F5128;F5147;F549676;F5507;F5518;F5544;F563466;F58853;F61273;F63577;F65468;F710243;F72144;F80884;F91930	63	shared	0.1388893021	0.1221552632
F103449;F1081669;F109760;F109889;F109932;F110093;F1123529;F1176355;F1243177;F1246581;F1300064;F1396493;F1498855;F1555241;F1604274;F164912;F174680;F174688;F1754190;F1754191;F1754192;F1774096;F1806994;F2020955;F2109901;F2725673;F2735257;F2767002;F281847;F291195;F3039483;F3108450;F382532;F6035;F6039;F64517;F70536;F73868;F82268;O10228;O133409;O1890364;O192875;O225164;O2700040;O27923;O283909;O400682;O44689;O45351;O529818;O5755;O5786;O6239;O691883;O72019;O7227;O81824;O946362;OFS1403592;OFS5426458;OFS5426470;OFS5426494;OFS5426506	64	profile_only	0.0279256387	
F1004511;F104341;F104355;F109899;F112417;F113071;F116603;F1314805;F1331295;F135208;F135589;F139363;F1419009;F150792;F152956;F156515;F170446;F1750568;F1759441;F1904413;F1912936;F1912939;F202697;F202698;F208960;F2282107;F231932;F235537;F2600213;F2600215;F2600216;F264124;F27342;F2748771;F2829486;F2831993;F2834505;F29883;F370292;F378194;F38799;F40492;F41956;F456999;F467971;F48021;F48563;F48565;F48578;F48586;F48587;F48593;F50990;F5219;F5364;F5365;F5630;F56493;F599839;F65672;F67723;F68786;F71933;F80663;F87326;F89243;F933333;F984962	68	shared	0.0608223456	0.0602690161
F1006475;F1042397;F1048829;F1069201;F1116844;F1130053;F1145299;F1145321;F116794;F116821;F116982;F1217826;F1220207;F129515;F136370;F1397036;F1453789;F1453791;F158046;F1590129;F162425;F164576;F1670608;F1690604;F169141;F174425;F1810926;F1810928;F182096;F1940652;F199306;F209136;F209281;F223409;F2486360;F265104;F2704026;F2732470;F273283;F2796175;F2871812;F2918522;F293227;F2939403;F2939404;F2939405;F2939408;F2977754;F3058885;F3060298;F315204;F318760;F318763;F318774;F364733;F400354;F41759;F443868;F460848;F460854;F5059;F5062;F52883;F560253;F63402;F669869;F746128;F87287;F90408	69	mafft_only		0.0199572418
F101028;F101201;F1042133;F1093897;F1093900;F1095194;F1141098;F117187;F1209916;F1209934;F1214568;F1276059;F1328300;F145971;F148304;F148305;F148313;F1506992;F1658444;F1671311;F1682393;F173216;F1738374;F177197;F177199;F1825666;F195108;F2019550;F2034170;F2035830;F223192;F223376;F226899;F2283408;F2609844;F2656787;F2939399;F29908;F326681;F326684;F3342545;F339359;F342668;F34406;F36050;F36779;F393283;F398673;F40559;F41990;F474922;F5101;F5116;F5127;F5128;F5147;F549676;F5507;F5518;F5544;F563466;F58853;F61273;F63577;F65468;F655981;F710243;F72144;F80884;F91930	70	shared	0.1082236862	0.0966830057
F1004511;F104341;F104355;F109899;F112417;F113071;F116603;F1314805;F1331295;F135208;F135589;F139363;F1419009;F150792;F152956;F156515;F170446;F1750568;F1759441;F1858805;F1904413;F1912936;F1912939;F202697;F202698;F208960;F2282107;F231932;F235537;F2600213;F2600215;F2600216;F264124;F27342;F2748771;F2829486;F2831993;F2834505;F29883;F29889;F370292;F378194;F38799;F40492;F41956;F456999;F467971;F48021;F48563;F48565;F48578;F48586;F48587;F48593;F50990;F5219;F5364;F5365;F5630;F56493;F599839;F63146;F65672;F67723;F68786;F71933;F80663;F87326;F89243;F933333;F984962	71	shared	0.0871771725	0.0902630483
F101028;F101201;F1042133;F1093897;F1093900;F1095194;F1141098;F117187;F1209916;F1209934;F1214568;F1276059;F1328300;F145971;F148304;F148305;F148313;F1506992;F1658444;F1671311;F1682393;F173216;F1738374;F177197;F177199;F1825666;F195108;F2019550;F2034170;F2035830;F223192;F223376;F226899;F2283408;F2609844;F2656787;F2939399;F2939405;F2939408;F29908;F326681;F326684;F3342545;F339359;F342668;F34406;F36050;F36779;F393283;F398673;F40559;F41990;F474922;F5101;F5116;F5127;F5128;F5147;F549676;F5507;F5518;F5544;F563466;F58853;F61273;F63577;F65468;F655981;F710243;F72144;F80884;F91930	72	profile_only	0.0212216965	
F103449;F1081669;F109760;F109876;F109889;F109932;F110093;F1123529;F1176355;F1246581;F1300064;F1396493;F1498855;F1500003;F1555241;F1604274;F164912;F174680;F174688;F1754190;F1754191;F1754192;F1774096;F1806994;F2020955;F2109901;F2725673;F2735257;F2767002;F281847;F28583;F291195;F3039483;F3075319;F3108450;F382532;F4808;F6035;F6039;F64504;F64505;F64508;F64517;F70536;F73868;F82268;F945690;O10228;O133409;O1890364;O192875;O225164;O2700040;O27923;O283909;O400682;O44689;O45351;O529818;O5755;O5786;O6239;O691883;O72019;O7227;O81824;O946362;OFS1403592;OFS5426458;OFS5426470;OFS5426494;OFS5426506	72	mafft_only		0.0425448549
F103449;F1081669;F109760;F109876;F109889;F109932;F110093;F1123529;F1176355;F1243177;F1246581;F1300064;F1396493;F1498855;F1500003;F1555241;F1604274;F164912;F174680;F174688;F1754190;F1754191;F1754192;F1774096;F1806994;F2020955;F2109901;F2725673;F2735257;F2767002;F281847;F28583;F291195;F3039483;F3075319;F3108450;F382532;F4808;F6035;F6039;F64504;F64505;F64508;F64517;F70536;F73868;F82268;F945690;O10228;O133409;O1890364;O192875;O225164;O2700040;O27923;O283909;O400682;O44689;O45351;O529818;O5755;O5786;O6239;O691883;O72019;O7227;O81824;O946362;OFS1403592;OFS5426458;OFS5426470;OFS5426494;OFS5426506	73	profile_only	0.0546199098	
F1004511;F104341;F104355;F104408;F104669;F105984;F109899;F112417;F113071;F116603;F1314805;F1331295;F135208;F135589;F139363;F1419009;F1424756;F143232;F150792;F152956;F156515;F170446;F1750568;F1759441;F1858805;F1859096;F1859121;F1859122;F1890679;F1904413;F1912936;F1912939;F202697;F202698;F208960;F2282107;F231932;F235537;F257869;F2600213;F2600215;F2600216;F264124;F264483;F27342;F2748771;F279322;F2829486;F2831993;F2834505;F29883;F29889;F29902;F370292;F37769;F378194;F38799;F40410;F40492;F41956;F456999;F467971;F48021;F48563;F48565;F48578;F48586;F48587;F48593;F50990;F5207;F5208;F5210;F5219;F5364;F5365;F552467;F5619;F5630;F56493;F599839;F610337;F63146;F65672;F67723;F68786;F71933;F80663;F82508;F87326;F89243;F89922;F933333;F984962	94	shared	0.0483098972	0.0432463432
F103449;F1081669;F109760;F109876;F109889;F109932;F110093;F1123529;F1176355;F1213189;F1243177;F1246581;F1286916;F1300064;F133377;F133385;F1396493;F1498855;F1500003;F1520584;F1555241;F1604274;F164912;F1712513;F174680;F174688;F1754190;F1754191;F1754192;F1774096;F1806994;F1851185;F1851187;F1907219;F2020955;F2109901;F215637;F2650707;F2725673;F2735257;F2767002;F281847;F28583;F291195;F3039483;F304332;F3075319;F3108450;F34485;F34488;F348617;F382532;F4808;F4866;F6035;F6039;F61395;F61397;F61424;F64504;F64505;F64508;F64517;F70536;F73868;F76012;F78915;F78921;F82268;F945690;O10228;O133409;O1890364;O192875;O225164;O2700040;O27923;O283909;O400682;O44689;O45351;O529818;O5755;O5786;O6239;O691883;O72019;O7227;O81824;O946362;OFS1403592;OFS5426458;OFS5426470;OFS5426494;OFS5426506	95	profile_only	0.0263252889	
F1004511;F104341;F104355;F104408;F104669;F105984;F109899;F112417;F113071;F116603;F1230402;F1314805;F1331295;F135208;F135589;F139363;F1419009;F1424756;F143232;F150792;F152956;F1540922;F156515;F170446;F1708541;F1708542;F1750568;F1759441;F1858805;F1859096;F1859121;F1859122;F1890679;F1904413;F1912936;F1912939;F202697;F202698;F208960;F2282107;F231932;F235537;F245174;F257869;F2600213;F2600215;F2600216;F264124;F264483;F27342;F2748771;F279322;F2829486;F2831993;F2834505;F29883;F29889;F29902;F370292;F37769;F378194;F38799;F40410;F40492;F41956;F456999;F467971;F48021;F48563;F48565;F48578;F48586;F48587;F48593;F50990;F5207;F5208;F5210;F5219;F5364;F5365;F552467;F5619;F5630;F56493;F599839;F610337;F63146;F65672;F67723;F68786;F71933;F80663;F82508;F87326;F89243;F89922;F933333;F984962	99	shared	0.0500041664	0.0500101175
F1006475;F1042397;F1048519;F1048829;F1048955;F1052096;F1069201;F1116844;F1130053;F1145299;F1145321;F116794;F116821;F116982;F1176130;F121624;F1217826;F1220207;F122368;F129515;F1341166;F136370;F1397036;F1453789;F1453791;F147570;F147573;F1504668;F1507870;F1507873;F1542792;F158046;F1590129;F162425;F164576;F1670608;F1690604;F1690608;F169141;F174425;F1810926;F1810928;F182096;F1940652;F199306;F2024903;F2082308;F209136;F209281;F223409;F236234;F2486360;F253628;F2601811;F265104;F2704026;F2732470;F273283;F2781224;F2796175;F2871812;F2918522;F293227;F2939400;F2939403;F2939404;F2939405;F2939406;F2939408;F2977754;F3058885;F3060298;F315204;F318760;F318763;F318774;F3384825;F364730;F364733;F390894;F400354;F41759;F443868;F460848;F460854;F462254;F470096;F48095;F5022;F50376;F5059;F5062;F52883;F5454;F5570;F5580;F560253;F574656;F574774;F574789;F578093;F63402;F669869;F703497;F703506;F703511;F705562;F741139;F746128;F87287;F90408;F91480;F92988	113	mafft_only		0.0284106581
F1006475;F101028;F101201;F1042133;F1042397;F1093897;F1093900;F1095194;F1116844;F1141098;F1145299;F1145321;F116794;F116821;F116982;F117187;F1209916;F1209934;F1214568;F1217826;F1276059;F129515;F1328300;F136370;F1397036;F1453789;F1453791;F145971;F148304;F148305;F148313;F1506992;F1590129;F164576;F1658444;F1670608;F1671311;F1682393;F169141;F173216;F1738374;F174425;F177197;F177199;F1825666;F1940652;F195108;F2019550;F2034170;F2035830;F209136;F209281;F223192;F223376;F223409;F226899;F2283408;F2609844;F265104;F2656787;F2704026;F2732470;F273283;F2796175;F2871812;F2918522;F2939399;F2939403;F2939404;F2939405;F2939408;F29908;F3058885;F315204;F318760;F318763;F318774;F326681;F326684;F3342545;F339359;F342668;F34406;F36050;F36779;F393283;F398673;F400354;F40559;F41990;F443868;F460848;F460854;F474922;F5101;F5116;F5127;F5128;F5147;F52883;F549676;F5507;F5518;F5544;F560253;F563466;F58853;F61273;F63577;F65468;F655981;F669869;F710243;F72144;F80884;F87287;F90408;F91930	118	profile_only	0.0226559584	
F1004511;F1031713;F104341;F104355;F104408;F104669;F105984;F109899;F112417;F113071;F116603;F117179;F120017;F1230402;F1269715;F1280837;F1314805;F13290;F13291;F1331295;F135208;F135589;F139363;F1419009;F1424756;F143232;F1463510;F150792;F1522189;F152956;F1540922;F156515;F1569628;F157183;F1673888;F1684307;F170446;F1708541;F1708542;F1750568;F1759441;F1858805;F1859096;F1859121;F1859122;F1882483;F1890679;F1904413;F1912936;F1912939;F2020962;F202697;F202698;F208960;F215250;F223818;F2282107;F231932;F235537;F245174;F257869;F2600213;F2600215;F2600216;F264124;F264483;F27342;F2748771;F279322;F280036;F2829486;F2831993;F2834505;F2878321;F29883;F29889;F29902;F370292;F37769;F378194;F38799;F401625;F40410;F40492;F41956;F456999;F467971;F48021;F48563;F48565;F48578;F48586;F48587;F48593;F50990;F5207;F5208;F5210;F5219;F5281;F5364;F5365;F552467;F5619;F5630;F56493;F574677;F58919;F599839;F610337;F63146;F63378;F65672;F67723;F68786;F71933;F76775;F76777;F77020;F80663;F82508;F84751;F84753;F87326;F89243;F89922;F933333;F984962	128	shared	0.0349613276	0.0353166122
F101097;F101098;F103449;F1081669;F109760;F109876;F109889;F109932;F110093;F1117311;F1123529;F1176355;F1213189;F1243177;F1246581;F1286916;F1300064;F133377;F133385;F1343610;F1343614;F1348612;F1396493;F1440133;F144530;F144538;F144539;F144679;F1498855;F1500003;F1520584;F1555241;F1604274;F164912;F1712513;F174680;F174688;F1754190;F1754191;F1754192;F1774096;F1806994;F1851185;F1851187;F1897645;F1907219;F1938954;F2020955;F2109901;F215637;F2340872;F2562287;F2650707;F2725673;F2735257;F27376;F2767002;F281847;F28583;F291195;F3039483;F304332;F3075319;F3108450;F34480;F34485;F34488;F348617;F382532;F41833;F423460;F44442;F4808;F4837;F4840;F4866;F4874;F50956;F58291;F588596;F6035;F6039;F604196;F61395;F61397;F61424;F64504;F64505;F64508;F64517;F64525;F64526;F64571;F64632;F658196;F70536;F708070;F73868;F76012;F78915;F78921;F82268;F911321;F91625;F945690;F979620;F979690;F979761;F994334;O10228;O133409;O1890364;O192875;O225164;O2700040;O27923;O283909;O400682;O44689;O45351;O529818;O5755;O5786;O6239;O691883;O72019;O7227;O81824;O946362;OFS1403592;OFS5426458;OFS5426470;OFS5426494;OFS5426506	134	profile_only	0.0299008949	
F101097;F101098;F103449;F1081669;F109760;F109876;F109889;F109932;F110093;F1117311;F1123529;F1176355;F1213189;F1246581;F1286916;F1300064;F133377;F133385;F1343610;F1343614;F1348612;F1396493;F1440133;F144530;F144538;F144539;F144679;F1498855;F1500003;F1520584;F1555241;F1604274;F164912;F1712513;F174680;F174688;F1754190;F1754191;F1754192;F1774096;F1806994;F1851185;F1851187;F1897645;F1907219;F1938954;F2020955;F2109901;F215637;F2340872;F2562287;F2650707;F2725673;F2735257;F27376;F2767002;F278681;F281847;F28583;F291195;F3039483;F304332;F3075319;F3108450;F34480;F34485;F34488;F348617;F382532;F41833;F423460;F44442;F4808;F4837;F4840;F4866;F4874;F50956;F58291;F588596;F6035;F6039;F604196;F61395;F61397;F61424;F64504;F64505;F64508;F64517;F64525;F64526;F64571;F64632;F658196;F70536;F708070;F73868;F76012;F78915;F78921;F82268;F911321;F91625;F945690;F979620;F979690;F979761;F994334;O10228;O133409;O1890364;O192875;O225164;O2700040;O27923;O283909;O400682;O44689;O45351;O529818;O5755;O5786;O6239;O691883;O72019;O7227;O81824;O946362;OFS1403592;OFS5426458;OFS5426470;OFS5426494;OFS5426506	134	mafft_only		0.1167805977
F101097;F101098;F103449;F1081669;F109760;F109876;F109889;F109932;F110093;F1117311;F1123529;F1176355;F1213189;F1243177;F1246581;F1286916;F1300064;F133377;F133385;F1343610;F1343614;F1348612;F1396493;F1440133;F144530;F144538;F144539;F144679;F1498855;F1500003;F1520584;F1555241;F1604274;F164912;F1712513;F174680;F174688;F1754190;F1754191;F1754192;F1774096;F1806994;F1851185;F1851187;F1897645;F1907219;F1938954;F2020955;F2109901;F215637;F2340872;F2562287;F2650707;F2725673;F2735257;F27376;F2767002;F278681;F281847;F28583;F291195;F3039483;F304332;F3075319;F3108450;F34480;F34485;F34488;F348617;F382532;F41833;F423460;F44442;F4808;F4837;F4840;F4866;F4874;F50956;F58291;F588596;F6035;F6039;F604196;F61395;F61397;F61424;F64504;F64505;F64508;F64517;F64525;F64526;F64571;F64632;F658196;F70536;F708070;F73868;F76012;F78915;F78921;F82268;F911321;F91625;F945690;F979620;F979690;F979761;F994334;O10228;O133409;O1890364;O192875;O225164;O2700040;O27923;O283909;O400682;O44689;O45351;O529818;O5755;O5786;O6239;O691883;O72019;O7227;O81824;O946362;OFS1403592;OFS5426458;OFS5426470;OFS5426494;OFS5426506	135	profile_only	0.0990108946	
F1006475;F101028;F101201;F1042133;F1042397;F1048829;F1069201;F1093897;F1093900;F1095194;F1116844;F1130053;F1141098;F1145299;F1145321;F116794;F116821;F116982;F117187;F1209916;F1209934;F1214568;F1217826;F1220207;F1276059;F129515;F1328300;F136370;F1397036;F1453789;F1453791;F145971;F148304;F148305;F148313;F1506992;F158046;F1590129;F162425;F164576;F1658444;F1670608;F1671311;F1682393;F1690604;F169141;F173216;F1738374;F174425;F177197;F177199;F1810926;F1810928;F182096;F1825666;F1940652;F195108;F199306;F2019550;F2034170;F2035830;F209136;F209281;F223192;F223376;F223409;F226899;F2283408;F2486360;F2609844;F265104;F2656787;F2704026;F2732470;F273283;F2796175;F2871812;F2918522;F293227;F2939399;F2939403;F2939404;F2939405;F2939408;F2977754;F29908;F3058885;F3060298;F315204;F318760;F318763;F318774;F326681;F326684;F3342545;F339359;F342668;F34406;F36050;F364733;F36779;F393283;F398673;F400354;F40559;F41759;F41990;F443868;F460848;F460854;F474922;F5059;F5062;F5101;F5116;F5127;F5128;F5147;F52883;F549676;F5507;F5518;F5544;F560253;F563466;F58853;F61273;F63402;F63577;F65468;F655981;F669869;F710243;F72144;F746128;F80884;F87287;F90408;F91930	139	profile_only	0.0238548254	
F1004511;F100910;F1031713;F104341;F104355;F104408;F104669;F1055551;F105984;F106004;F109899;F112072;F112417;F113071;F116603;F117179;F120017;F1230402;F1269715;F1280837;F1314805;F1323573;F13290;F13291;F1331295;F135208;F135589;F139363;F1419009;F1424756;F143232;F1463510;F150792;F1522189;F152956;F1540922;F156515;F1569628;F157183;F1673888;F1684307;F170000;F170446;F1708541;F1708542;F1750568;F1759441;F181123;F183962;F1858805;F1859096;F1859121;F1859122;F1882483;F1890679;F1904413;F1912936;F1912939;F1938712;F2020962;F202697;F202698;F203533;F203908;F208348;F208960;F215250;F223818;F2282107;F231932;F235537;F245174;F257869;F2600213;F2600215;F2600216;F264124;F264483;F269621;F27342;F2748771;F2778381;F279322;F280036;F2829486;F2831993;F2834505;F2878321;F288795;F289078;F29883;F29889;F29898;F29899;F29902;F3038894;F34349;F370292;F37769;F378194;F38799;F401625;F40410;F40492;F418498;F41956;F44565;F45228;F456999;F467971;F48021;F48563;F48565;F48578;F48586;F48587;F48593;F500713;F50990;F5207;F5208;F5210;F5219;F5281;F5286;F5364;F5365;F5414;F552467;F5619;F5630;F56493;F574677;F58919;F599839;F60197;F610337;F63146;F63378;F65672;F67723;F68786;F69979;F71933;F76775;F76777;F77020;F796604;F80663;F82508;F84751;F84753;F87326;F89243;F89922;F933333;F984962	157	shared	0.1969209667	0.1955797651
F1006475;F101028;F101201;F1042133;F1042397;F1048519;F1048829;F1048955;F1052096;F1069201;F1093897;F1093900;F1095194;F1116844;F1130053;F1141098;F1145299;F1145321;F116794;F116821;F116982;F117187;F1176130;F1209916;F1209934;F1214568;F121624;F1217826;F1220207;F122368;F1276059;F129515;F1328300;F1341166;F136370;F1397036;F1453789;F1453791;F145971;F147570;F147573;F148304;F148305;F148313;F1504668;F1506992;F1507870;F1507873;F1542792;F158046;F1590129;F162425;F164576;F1658444;F1670608;F1671311;F1682393;F1690604;F1690608;F169141;F173216;F1738374;F174425;F177197;F177199;F1810926;F1810928;F182096;F1825666;F1940652;F195108;F199306;F2019550;F2024903;F2034170;F2035830;F2082308;F209136;F209281;F223192;F223376;F223409;F226899;F2283408;F236234;F2486360;F253628;F2601811;F2609844;F265104;F2656787;F2704026;F2732470;F273283;F2781224;F2796175;F2871812;F2918522;F293227;F2939399;F2939400;F2939403;F2939404;F2939405;F2939406;F2939408;F2977754;F29908;F3058885;F3060298;F315204;F318760;F318763;F318774;F326681;F326684;F3342545;F3384825;F339359;F342668;F34406;F36050;F364730;F364733;F36779;F390894;F393283;F398673;F400354;F40559;F41759;F41990;F443868;F460848;F460854;F462254;F470096;F474922;F48095;F5022;F50376;F5059;F5062;F5101;F5116;F5127;F5128;F5147;F52883;F5454;F549676;F5507;F5518;F5544;F5570;F5580;F560253;F563466;F574656;F574774;F574789;F578093;F58853;F61273;F63402;F63577;F65468;F655981;F669869;F703497;F703506;F703511;F705562;F710243;F72144;F741139;F746128;F80884;F87287;F90408;F91480;F91930;F92988	183	shared	0.1830802209	0.1574574736
F1006475;F101028;F101201;F1042133;F1042397;F1048519;F1048829;F1048955;F1052096;F1069201;F1093897;F1093900;F1095194;F1116844;F1130053;F1141098;F1145299;F1145321;F116794;F116821;F116982;F117187;F1174673;F1176130;F1209916;F1209934;F1214568;F121624;F1217826;F1220207;F122368;F1276059;F129515;F1328300;F1341166;F136370;F1397036;F1453789;F1453791;F145971;F147570;F147573;F148304;F148305;F148313;F1504668;F1506992;F1507870;F1507873;F1542792;F158046;F1590129;F162425;F164576;F1658444;F1670608;F1671311;F1682393;F1690604;F1690608;F169141;F173216;F1738374;F174425;F177197;F177199;F1810926;F1810928;F182096;F1825666;F1940652;F195108;F199306;F2019550;F2024903;F2034170;F2035830;F2082308;F209136;F209281;F223192;F223376;F223409;F226899;F2283408;F236234;F2486360;F253628;F2601811;F2609844;F265104;F2656787;F2704026;F2732470;F273283;F2781224;F2796175;F2871812;F2918522;F293227;F2939399;F2939400;F2939403;F2939404;F2939405;F2939406;F2939408;F2977754;F29908;F3058885;F3060298;F315204;F318760;F318763;F318774;F326681;F326684;F3342545;F3384825;F339359;F342668;F34406;F36050;F364730;F364733;F36779;F390894;F393283;F39416;F398673;F400354;F40559;F41759;F41990;F43433;F443868;F460848;F460854;F462254;F470096;F474922;F48095;F5022;F50376;F5059;F5062;F5101;F5116;F5127;F5128;F5147;F52883;F5454;F549676;F5507;F5518;F5544;F5570;F5580;F560253;F563466;F574656;F574774;F574789;F578093;F58853;F61273;F63402;F63577;F65468;F655981;F669869;F703497;F703506;F703511;F705562;F710243;F72144;F741139;F746128;F80884;F87287;F90408;F91480;F91930;F92988	186	profile_only	0.0389725989	
F1006475;F101028;F101201;F1042133;F1042397;F1048519;F1048829;F1048955;F1052096;F1069201;F1093897;F1093900;F1095194;F1116844;F1130053;F1141098;F1145299;F1145321;F116794;F116821;F116982;F117187;F1174673;F1176130;F1209916;F1209934;F1214568;F121624;F1217826;F1220207;F122368;F1276059;F129515;F1328300;F1341166;F136370;F1397036;F1453789;F1453791;F145971;F147570;F147573;F148304;F148305;F148313;F1504668;F1506992;F1507870;F1507873;F1542792;F158046;F1590129;F162425;F164576;F1658444;F1670608;F1671311;F1682393;F1690604;F1690608;F169141;F173216;F1738374;F174425;F177197;F177199;F1810926;F1810928;F1814901;F182096;F1825666;F1940652;F195108;F199306;F2019550;F2024903;F2034170;F2035830;F2082308;F209136;F209281;F223192;F223376;F223409;F226899;F2283408;F236234;F2486360;F253628;F2601811;F2609844;F265104;F2656787;F2704026;F2732470;F273283;F2781224;F2796175;F2813651;F2871812;F2918522;F293227;F2939399;F2939400;F2939403;F2939404;F2939405;F2939406;F2939408;F2977754;F29908;F3058885;F3060298;F315204;F318760;F318763;F318774;F326681;F326684;F3342545;F3384825;F339359;F342668;F34406;F36050;F364730;F364733;F36779;F390894;F393283;F39416;F398673;F400354;F40559;F41759;F41990;F43433;F443868;F460848;F460854;F462254;F470096;F474922;F48095;F5022;F50376;F5059;F5062;F5101;F5116;F5127;F5128;F5147;F52883;F5454;F549676;F5507;F5518;F5544;F5570;F5580;F560253;F563466;F574656;F574774;F574789;F578093;F58853;F61273;F63402;F63577;F65468;F655981;F669869;F703497;F703506;F703511;F705562;F710243;F72144;F741139;F746128;F80884;F87287;F90408;F91480;F91930;F92988;F97331	189	shared	0.1640657043	0.1623372636
F1005962;F1006475;F101028;F101201;F1042133;F1042397;F1048519;F1048829;F1048955;F1052096;F1069201;F1080349;F1093897;F1093900;F1095194;F1116844;F1125753;F1130053;F1141098;F114524;F114525;F1145299;F1145321;F116794;F116821;F116982;F117187;F1174673;F1176130;F1209916;F1209934;F1214568;F121624;F1217826;F1220207;F122368;F1276059;F129515;F1328300;F1341166;F13502;F136370;F1397036;F1453789;F1453791;F145971;F147570;F147573;F148304;F148305;F148313;F1504668;F1506992;F1507870;F1507873;F1542792;F158046;F1590129;F162425;F164576;F1658444;F1670608;F1671311;F1682393;F1690604;F1690608;F169141;F173216;F1738374;F174425;F177197;F177199;F1810926;F1810928;F1814901;F182096;F1825666;F1940652;F195108;F199306;F2019550;F2024903;F2034170;F2035830;F2082308;F209136;F209281;F223192;F223376;F223409;F226899;F2268995;F2283408;F230603;F236234;F241526;F2486360;F253628;F2601811;F2606893;F2609844;F265104;F2656787;F2704026;F27291;F27292;F2732470;F273283;F2781224;F2796175;F2813651;F2871812;F2918522;F293227;F2939399;F2939400;F2939403;F2939404;F2939405;F2939406;F2939408;F2977754;F29833;F29908;F3058885;F3060298;F315204;F318760;F318763;F318774;F326681;F326684;F332112;F3342545;F3384825;F339359;F342668;F34406;F36035;F36050;F364730;F364733;F36779;F383834;F390894;F393283;F39416;F398673;F400354;F40559;F41759;F41990;F42374;F43433;F43959;F44089;F443868;F460848;F460854;F462254;F470096;F474922;F48095;F4903;F4909;F4918;F4927;F4932;F5022;F50376;F5059;F5062;F5101;F5116;F5127;F5128;F5147;F51930;F52883;F54195;F5454;F5476;F5479;F5482;F5486;F549676;F5507;F5518;F5544;F5570;F5580;F560253;F563466;F56409;F574656;F574774;F574789;F578093;F58853;F599730;F61273;F63402;F63577;F65468;F655981;F669869;F703497;F703506;F703511;F705562;F706196;F710243;F72144;F741139;F746128;F796027;F80884;F87287;F90408;F91480;F91930;F92988;F97331	223	shared	0.0836669748	0.07205669
F1005962;F1006475;F101028;F101201;F1042133;F1042397;F1048519;F1048829;F1048955;F1052096;F1069201;F1080349;F1093897;F1093900;F1095194;F1099800;F1116844;F1125753;F1130053;F1141098;F114524;F114525;F1145299;F1145321;F116794;F116821;F116982;F117187;F1174673;F1176130;F1209916;F1209934;F1214568;F121624;F1217826;F1220207;F122368;F1276059;F129515;F1328300;F1341166;F13502;F136370;F1397036;F1453789;F1453791;F145971;F147570;F147573;F148304;F148305;F148313;F1504668;F1506992;F1507870;F1507873;F1542792;F158046;F1590129;F162425;F164576;F1658444;F1670608;F1671311;F1682393;F1690604;F1690608;F169141;F173216;F1738374;F174425;F177197;F177199;F1810926;F1810928;F1814901;F182096;F1825666;F1940652;F195108;F199306;F2019550;F2024903;F2034170;F2035830;F2082308;F209136;F209281;F223192;F223376;F223409;F226899;F2268995;F2283408;F230603;F236234;F241526;F2486360;F253628;F2545709;F2601811;F2606893;F2609844;F263815;F265104;F2656787;F2704026;F27291;F27292;F2732470;F273283;F2754530;F2781224;F2796175;F2813651;F2871812;F2918522;F293227;F2939399;F2939400;F2939403;F2939404;F2939405;F2939406;F2939408;F2977754;F29833;F29908;F3058885;F3060298;F315204;F318760;F318763;F318774;F326681;F326684;F332112;F3342545;F3384825;F339359;F342668;F34406;F36035;F36050;F364730;F364733;F36779;F383834;F390894;F393283;F39416;F398673;F400354;F40559;F41759;F41990;F42068;F42374;F43433;F43959;F44089;F443868;F460848;F460854;F462254;F470096;F474922;F4754;F48095;F48691;F4896;F4897;F4903;F4909;F4918;F4927;F4932;F5011;F5022;F50376;F5059;F5062;F5101;F5116;F5127;F5128;F5147;F51930;F52883;F54195;F5454;F5476;F5479;F5482;F5486;F549676;F5507;F5518;F5544;F5570;F5580;F560253;F5606;F563466;F56409;F574656;F574774;F574789;F578093;F58853;F599730;F61273;F63402;F63577;F65468;F655981;F669869;F703497;F703506;F703511;F705562;F706196;F710243;F72144;F741139;F746128;F796027;F80884;F87287;F90408;F91480;F91930;F92988;F97331	234	profile_only	0.176444577	
F1005962;F1006475;F101028;F101201;F1042133;F1042397;F1048519;F1048829;F1048955;F1052096;F1069201;F1080349;F1093897;F1093900;F1095194;F1099800;F1116844;F1125753;F1130053;F1141098;F114524;F114525;F1145299;F1145321;F116794;F116821;F116982;F117187;F1174673;F1176130;F1209916;F1209934;F1214568;F121624;F1217826;F1220207;F122368;F1243177;F1276059;F129515;F1328300;F1341166;F13502;F136370;F1397036;F1453789;F1453791;F145971;F147570;F147573;F148304;F148305;F148313;F1504668;F1506992;F1507870;F1507873;F1542792;F158046;F1590129;F162425;F164576;F1658444;F1670608;F1671311;F1682393;F1690604;F1690608;F169141;F173216;F1738374;F174425;F177197;F177199;F1810926;F1810928;F1814901;F182096;F1825666;F1940652;F195108;F199306;F2019550;F2024903;F2034170;F2035830;F2082308;F209136;F209281;F223192;F223376;F223409;F226899;F2268995;F2283408;F230603;F236234;F241526;F2486360;F253628;F2545709;F2601811;F2606893;F2609844;F263815;F265104;F2656787;F2704026;F27291;F27292;F2732470;F273283;F2754530;F2781224;F2796175;F2813651;F2871812;F2918522;F293227;F2939399;F2939400;F2939403;F2939404;F2939405;F2939406;F2939408;F2977754;F29833;F29908;F3058885;F3060298;F315204;F318760;F318763;F318774;F326681;F326684;F332112;F3342545;F3384825;F339359;F342668;F34406;F36035;F36050;F364730;F364733;F36779;F383834;F390894;F393283;F39416;F398673;F400354;F40559;F41759;F41990;F42068;F42374;F43433;F43959;F44089;F443868;F460848;F460854;F462254;F470096;F474922;F4754;F48095;F48691;F4896;F4897;F4903;F4909;F4918;F4927;F4932;F5011;F5022;F50376;F5059;F5062;F5101;F5116;F5127;F5128;F5147;F51930;F52883;F54195;F5454;F5476;F5479;F5482;F5486;F549676;F5507;F5518;F5544;F5570;F5580;F560253;F5606;F563466;F56409;F574656;F574774;F574789;F578093;F58853;F599730;F61273;F63402;F63577;F65468;F655981;F669869;F703497;F703506;F703511;F705562;F706196;F710243;F72144;F741139;F746128;F796027;F80884;F87287;F90408;F91480;F91930;F92988;F97331	235	mafft_only		0.1693247348
