review_rank	sequence_id	af_model_id	af_version	plddt_cutoff	protein_length	matched_residues	retained_fraction	status	ca_superposition_rmsd_angstrom	local_distance_pairs	local_distance_mean_absolute_change_angstrom	local_distance_rms_change_angstrom	pae5_local_pairs	pae5_local_retained_fraction	pae5_local_mean_absolute_change_angstrom	pae10_local_pairs	pae10_local_retained_fraction	pae10_local_mean_absolute_change_angstrom	pae15_local_pairs	pae15_local_retained_fraction	pae15_local_mean_absolute_change_angstrom
1	Sd8d7a127525fa813880c3351c6e0fc3a87ecb748b72fe62b003262fe68ee36d1	AF-A0AAD5DZZ9-F1	6	70	271	153	0.5645756457564576	compared	32.899229577302386	1661	0.48101314123334576	1.8496248273072644	1400	0.8428657435279951	0.21065121381051466	1478	0.8898254063816978	0.23463808202624267	1637	0.9855508729680915	0.29835409398637075
2	S6fd6edf598a40b50ca980eff5c34c91be702c2d1725dc732bb95ffd64e2cd69a	AF-A0A1Y1UYI0-F1	6	70	389	228	0.5861182519280206	compared	29.187009905325585	3981	0.6673907354667055	4.6593464248626475	3900	0.9796533534287868	0.19385811147438903	3941	0.9899522732981663	0.206672646082518	3941	0.9899522732981663	0.206672646082518
3	Sb0bc86c5531b8082f722bf7f39d74b0fb384ce88e178039e3a36f67bd1ae421f	AF-V3ZDX2-F1	6	70	254	136	0.5354330708661418	compared	29.138563694843306	1499	2.761935225513573	6.179803832416871	1069	0.7131420947298199	0.22187110825689854	1223	0.8158772515010007	0.5998550038391683	1329	0.8865910607071381	1.5610296930052505
4	S11c9b9fbadb9c8d7fa7595429449b38a8a3e210dd1e1d4d41f37308f2ad7063a	AF-A7RT52-F1	6	70	282	160	0.5673758865248227	compared	27.984079438270545	1636	0.6075329079689837	2.3677668971749806	1486	0.9083129584352079	0.24337703820391368	1606	0.9816625916870416	0.3548829775479196	1614	0.9865525672371638	0.36037788255255615
5	Sb9dc2fcb0f400a6f140071f613ed9dd905d17c5273f0d43483d33ef86ed16d06	AF-A0A2T3BBV8-F1	6	70	343	211	0.6151603498542274	compared	27.350117766852303	3862	0.35893164406703126	3.764073012496094	3820	0.9891248058001035	0.16479374368946342	3852	0.9974106680476437	0.16837729539661803	3852	0.9974106680476437	0.16837729539661803
6	S05f3cefa9382477abeaf7b604b76b861c4700f3e7fd22bb6657fabe369600a6e	AF-A0A9P6FLH7-F1	6	70	348	224	0.6436781609195402	compared	24.622203571806903	4050	1.112763456074508	6.5516917826834895	3911	0.965679012345679	0.20566532515997535	3973	0.9809876543209877	0.21882349989981828	3973	0.9809876543209877	0.21882349989981828
7	Saecf2f9ed3a66b78e5374c5e035cf668ea0c4f497972276288864f720832d198	AF-G5EEW6-F1	6	70	427	257	0.6018735362997658	compared	24.574223653318022	5258	0.7318662176008371	5.703784939383739	4978	0.9467478128565995	0.1422618120056822	5183	0.9857360213008749	0.15496045205332154	5203	0.9895397489539749	0.15762969488028783
8	S6d5bbb0afc3df15f9e894bcbdfb84451e2470c9c4aed3311529caf1b3c3932f1	AF-A0A4P9ZPS8-F1	6	70	390	223	0.5717948717948718	compared	24.184766012229147	3949	0.48157210221810703	4.0952177732070005	3891	0.9853127374018739	0.20535380460125202	3930	0.9951886553557863	0.2085461820937162	3931	0.9954418840212712	0.20893183234364893
9	Sa20701c8d2df2c37875e56612b2013a3950d0387cf53c374f6af75002ae2278f	AF-A0A0L0FCX1-F1	6	70	162	108	0.6666666666666666	compared	23.821878439554787	1134	2.2269126501540923	10.097470125145177	1076	0.9488536155202821	0.2582879526088455	1090	0.9611992945326279	0.2591372681715076	1090	0.9611992945326279	0.2591372681715076
10	Se6ac01ff80c8ac3aa65497e22242d6105cac84ca92ac1e62475fa2b7cfc6515a	AF-A9UP73-F1	6	70	436	359	0.823394495412844	compared	23.598323405553767	9143	0.5044946111093825	4.351257199877542	8680	0.9493601662474024	0.2364104960508647	9108	0.9961719348135185	0.2455110698068988	9110	0.9963906813956032	0.24606740501962313
11	S1fce8270a81181530c27acbd6cbc33998e2bd2a8972fda2b372ed1b4d44e7ba6	AF-A0A8H3WVE1-F1	6	70	291	157	0.5395189003436426	compared	23.141261536654724	1074	2.8727708900790048	8.527117880978958	904	0.8417132216014898	0.2871286764631985	965	0.8985102420856611	0.3065769244300929	965	0.8985102420856611	0.3065769244300929
12	S239bc2d470b385df1d2123cc7e8091a922585a68bd82d2e00f6a2f5738cba4de	AF-A0A2H9TFB7-F1	6	70	325	235	0.7230769230769231	compared	22.912374127512596	4077	0.5822310526931973	4.022501868628712	3958	0.9708118714741232	0.18384097447329123	4042	0.9914152563159185	0.22174910003518578	4042	0.9914152563159185	0.22174910003518578
13	S164db04aa6ad56e4b3592f3b436b1603cd876f07d57d2620741f1ecb48ab9ef1	AF-A0A165C655-F1	6	70	472	244	0.5169491525423728	compared	22.300923346794292	5405	1.0597228432012749	6.598046984986237	4849	0.8971322849213691	0.20062629144491367	5299	0.9803885291396854	0.2076174593564646	5313	0.9829787234042553	0.2077051740358779
14	Sf224a78266be17313f8f6b7cf912d002d446ab43c755897c484d661125a81cdd	AF-F2TWF3-F1	6	70	262	159	0.6068702290076335	compared	21.891311764270224	1422	3.6376585906603047	9.585142598404657	1001	0.7039381153305204	0.2520790855067804	1201	0.8445850914205345	0.43639010618202173	1202	0.8452883263009845	0.43961225311608143
15	S6a86f1a17bb54d02751c90c7325b3dd510b6a97a0c300eca5eee07e56074c9d4	AF-F0Z790-F1	6	70	355	244	0.6873239436619718	compared	21.383883485591877	5171	0.6868111085137331	4.391268362081541	4881	0.9439180042544962	0.15631985360345138	5086	0.9835621736608006	0.16406518419365101	5092	0.9847224908141559	0.1644255065646494
16	S25dee33967dc7a12845d681b313d6e8880d9e22d43f840a43286007c8b349e70	AF-L8GFE1-F1	6	70	406	241	0.5935960591133005	compared	20.353421887767873	4138	0.23168433249050824	0.9322883815117253	4010	0.9690671822136298	0.19201063742286817	4131	0.9983083615273078	0.21251798322532048	4136	0.9995166747220879	0.21271798158673078
17	S073305b2ce152362720ded1edafd49903bb7eb7fb5777b094dd34d657c30fb7c	AF-A0A4P9YRJ7-F1	6	70	503	424	0.8429423459244533	compared	19.633138475878503	10419	0.3838054477105322	2.3281855294473575	9477	0.9095882522315002	0.19899596556042448	10340	0.9924176984355504	0.22158434923254097	10367	0.9950091179575775	0.2240369994777183
18	Sa71a413abb79192e381b0879d33f8b0d6ae440187cc7450b603ddfe2b3789906	AF-A0A8J4PM44-F1	6	70	278	172	0.6187050359712231	compared	18.326328547696036	2222	3.7973765454500934	11.24649622570802	1807	0.8132313231323133	0.23324680348871824	1975	0.8888388838883888	0.3701418030720026	2011	0.905040504050405	0.43663067242108183
19	Sbc1fe1bc2a6401ad5d38011a294f4f82c60d487a54645232df9983c8a6ada25a	AF-A0A9P6MH36-F1	6	70	459	393	0.8562091503267973	compared	17.366072806048166	8377	0.1931162914793603	0.6038281779909559	7760	0.9263459472364809	0.15360039969333783	8355	0.9973737614897935	0.1698259260090489	8361	0.9980900083562134	0.17005732072691873
20	S18dd1000784a9fddbfb242dd7943a98febb7edd59dbd67155ffe61fdb48e0244	AF-A0AAD5E2H6-F1	6	70	493	398	0.8073022312373225	compared	16.954225476379293	5986	0.39274462372374225	1.3023579121410442	5544	0.9261610424323421	0.3026554390191414	5936	0.9916471767457401	0.32707880879170464	5968	0.9969929836284664	0.3441513855166628
21	S2147ad9b2362aaf4e457249f0cdee7275fcc066aa0badde07885f62adfefebeb	AF-A0A2H9TFZ2-F1	6	70	418	367	0.8779904306220095	compared	16.91420568118124	8348	0.4625432940578662	2.270812793350141	7855	0.9409439386679445	0.27580273016580453	8294	0.9935313847628174	0.30489930337250104	8303	0.9946094873023479	0.3048069116674336
22	Se140bf8e652527a720ac59dbfc48ba0ae2691508bf93d9e4035d8d57d5a47e27	AF-A0A1X0Q8F2-F1	6	70	421	327	0.7767220902612827	compared	16.56064250578084	7397	0.22232178645249853	0.5527337469444288	6970	0.9422738948222252	0.202917073095371	7386	0.9985129106394485	0.21701422194393105	7396	0.9998648100581317	0.21770181486610787
23	Sd9d7c93011a0ad93014e8607660ade9a4e310160f93f688e0d54807c623119d9	AF-A0A9W8AJI4-F1	6	70	438	303	0.6917808219178082	compared	16.138592263684423	6259	0.4518535779349075	2.568639423149183	5802	0.9269851413963892	0.1569398426854249	6175	0.9865793257708899	0.20805412948712676	6199	0.9904138041220643	0.2145612090075989
24	S7afa810d98f5fef7d0e7b7d82c22402a2fc4d2eb4b4dba529a6b3845e45b735e	AF-A0A4P9XZE9-F1	6	70	382	341	0.8926701570680629	compared	12.235026805009964	6907	0.14534202258728005	0.2845895351321123	6699	0.9698856232807297	0.13756731694625482	6904	0.9995656580280875	0.14200084579212785	6905	0.9997104386853917	0.14199911351507877
25	Sa497dda80f80f1b3fedd89d6d294495cb53e9c6dd5c4eb71306b7cb13c7029d8	AF-A0A9P6PSE3-F1	6	70	202	141	0.698019801980198	compared	11.799875603984418	2911	2.6962834565374063	6.975710791734105	2277	0.7822054276880797	0.17318983700020954	2484	0.8533150120233597	0.3047624744776903	2719	0.9340432840948127	1.4374266154122382
26	S25438a4c291e1b063d853f4bfab2a684edc6c05629c3bb439c7b06fec9f5f767	AF-A0A2H9TG10-F1	6	70	460	302	0.6565217391304348	compared	11.525031395471874	7962	0.3122897255018032	0.6701617320714797	7652	0.9610650590303944	0.2929475723871163	7921	0.9948505400653103	0.3000911005824661	7955	0.9991208239135896	0.3024988701289265
27	S43fcbba0f98de9a32d69a0edee0e9a7a42d6a314263e5eb0671a1f749fd19edd	AF-F0Z6P6-F1	6	70	286	209	0.7307692307692307	compared	11.235149062704808	4745	0.7285866267941157	4.183896358933219	4367	0.9203371970495258	0.124365715979497	4641	0.9780821917808219	0.13674437983856857	4647	0.9793466807165437	0.13676322033195695
28	S1ea5804a522af7c579877a125ee82fa53f6472b7f0cf3a9c9886495e7b56baa4	AF-A0A9N8VV74-F1	6	70	381	240	0.6299212598425197	compared	9.64190442467174	4754	0.27687678130221505	0.4938050545828879	4196	0.8826251577618848	0.23332523620847417	4737	0.9964240639461506	0.27507344146542156	4754	1.0	0.27687677805652117
29	S90b388dd791720787a1ad9268af4253680c1e31679a40510315cc9da8ab10d59	AF-A9UQ86-F1	6	70	401	298	0.743142144638404	compared	9.245565899677914	5925	0.28978622602246634	0.7727369170430227	4904	0.8276793248945148	0.22252244928919757	5897	0.9952742616033755	0.25697225534316015	5925	1.0	0.28978622791689973
30	S0d27e32a54f982fbe64f5c7ac73d6f15742e8d7fc017157fdbff601aa69b3309	AF-Q8SQY3-F1	6	70	294	181	0.6156462585034014	compared	8.801794562492345	3534	0.6236375897571779	1.9849875560638217	3264	0.9235993208828522	0.43373003969527435	3492	0.9881154499151104	0.5037209935518198	3518	0.9954725523486134	0.5072877925617453
31	Sb2a067e1a94cf09f634022552fae95916263e9a742a467d4bc5bd24459bcdd0c	AF-Q1ZXD3-F1	6	70	504	368	0.7301587301587301	compared	8.754233672815976	7494	0.3458891727461402	1.3466910641549066	5263	0.7022951694689085	0.2412492158691116	7335	0.9787830264211369	0.2647562756891093	7459	0.995329597010942	0.26771528816844053
32	S659a1820bb15dfc9f3a13725b97e05f0fd9394c04506068b3f9219c68879087f	AF-A0A9P6MN20-F1	6	70	280	199	0.7107142857142857	compared	8.74952185297065	3099	0.459094678582463	2.0537912225909265	2629	0.8483381736043886	0.15809815162509588	3037	0.9799935463052598	0.18393553716876648	3037	0.9799935463052598	0.18393553716876648
33	Sb89cc8927233fd43e6b72fb83c160d8f071fcdf42e6c4266c63943832a7e1635	AF-A0A075AMT1-F1	6	70	384	357	0.9296875	compared	8.53998054504873	7298	0.25779692350429906	0.689396855340571	5919	0.8110441216771719	0.2012502437756425	7262	0.9950671416826528	0.2327411230196472	7298	1.0	0.2577969299797623
34	Sb902dd623bc7d7981b9a3eaa85a3fc47cf78704dac41e3f6536809d8086c2534	AF-A0A507BMM2-F1	6	70	150	78	0.52	compared	8.120254209143493	1103	0.35748237048334336	0.5293324317443641	1016	0.9211242067089755	0.3320571135105559	1103	1.0	0.35748239279337607	1103	1.0	0.35748239279337607
35	Se4ea0b1dc5b8a233a30028241d72761662dfa3790fc8f11efe0ad0b61150d77e	AF-A0A2H9TFL9-F1	6	70	456	269	0.5899122807017544	compared	7.817776599368621	4151	0.29841136058016104	0.7264323672298505	3788	0.9125511924837388	0.2148302270551733	3919	0.9441098530474584	0.23582476315496398	4021	0.9686822452421103	0.2526085073218749
36	Saa85bb0e0b0a516a4e1513016c10a2d2a58f8676a9216c00f74f087dff15a9fc	AF-A0A2N1J754-F1	6	70	476	356	0.7478991596638656	compared	7.344709056604125	7811	0.17079849235935465	0.2572736012494831	7563	0.9682499039815644	0.16509429643075002	7801	0.998719754192805	0.17073551096113546	7811	1.0	0.17079848974166661
37	Sfe01c3946a40831d2566f18cb216d897e8d0a17c79f11d1daae8afa760711986	AF-A0A8E2EQG3-F1	6	70	505	387	0.7663366336633664	compared	7.288181342108709	8148	0.2986775605577937	0.8314109699153615	7185	0.8818114874815906	0.2595131702368593	8129	0.9976681394207167	0.2729778508124196	8138	0.998772704958272	0.27371778324054763
38	S0017311de053245b69a8099cd7b366cc3ce54b8e615fffb2f046cf54c4458f39	AF-A0A4P9ZK29-F1	6	70	493	381	0.7728194726166329	compared	6.745343397660454	8109	0.15840757873245376	0.22465879697377522	7097	0.8752003946232582	0.14438383980454483	8090	0.9976569244049821	0.15807472460824518	8109	1.0	0.1584075840445615
39	S4e411c3dd3f6dcb8ef7147709760f09da378251569083bcf6b52331f9d47c32d	AF-A0A9W8R0K2-F1	6	70	128	74	0.578125	compared	6.452819342042697	1036	0.5230781341273913	0.8596872039191997	853	0.8233590733590733	0.40660287997661515	1033	0.997104247104247	0.5135658754497288	1036	1.0	0.5230781433133658
40	S72fc211796f8bcdf70d105076e7ffd131428f6a4af74ff504e3a677d12c62476	AF-A0A8H7ZN20-F1	6	70	121	62	0.512396694214876	compared	6.408416041196731	768	0.3038336698628446	0.41253387041354345	735	0.95703125	0.2905292918856499	768	1.0	0.30383367500155994	768	1.0	0.30383367500155994
41	S8954640ad06c29f2949b8715e594952ad4f46ab20dd7142cc8dcd8f974b3e50f	AF-F2TWE9-F1	6	70	178	151	0.848314606741573	compared	6.207134706154929	2682	0.2141626372873313	0.2970426938840172	2386	0.889634601043997	0.1953408439090697	2675	0.9973900074571216	0.2139321691221647	2682	1.0	0.21416264963922038
42	S0cd7f4a4320e55791c8373423ebd03252a1533f2a5984febbbf7b1ca0080605e	AF-A0A317XG32-F1	6	70	322	178	0.5527950310559007	compared	5.9711453983053655	2600	0.3673600122356507	1.1349040406470294	2325	0.8942307692307693	0.2461391197700943	2568	0.9876923076923076	0.28467674018138783	2583	0.9934615384615385	0.2884394676101373
43	S2b5d14cc1b5a293c9b68fd895b04d64913271cd335675a7fa8a40a089572ca9f	AF-A0A0L0S620-F1	6	70	301	250	0.8305647840531561	compared	5.780967094744527	6043	0.2515825714717043	1.627149004088529	5680	0.9399304980969717	0.14194955928298006	5994	0.9918914446466987	0.15294787932226253	6020	0.9961939434055932	0.1547529321113932
44	Sb901274d287f6704ff021bdab97f25da0c2ab4c26f11fe7eeb3746383b96c8cc	AF-A0A1Y1UVE4-F1	6	70	474	314	0.6624472573839663	compared	5.013792744198646	6248	0.32837772512750374	0.6464184411967944	5126	0.8204225352112676	0.23575958435203828	6179	0.9889564660691421	0.313410174308222	6248	1.0	0.328377728035476
45	S297f0120b24af6f029c2aeda444439116f0d82f2049a3940538e128e354972a0	AF-A0A0L0S4B0-F1	6	70	287	158	0.5505226480836237	compared	4.872945817239513	2322	0.14239147753774795	0.19504351897211947	2223	0.9573643410852714	0.13563863691533043	2321	0.9995693367786391	0.1423694071970914	2322	1.0	0.14239148686361214
46	S0e3cdfb95d6a44bf2bb99a6868c3ddfc5598b85912a0c4036515b3ca5bd0464b	AF-A0A397G9Q9-F1	6	70	299	151	0.5050167224080268	compared	4.66605384906939	2285	0.23037035961661234	0.4368463104543254	2118	0.9269146608315099	0.17477324513408224	2272	0.9943107221006564	0.221208136919275	2284	0.999562363238512	0.22699553542382117
47	S6c09727e26cda94183083ec5f2b17cf403ae29a872c5df25baba7f7959c6b354	AF-A0AAD4D0R8-F1	6	70	479	341	0.7118997912317327	compared	4.644114720421182	7918	0.21634999194494436	0.4358057404029827	7773	0.9816872947714069	0.2081921853018869	7914	0.9994948219247285	0.21156813083896892	7917	0.9998737054811822	0.2141412160119447
48	Sae6d0a78192cb35436b0abea2ca7a1e40c786ade2fa0f1c004ebad7b84da475b	AF-A0A1Y1UR30-F1	6	70	183	155	0.8469945355191257	compared	4.545140541843061	2739	0.1727286712401064	0.23569063457116357	2576	0.9404892296458561	0.16565760925064513	2739	1.0	0.17272867010446322	2739	1.0	0.17272867010446322
49	S1fc9851d8de2a799ca4937ae877b2c327c7800fcc24d91ad970bb144d31573b8	AF-F4R4P6-F1	6	70	190	157	0.8263157894736842	compared	4.298938094339853	2704	0.19457603663323703	0.27821768147053455	2547	0.9419378698224852	0.1773111834374349	2698	0.9977810650887574	0.19361963596716125	2704	1.0	0.1945760421680661
50	S774bec6308a6638102513876df2750e0d74229c901b7563018b16380423f95dd	AF-A0A1Y1X7S3-F1	6	70	409	299	0.7310513447432763	compared	4.211786027616169	7297	0.16074251536864745	0.22565993430759837	7197	0.9862957379745101	0.15789580671067327	7295	0.9997259147594902	0.16063054872320234	7297	1.0	0.1607425046313211
51	S257890d8b0744b087f4f46b44847c8f588ce1989512ac86e92cb37152ca37e65	AF-A0A139A145-F1	6	70	405	349	0.8617283950617284	compared	4.069840521184197	8069	0.20926253142622395	0.5218775987635892	7910	0.9802949560044615	0.17911529242352273	8052	0.9978931713967034	0.19467658445315097	8062	0.9991324823398191	0.20052679825687345
52	Se91323285682e068968cd6a1d4041ed7e817d1f50883604a305e4d08e8d20051	AF-J8ZR82-F1	6	70	428	305	0.7126168224299065	compared	4.0081911846918326	7621	0.5551380428820397	2.5079770444756466	6702	0.8794121506363994	0.1936081469459992	7393	0.9700826663167563	0.2255919617800756	7458	0.9786117307439969	0.23316889269888444
53	Sd76196aa7d17c5d7b9468669d8b0832b924e0141c887d397fc909711dae2948e	AF-A0A1Y1VZ25-F1	6	70	282	192	0.6808510638297872	compared	3.7997571999084214	4521	0.2665347102846223	1.3347430364702908	4316	0.9546560495465605	0.13296614744012258	4468	0.9882769298827693	0.1548303584555152	4486	0.9922583499225835	0.15756476098095124
54	S8844b6084f033f72dcf44cc618bce3ebd6e98007c7cbd4084d41a8ac488dd046	AF-A0A162N504-F1	6	70	335	259	0.7731343283582089	compared	3.7916298952947356	5947	0.32616190746455426	1.002885161869535	5825	0.9794854548511854	0.2309444824742844	5901	0.9922650075668404	0.2755949417729285	5901	0.9922650075668404	0.2755949417729285
55	S26d0ad17b2da9f307277f735d9377a0a2b9c3f295d7419f4cc107d4079184b82	AF-A0A137NQQ3-F1	6	70	231	146	0.6320346320346321	compared	3.6223461078392707	2250	0.18060144510954285	0.27242411995470145	2115	0.94	0.16025295095482778	2226	0.9893333333333333	0.17394139881518159	2246	0.9982222222222222	0.17890594990108416
56	S9d6c7030c5aab34c9429720576ec27b5ee7f79c56e30d32734fe294557cca44f	AF-A0A0L0H4U8-F1	6	70	332	178	0.536144578313253	compared	3.535170906812255	3734	0.34400792478397035	0.9036975082874454	3571	0.9563470808784146	0.3086050250635949	3730	0.9989287627209427	0.3277293830189188	3730	0.9989287627209427	0.3277293830189188
57	Seec07fff4993061363c29a3c65d69a1d73f1f2e249335c0c1b6bf67e6c87ef53	AF-E6QY58-F1	6	70	266	185	0.6954887218045113	compared	3.408757156209925	3755	0.23464586082885672	0.30530540486533253	3533	0.9408788282290279	0.22404184315081355	3751	0.9989347536617843	0.23442964686549092	3755	1.0	0.23464585743777855
58	S776d17d4f4dcd0f30dc34b905781134fb26e5ae2e15e3f88a69277abdf6e2f8d	AF-A0A138ZZJ1-F1	6	70	387	365	0.9431524547803618	compared	3.3094636884807382	8305	0.32366177410528923	0.6390036317787634	7130	0.8585189644792294	0.25832845726714243	8272	0.9960264900662251	0.31939921989849074	8305	1.0	0.32366177303806215
59	S22607b548c8d42a5d078b9b078f594d718e5c131d226e7ba3d67d17b65e04d21	AF-A0A507BLD7-F1	6	70	395	267	0.6759493670886076	compared	3.170212244014499	5142	0.24551732264542792	0.36762196622960347	3651	0.7100350058343057	0.21038584480336195	5080	0.9879424348502528	0.2451557125144373	5141	0.9998055231427461	0.2455070561824133
60	Sc5a3425f670adf6f1052311fb85543f48773b7b9b6d10980c4a7190c5818cfcb	AF-A0A9N8VS82-F1	6	70	404	388	0.9603960396039604	compared	3.1551949207349486	8349	0.18353613868800256	0.352159407456352	8079	0.9676607977003234	0.16459737538636113	8345	0.9995209007066714	0.1822570649847726	8349	1.0	0.18353614342211663
61	Sc2117ab429e4320877bc30d21638792855c4d0c5f22a9cf7990c6d5f021322c5	AF-A0A0D2UAN6-F1	6	70	191	175	0.9162303664921466	compared	3.0191740053049796	3146	0.2783749609926649	0.5347667949302621	2990	0.9504132231404959	0.24059247424870014	3144	0.9993642720915448	0.2761443320811959	3146	1.0	0.27837496942955364
62	Sbbee466499efebea08b61a171ad6c8f878a6f604d8256c227db14511ed87a60a	AF-A0A1Y2H4L9-F1	6	70	471	333	0.7070063694267515	compared	2.9666905094381932	7772	0.1941277524428897	0.3152104444267116	7589	0.9764539372104992	0.18745104632925108	7762	0.9987133299022131	0.19336122108081105	7772	1.0	0.19412775571431973
63	S9c0e0dfd0c5951ef9f4a4cad96e98397680cf157972fdc0167b94d0391456f5e	AF-A0A165CJ77-F1	6	70	388	230	0.5927835051546392	compared	2.7933939310333398	3971	0.2743020024290637	0.39958407452783984	2690	0.677411231427852	0.21869438427092813	3952	0.9952153110047847	0.2718318055298148	3971	1.0	0.27430200957684603
64	S35e770d677631aa5d723604f936fab2d4481953dcf58facb893746b2cd62fbbd	AF-B3RIE1-F1	6	70	478	250	0.5230125523012552	compared	2.7344511223676795	5114	0.42082259314835607	0.8197338196638106	4613	0.9020336331638639	0.321753758096595	5108	0.9988267500977708	0.420054944152169	5114	1.0	0.4208226030447956
65	Sb1adcaddcd03a965dc7af2592c60cabee45774183d0e6e5b08ceade79d8560d8	AF-V3Z5I1-F1	6	70	444	330	0.7432432432432432	compared	2.650873657289911	8441	0.24379834104584375	0.503409298575004	8000	0.9477550053311219	0.21906685623596045	8325	0.9862575524226987	0.22220210569231086	8336	0.987560715555029	0.22215176160681707
66	S735637a0194874e0b644b92a6f54e3ef81479e060eacfb9a8be46682fe9030ef	AF-A9UQJ9-F1	6	70	392	359	0.9158163265306123	compared	2.5666647837467833	8092	0.30821014020907406	0.6048144435168868	6801	0.8404597132970836	0.22798444023456774	8085	0.9991349480968859	0.3073897657437818	8092	1.0	0.3082101411394924
67	S0190b71633ccfee7647674d4cb35da56a39fd5725a25e03c9dc3841d987104fd	AF-A0A507BNL0-F1	6	70	381	240	0.6299212598425197	compared	2.550357584356827	4935	0.3070974029033897	0.571359215019968	4578	0.9276595744680851	0.2589130718097793	4932	0.9993920972644377	0.3062967681626628	4935	1.0	0.30709739064178426
68	S2e2d52984c613590319ad6ff80c14a7c13c09c8a7d25f9b5cae7baf0690d4568	AF-A0A0L0D0Q7-F1	6	70	396	358	0.9040404040404041	compared	2.2614002918929335	8171	0.27301093332661275	0.5156572254681725	7555	0.9246114306694407	0.23701247727381325	8143	0.9965732468486109	0.26951192968895565	8168	0.9996328478766369	0.27264167810600715
69	S7dffdf4a4e8ea78958549faa14dd5344c377d48ea8ae0c7ae678d97383ffdae1	AF-C8VRT1-F1	6	70	315	246	0.780952380952381	compared	2.2547277455944763	5587	0.3853686935672743	0.8248241979274376	5345	0.9566851619831752	0.3104551696299808	5538	0.9912296402362627	0.36477836750338677	5587	1.0	0.3853686968111029
70	Sabce9fcddc487648ca3b3de5864ccad2daa404102e9f6f8ac7effb957a3f32e9	AF-A0A4P9WYP4-F1	6	70	368	297	0.8070652173913043	compared	2.1908009343279593	7490	0.36679435416104333	0.6375628053443938	6995	0.9339118825100133	0.32777781654673266	7462	0.9962616822429906	0.3646706429724086	7490	1.0	0.3667943542125766
71	Sd5aa3a3acbe028335cc1d1a174943b3e206695625cc57b411a27ed8775d78ee1	AF-A9UNU6-F1	6	70	414	255	0.6159420289855072	compared	2.0826293327623695	5907	0.3541344357479599	1.2262444025988188	5678	0.9612324360927713	0.2084101397798337	5820	0.9852717115286947	0.26407953577321597	5832	0.9873031995937024	0.2708991583118796
72	S45e90e79daea67805386b2d8a83e7b7d639f6ffef7c66362f953152704863553	AF-A0A1Y2G5U1-F1	6	70	409	395	0.9657701711491442	compared	1.9993195984047463	9597	0.3633914056564579	1.1369474871322995	9195	0.9581119099718662	0.23303736322125534	9517	0.9916640616859436	0.32121530972651063	9596	0.9998958007710743	0.3633724286035891
73	S245072443b4a669299090c0781ba3a79be190dc18b718cdeb6e055cca2dc4309	AF-Q4WQA5-F1	6	70	489	319	0.6523517382413088	compared	1.943987099564348	7386	0.19947529694656058	0.3456560756928784	7138	0.9664229623612239	0.17669762608047987	7367	0.9974275656647712	0.19675139817919887	7380	0.9991876523151909	0.19824046965873846
74	S1bc814e81e7cf368ac409444eeeb9543fac9e7b304b6605a64ad3bcd20826eb2	AF-A0A9P6MM40-F1	6	70	483	424	0.8778467908902692	compared	1.916035014339762	10672	0.3052159757596409	0.5738690062278767	9409	0.8816529235382309	0.2202699870439954	10651	0.9980322338830585	0.3031980732963119	10672	1.0	0.30521598112246284
75	Sf79944a097609ee5ae1c382e845f9c1980e6e5b44002d2bbfbb4d850d4ea099b	AF-L8GF23-F1	6	70	153	121	0.7908496732026143	compared	1.9155905214883886	1813	0.1853243987426586	0.27250729581500255	1324	0.7302813017098732	0.1682542578544136	1803	0.9944842801985659	0.18493182765992452	1812	0.9994484280198566	0.1850630419831488
76	S7be55fe28c1b840d8a40976c85270d2981495380107df92a12ce1ffa6582a16b	AF-A0A0W4ZW42-F1	6	70	238	209	0.8781512605042017	compared	1.8873449953680257	3994	0.18077048102434712	0.2955695758834032	3854	0.9649474211316975	0.16651966714658445	3984	0.9974962443665498	0.18057954726439693	3994	1.0	0.1807704813789476
77	Sa2214fc607cb447faf2a556fca2c06d7e0f6c218dd685a15cf6a53d9218983dc	AF-Q8SQW4-F1	6	70	283	253	0.8939929328621908	compared	1.8698004644366095	5092	0.3555654115275006	0.8969171205513796	4675	0.9181068342498037	0.30620970779548135	5074	0.9964650432050275	0.3550957013782444	5092	1.0	0.35556540633363504
78	Sa06ef52890641d5dbeea67eba9cc23fda236fcef4759e11e7d88d11f2ea23a54	AF-A0A1Y1X3G1-F1	6	70	463	385	0.8315334773218143	compared	1.8603554573846737	9056	0.31523913369123274	0.8238765509548627	8443	0.932310070671378	0.21069496185665518	9023	0.9963560070671378	0.3093736797209691	9055	0.9998895759717314	0.31515575066113644
79	S268de336ecc23e41e2099b35e1bd3bc419765459ca941356c423653175d949de	AF-A0A6A6UEV9-F1	6	70	474	441	0.930379746835443	compared	1.85744385251685	10394	0.32545168722876977	0.6607057528433394	9815	0.944294785453146	0.24783516326764907	10346	0.9953819511256494	0.3116091876835331	10394	1.0	0.3254516815441428
80	S77af74dc29be61e07f36ce00c142a7b7b347f6c605483c22fad498da4cd24430	AF-F0Z7S3-F1	6	70	296	289	0.9763513513513513	compared	1.7943135836975095	6340	0.2863915326239496	0.529725482947432	5189	0.8184542586750788	0.22903776420250105	6301	0.9938485804416404	0.2785495385441508	6340	1.0	0.2863915289452425
81	S388d7a83033e848e74f619defc783766791197cc94e40d254d80aa7a282814d2	AF-A0AAV5QKE4-F1	6	70	122	107	0.8770491803278688	compared	1.7572028196455802	1668	0.26018238539283767	0.5927857663454684	1569	0.9406474820143885	0.17699990158500206	1668	1.0	0.26018238078719486	1668	1.0	0.26018238078719486
82	S36e2485603378f9ea8e9a2c34afb1d4e58fcf25c8773b1a625c2962f97e42d08	AF-A0A0D2UDS7-F1	6	70	247	225	0.9109311740890689	compared	1.7527673168897637	6001	0.2119269043397818	0.4003261598663829	5792	0.9651724712547909	0.18713328446193286	5998	0.9995000833194467	0.21183847707490436	6001	1.0	0.2119269038347215
83	S45f55d9a53d0a95605ab52a2ee32cb14253835bdc4c26579cb35bd1915eaa172	AF-A0A4P9Y0S5-F1	6	70	507	317	0.6252465483234714	compared	1.6279848714740939	7230	0.3383263289716041	0.6704103731407124	6516	0.9012448132780083	0.25620752384555584	7207	0.9968188105117566	0.3363051302381156	7230	1.0	0.3383263302063069
84	Sca65eabc12e5f5481a7ce6651fdd1ef45fb6ef354cfa750958ae3891b21f13b6	AF-A0A1E4RXV2-F1	6	70	290	284	0.9793103448275862	compared	1.6263397128611852	6003	0.3020932315275963	0.6444731775695194	5791	0.9646843245044144	0.2650880718605108	5982	0.9965017491254373	0.2997562580567406	5998	0.9991670831251042	0.3010839444495542
85	S7dfeb1740e71c20487ec4135d31ed3832bcfe3cd7d3d5103252f7184c8d942ac	AF-A0A2X0K7R3-F1	6	70	480	397	0.8270833333333333	compared	1.6051693913430198	9199	0.272487600712901	0.5787828888237624	8750	0.9511903467768236	0.21545474230672976	9173	0.9971736058267203	0.26965733366307854	9199	1.0	0.2724876058391836
86	Sb70f9a86383cb1c7fe97ba6d56cbd62bc336a62f0407486ea30ff4ec9665a87b	AF-V3ZF40-F1	6	70	245	217	0.8857142857142857	compared	1.5946203362918505	3869	0.2778911994308333	0.5011616647022761	3104	0.8022744895321788	0.1677306095524585	3867	0.9994830705608685	0.2777764635540096	3869	1.0	0.27789119729189615
87	S89742483d8952e6412c2a2b8e0dc1b061405fe12c889d183fa557d1502c23432	AF-J8ZVH7-F1	6	70	431	335	0.777262180974478	compared	1.5375943824212854	7745	0.3196421936974541	0.6686073814659614	7256	0.9368624919302776	0.2498913521426069	7736	0.9988379599741769	0.31720839845736964	7745	1.0	0.3196421878538514
88	Sd3e61c9e9e59c519cffd3a24ab2d4e90c349f57f6e4937cb6e412665983ed6af	AF-A0A1Y1XGU5-F1	6	70	438	370	0.8447488584474886	compared	1.5047218147860708	7987	0.23159759014366926	0.46186331520900104	7478	0.9362714410917742	0.1898756878267443	7971	0.997996744710154	0.22975719931405703	7987	1.0	0.231597597480017
89	S949b2ad467fcd2e8a3908576ac5ebeab9bfdfb7fec00c518d3418c3e5efb87b2	AF-A0A433A230-F1	6	70	147	110	0.7482993197278912	compared	1.496235582237614	1696	0.28974867255737935	0.4863699538958205	1611	0.9498820754716981	0.24822676131401664	1693	0.9982311320754716	0.28504688795611743	1696	1.0	0.289748679909974
90	Scc6d95b14f7219b80f67b0cd9a20aea7a8bb4af09850236f10fcfc85117a6047	AF-A0A0L0H5G9-F1	6	70	211	166	0.7867298578199052	compared	1.4552330885759104	3150	0.326812627032221	0.8543681892117658	2994	0.9504761904761905	0.23680983627466617	3141	0.9971428571428571	0.3059735422776967	3150	1.0	0.32681261900620817
91	Se5c6fb92860b3140389f8e01c65f56b876fad6ff21c579a240c720dadf08a06f	AF-A0A7R7VWU1-F1	6	70	96	56	0.5833333333333334	compared	1.4176197817041944	861	0.6668791474455673	1.0166891514871876	640	0.743321718931475	0.5124984130970304	858	0.9965156794425087	0.6539758332963744	861	1.0	0.666879166307027
92	S32eec11ea1310ad6486c2d959d09955d7e8a0b5f89684a383b9b32629a669246	AF-A9UPJ4-F1	6	70	216	201	0.9305555555555556	compared	1.3973610200564652	3843	0.14663731459837723	0.21922268990255578	3808	0.9908925318761385	0.1429904657160966	3843	1.0	0.1466373157542775	3843	1.0	0.1466373157542775
93	S8b70b660ba9eaff30797b412970521b55124c697f2493ee52a2583cfaaf3b9aa	AF-A0A8H7PDB3-F1	6	70	313	265	0.8466453674121406	compared	1.347891973645074	5101	0.19617689117417597	0.2714133820597914	3767	0.738482650460694	0.17513437396912768	5076	0.99509900019604	0.1963076832406611	5101	1.0	0.19617689659428791
94	S00e1a550fce80f80d509614a39c3b03d90f2cf7a57564d71a0816a3e41e7d8f6	AF-N1PB47-F1	6	70	304	271	0.8914473684210527	compared	1.3024403959913775	6787	0.30576987263546695	0.6638366320131678	6639	0.9781936054221305	0.268950418308423	6781	0.9991159569765728	0.3058163506602164	6787	1.0	0.30576988135092215
95	S22c67a86d22f46b3661dd447334497e20583220307faf207d459ffb05e220b3c	AF-A0A4P9YRH6-F1	6	70	171	165	0.9649122807017544	compared	1.3014943669214347	3212	0.22625490779025595	0.36574778259166596	2689	0.837173100871731	0.18950068385045424	3172	0.987546699875467	0.21926144986559754	3207	0.9984433374844334	0.22493132027068502
96	S40bd4f305367299702c578c8aef2e0fecc8ad021e50b4296d47e195667e5750d	AF-N1PBB0-F1	6	70	290	238	0.8206896551724138	compared	1.2957145363131888	4813	0.2837075528625541	0.4856239632305355	4288	0.8909204238520673	0.2470498006572906	4794	0.996052358196551	0.28241435287468936	4813	1.0	0.28370755549034943
97	S87b84940067b50d7f916f387bf483b41efa445f6f83ecb037295240ecef9618a	AF-A0A9N8VN39-F1	6	70	389	196	0.5038560411311054	compared	1.2886161504786633	3262	0.2870660654568852	0.38187285359651274	2188	0.6707541385652973	0.23532585821680452	3255	0.9978540772532188	0.2864390821031952	3262	1.0	0.2870660743726218
98	Sc06430c7cdb10f9eb632114bfc6a43bb31e21309cfebe12e5ddb8b0063827a3f	AF-A0A4P9ZK04-F1	6	70	171	170	0.9941520467836257	compared	1.287499133047701	3340	0.22243622178613062	0.37364582949724484	2982	0.8928143712574851	0.1950439539035147	3305	0.9895209580838323	0.21918951636583683	3335	0.9985029940119761	0.22168194646569186
99	S05c3daf0025971f65f50eb9a680a91756bb286827cbeb06a04f11695ab46f0a0	AF-A0A6A7C3S2-F1	6	70	295	227	0.7694915254237288	compared	1.2818057651133188	4651	0.2723850348520734	0.4995884656500439	4243	0.9122769296925393	0.21954504921071066	4638	0.997204902171576	0.27012500810478746	4651	1.0	0.27238503300026484
100	Sfd87f63fe27914d202dca5c516af29117250bf0bc0783bf534992be9ad890685	AF-L2GRT3-F1	6	70	266	197	0.7406015037593985	compared	1.2606684459335074	4612	0.29804374321174437	0.715485145789385	4358	0.9449262792714658	0.21910277395101707	4606	0.9986990459670425	0.29025312297054345	4612	1.0	0.298043730279033
101	S283f3bf1451d63dd416b48708784fe9853049929d66eb504f617c968183b0852	AF-A0A0C2TJ07-F1	6	70	170	167	0.9823529411764705	compared	1.260512975726974	3235	0.23513096297313	0.3718311966226637	2678	0.8278207109737249	0.2003449218790715	3210	0.9922720247295209	0.23261684353658094	3235	1.0	0.23513098240845476
102	Sdc8c023df928b20f132ee7073d8f6bac76172023f6a30d85ad5b60d6c33f4fa1	AF-L2GRV1-F1	6	70	323	225	0.6965944272445821	compared	1.2467823237566928	4826	0.24249880501870383	0.46805373578994824	4509	0.9343141317861583	0.20317637608775382	4812	0.9970990468296727	0.24095296303905933	4826	1.0	0.24249880727579218
103	Sdf8cf5e84439c05e07731d8d7a18fbec9b4fc6dc1430abecf11f7d450fe96b19	AF-A0A1R1PJ51-F1	6	70	267	265	0.9925093632958801	compared	1.1838562423677823	5882	0.3202288189076073	0.6957050683659068	5557	0.944746684801088	0.25832734400199264	5881	0.999829989799388	0.3201864625079402	5882	1.0	0.3202288224232898
104	Sbcf78b34e5291a5797ae9fff3994318524fa8d44a8a8b0e77f60fdef73017628	AF-A0A4P9XFM8-F1	6	70	148	120	0.8108108108108109	compared	1.134858985704773	1550	0.31377368142666817	0.5351491675763094	1296	0.8361290322580646	0.1961158531150615	1550	1.0	0.3137736629073023	1550	1.0	0.3137736629073023
105	S2f111b01e1ddfaafadc7455da71327c23be6f032bb6153ce59ffed1a9fa73f22	AF-A0AAV5QTE6-F1	6	70	431	243	0.5638051044083526	compared	1.1140372311101618	5386	0.2786126634366731	0.44564475994489744	4886	0.9071667285555143	0.23096206806801295	5365	0.9961010025993317	0.2777298120074347	5386	1.0	0.27861267346727486
106	S0975f60d77a6d6e520c35c2be438d84fa47a9b78eaffb34b949f7c68490b34ef	AF-V3Z2X2-F1	6	70	499	457	0.9158316633266533	compared	1.1091541899772455	11528	0.23980739858995223	0.49645984497727125	10528	0.9132546842470507	0.16919591658413022	11446	0.9928868841082582	0.22931240407496314	11528	1.0	0.239807406402331
107	S31b0a6c5de3f07d94047fa2dd4eabf9f1e5d68bc3d2e197d2e45bf9b3583763d	AF-A0A1Y1X240-F1	6	70	446	432	0.968609865470852	compared	1.0867046516350418	10109	0.2522333828962134	0.5399559699362934	9697	0.9592442378078939	0.18781067967394685	10094	0.9985161737065981	0.24828411672163678	10109	1.0	0.25223338411740137
108	S3f755f2d841916bea43292c4a0c457564e88d6488c5261d92ae8372261406ef3	AF-A0A875S633-F1	6	70	141	134	0.950354609929078	compared	1.075324155564075	1739	0.19274258684452827	0.2957450426149626	1572	0.9039677975848188	0.17166997328708966	1730	0.9948246118458884	0.192677923894242	1739	1.0	0.19274258674860945
109	S25050ecaf3e5c8b2b23e44aad162173fd02224f55f3708e49fb3016a2b8c7dd9	AF-A0A0L0FFM1-F1	6	70	405	351	0.8666666666666667	compared	1.0655763700060683	8190	0.18559193267754062	0.3228577727934326	7724	0.9431013431013431	0.1612051883673062	8169	0.9974358974358974	0.184235641629504	8190	1.0	0.18559193273771252
110	Sc599590eed3f61592ee1535fbcdb24b223468e92dae402f74540d8498348dd31	AF-A0A2P6MNI2-F1	6	70	117	68	0.5811965811965812	compared	1.0640828460111955	1026	0.36672247585973344	0.5656928097477403	946	0.9220272904483431	0.3398548923617925	1026	1.0	0.36672246271157866	1026	1.0	0.36672246271157866
111	Sd482b4c269fb403fb458724e2fed3292144e80bb1cc7db2004e08b8ff06fd8b0	AF-A0A058YZ19-F1	6	70	496	326	0.657258064516129	compared	1.04272426961398	6862	0.21042679427295877	0.294348694048076	6077	0.8856018653453803	0.1957236729695965	6853	0.9986884290294374	0.21018520135925423	6862	1.0	0.2104267936142439
112	Sef51690901e356cb21886f1ddc7679ed6cb2cd972aa384d0050c701a90535c47	AF-A0A9P6IMR0-F1	6	70	347	253	0.729106628242075	compared	1.0279963016760947	5369	0.29236280334257214	0.6657850499962412	5140	0.957347737008754	0.2459353214891575	5364	0.9990687278822872	0.2922564095281154	5369	1.0	0.29236279923342234
113	S4d6bb2be12f13d339e6f28c03c30348d1d4d2dcf018c4f85c692b17265fb67f0	AF-A0A0L0FBX5-F1	6	70	376	308	0.8191489361702128	compared	1.0142813036414233	7172	0.31756797065168396	0.580030179406272	6196	0.8639152258784161	0.24721366432853867	7134	0.9947016174010039	0.31232161354474197	7172	1.0	0.3175679665963782
114	S026b8133443eee3115364648b12eaf9ea11626fc85f1e8dfb5d04a926fc2bc81	AF-A0A075ANF3-F1	6	70	407	265	0.6511056511056511	compared	1.006033137498541	6300	0.25143810228142544	0.44776323680128954	6101	0.9684126984126984	0.230131794570982	6276	0.9961904761904762	0.24270069481722492	6300	1.0	0.25143810429985586
115	S38ffa7224e37570d31e64e1947c3595a4ae58326a799ef156c9794f803e95444	AF-A0A4P9XYB8-F1	6	70	276	236	0.855072463768116	compared	0.9825413584365582	5221	0.24023987947831965	0.5753378418619355	4987	0.9551809998084658	0.1750651863598696	5204	0.996743918789504	0.23128250258217045	5221	1.0	0.2402398780656956
116	S3503a6a69024ae57e81d2f1d282dd92cb3780c1d0ad8355dd37ae83143bc85e2	AF-A0A9W4SBE8-F1	6	70	335	273	0.8149253731343283	compared	0.9694384137802785	6754	0.21664320615289862	0.4559591088343297	6298	0.9324844536570921	0.1813655876246506	6751	0.9995558187740599	0.21415621404277974	6754	1.0	0.21664320234971401
117	S807447391bc7f406d55f9e32377c569a008465e727eeec136d6a177ae0a51a56	AF-A0A2G4SF32-F1	6	70	185	160	0.8648648648648649	compared	0.9493488284254781	2934	0.20541791742183593	0.3069916672969525	2735	0.9321745057941377	0.19153780198186643	2934	1.0	0.20541791905639206	2934	1.0	0.20541791905639206
118	S72aa772a0df349c884b2a147032d58ec6184a1a03313ec55dfc5b8454d14da28	AF-A0A0L0H532-F1	6	70	133	101	0.7593984962406015	compared	0.9430754507132173	1539	0.2163898199021117	0.31315990495547247	1438	0.9343729694606887	0.1948966542409787	1528	0.9928525016244314	0.21398304256037387	1539	1.0	0.21638981789085934
119	S7ac38cfddf0c0547656cb49cac89b5081d49467699d3edf8e6b6203114a56793	AF-A0A9P6FLE0-F1	6	70	131	103	0.7862595419847328	compared	0.9406641821550548	1557	0.17925346092112984	0.24717023318057219	1539	0.9884393063583815	0.17516287427387386	1557	1.0	0.17925345264016476	1557	1.0	0.17925345264016476
120	S450b4b42d5a34e860b71b0b163d6580e35215c1d50688dd8c5ea43b8dcbb6afd	AF-A0A9W8A101-F1	6	70	261	259	0.9923371647509579	compared	0.9305595365071248	5737	0.27852717080380557	0.48744348999276593	5536	0.9649642670385219	0.2487840794161285	5731	0.9989541572250306	0.27590851568581926	5737	1.0	0.2785271801965194
121	Scf8fd7d4087abf925a4f076a74633962b45ee6ec06ed1cedb33cecbf98a93904	AF-A0A0D2UB33-F1	6	70	255	254	0.996078431372549	compared	0.9293260757847978	5693	0.22801078971238548	0.38890769287987403	5609	0.9852450377656772	0.22392261685201342	5691	0.9996486913753733	0.2279401038916703	5693	1.0	0.22801079869294896
122	Sde587ad0914a9d71eef81b9b9ec80657f32f7b168eaff84a5a2adc5c18d221b3	AF-A9UPW0-F1	6	70	185	168	0.9081081081081082	compared	0.9192024657615754	3750	0.3321057007887086	0.547903366308619	3695	0.9853333333333333	0.3191865733929389	3750	1.0	0.33210570440361675	3750	1.0	0.33210570440361675
123	S0e33960f60c4a73cd9fe4d763f6f7674ebd56e30f49015c13f491acc75e0ee9d	AF-E6QXW4-F1	6	70	117	108	0.9230769230769231	compared	0.9117014603411803	1419	0.15415350874335007	0.26196787615508976	1352	0.952783650458069	0.15194689716892548	1411	0.9943622269203665	0.1543465956721654	1419	1.0	0.154153539899389
124	S8dc57b1394418067c7445319eadbdfc0d164347257ad92813ec80910488ab1f0	AF-A0A9W4SAK7-F1	6	70	413	378	0.9152542372881356	compared	0.9093303034364579	9202	0.28268094452183207	0.5419697723453538	8943	0.9718539447946098	0.2492857770272157	9161	0.9955444468593784	0.27490880000429974	9201	0.9998913279721799	0.2820538135329154
125	S51a7dffd869b605a135afc07779f2825390149d94f52f77c8b7445dea950cc24	AF-A0A1Y2H5F4-F1	6	70	251	232	0.9243027888446215	compared	0.8925639645957932	5742	0.24699714401644693	0.5002895558064522	5524	0.9620341344479275	0.20118517227657642	5707	0.9939045628700801	0.23550650874157375	5741	0.9998258446534308	0.24672819466833648
126	Se3eac82ac8669f932d3fa5fd3b43fadc2c29e53cc1b737ce851178d0a7535ea4	AF-J4G1H0-F1	6	70	421	384	0.9121140142517815	compared	0.8884188690369559	9120	0.25272500659936703	0.4677316796008908	8967	0.9832236842105263	0.24025192895685885	9117	0.999671052631579	0.2523993318369986	9120	1.0	0.25272500430676675
127	Sd64e3d9097e847fd9225fdc61bf227a7ae908671ea7232718f83885ed6830481	AF-A0A015IG56-F1	6	70	243	179	0.7366255144032922	compared	0.8862538770895559	3731	0.27719765966687326	0.3944249721101034	3561	0.9544358080943447	0.272236447353015	3731	1.0	0.2771976435609116	3731	1.0	0.2771976435609116
128	Sfb83d331295184807d2225b0033f96ec56a1218962d5febc8bab8880836f23e5	AF-A0A9W8AIR8-F1	6	70	300	277	0.9233333333333333	compared	0.8849784593253832	6604	0.16531045652923235	0.24654004639137433	6514	0.9863718958207147	0.16123910501386027	6574	0.9954572986069049	0.16215550325584513	6604	1.0	0.16531045498980707
129	Scfbe500db1f3c418fb10523a529067efd39c7f70e957507f4f562199e194b532	AF-A0A9N8VV47-F1	6	70	116	104	0.896551724137931	compared	0.8725343673368917	1345	0.18002595103290112	0.27057086844531114	1297	0.9643122676579926	0.17671997156398617	1344	0.9992565055762082	0.1800348718042328	1345	1.0	0.18002593888521118
130	Sae84d8520b711ba3ec2d3a62012572920307376f45831e19e2ad7852dd73ab49	AF-A0A0L0D176-F1	6	70	120	103	0.8583333333333333	compared	0.8643751872315761	1631	0.21002084102146343	0.32027079174652967	1563	0.9583077866339669	0.19324054149850317	1628	0.9981606376456161	0.209124276826045	1631	1.0	0.2100208456132102
131	Se928e6f2264567ba14073fd61188a9614b4e38534e6def191b14be5dc8db9a65	AF-A0A139A048-F1	6	70	325	303	0.9323076923076923	compared	0.8476691002813043	8472	0.2585808564429954	0.49111559452055037	7695	0.90828611898017	0.20639596376949865	8402	0.9917374881964117	0.24784649971875528	8472	1.0	0.2585808514222378
132	S7c2b32e573a65dee1ee643c332150ae7899ccbd5047ff0d794eb5468aaafc9d2	AF-A0A4P9Y050-F1	6	70	478	377	0.7887029288702929	compared	0.8473181317238458	9121	0.27171756476421577	0.4883541517456305	8788	0.9634908453020502	0.24409837897937514	9072	0.9946277820414429	0.2618119724577552	9115	0.9993421773928297	0.27004050843543953
133	S1c8a29dcd3aab6ff784883ebe17002035a35ba5ab6c0765f9944c84ef4ada50d	AF-R9AA25-F1	6	70	118	106	0.8983050847457628	compared	0.8462843501091437	1379	0.15120025494767828	0.22961217621940075	1342	0.9731689630166788	0.1521035801712797	1376	0.9978245105148659	0.1514171407835192	1379	1.0	0.1512002636524017
134	S37afbc9e6a4758a024e20300c42ef85fc5e51caf76b86d2e1d0a59561f8b8ead	AF-A0A9N8VPN0-F1	6	70	116	105	0.9051724137931034	compared	0.8462301141882818	1353	0.15678692985112877	0.24867817690046165	1293	0.9556541019955654	0.15264915346280575	1345	0.9940872135994088	0.15641443953627387	1353	1.0	0.1567869408041496
135	S50a2b70d9219b1d8e1b9833d043e60573d780699245ea29d324f97e2f2dbd4fe	AF-A0A2P6MQI8-F1	6	70	486	329	0.676954732510288	compared	0.8400389531697408	7374	0.21236767226032666	0.36241673656271556	7008	0.950366151342555	0.18908024390862044	7351	0.9968809330078655	0.2113223992187877	7373	0.9998643883916464	0.21232789743837066
136	Sb95e72738c0e11d0d54d56b2ba65f192804f327f400866f31fbf5999590bbdb9	AF-A0A9N8V0R4-F1	6	70	455	425	0.9340659340659341	compared	0.8359273465967387	9993	0.23122031080906283	0.4531036018518679	9493	0.949964975482838	0.178953746385195	9971	0.9977984589212449	0.22973283297653743	9993	1.0	0.2312203157552914
137	S7961089ca63b734e4ba0ae0ed7dcacf39e77511e3338c7720403910fba0f06a7	AF-B0G104-F1	6	70	179	165	0.9217877094972067	compared	0.8348892501507675	3503	0.21197033276618557	0.39766399650100176	3352	0.956894090779332	0.1760434758955002	3502	0.9997145304025121	0.21183883973023412	3503	1.0	0.21197035237050102
138	S0044c96683341e31c3c6ba360a1d08d3e76f3299c4c717ac68c2c9324829b51e	AF-A0A137NSK7-F1	6	70	224	182	0.8125	compared	0.8224425468139634	3460	0.16876574453216003	0.23835814400106134	3322	0.9601156069364162	0.16513665464945138	3455	0.9985549132947977	0.16849772307000066	3460	1.0	0.16876574504950806
139	S3fa8c57408f85935467bf7ca250ec94570525e11aaf735a8af1e4996da6bfa82	AF-A0A433A2Q7-F1	6	70	467	384	0.8222698072805139	compared	0.8185486892207935	9208	0.24529909522239907	0.47053316930011485	8945	0.9714378801042571	0.2138125483877054	9194	0.9984795829713293	0.24405107705760587	9208	1.0	0.24529908612207713
140	S0b004094940c24b361293097ace2cb721627628f7e79d184db08e165e433d6b1	AF-A0A437ALN3-F1	6	70	153	148	0.9673202614379085	compared	0.8132814232564343	2832	0.2388639473000919	0.354059255121608	2353	0.830861581920904	0.19968761760971498	2793	0.986228813559322	0.23928170668446988	2823	0.996822033898305	0.23879160656235263
141	S33ff2b87de99758fcaea2c63dc82967bb09527106599c2f90c74f2666c95e5ee	AF-A0A1Y1VVV2-F1	6	70	173	167	0.9653179190751445	compared	0.8080995559518265	3243	0.19265726938975597	0.29690740900607926	2782	0.8578476719087265	0.15926832217061396	3212	0.990440949737897	0.18991693310706556	3241	0.9993832870798643	0.1924367185346858
142	S0304cafa977b4ffb462e1a06a8ba34c4d927068586d98d236c67a59ea9af71ec	AF-A0A2G4SFI3-F1	6	70	243	198	0.8148148148148148	compared	0.8065132061841876	3463	0.2415080054165699	0.4750838705387092	3126	0.9026855327750505	0.1924227282383635	3452	0.9968235633843489	0.23702627913540913	3462	0.9997112330349408	0.2411842763473301
143	Sfeca6e399c1d5a9744a02c17d93cef6abec2bf883f8759b2f642ebdec657f753	AF-A0A1X0Q9L0-F1	6	70	94	78	0.8297872340425532	compared	0.7811521548775342	1531	0.2688593570972546	0.6004158884142624	1447	0.9451338994121489	0.20988582588015403	1531	1.0	0.2688593663015331	1531	1.0	0.2688593663015331
144	S2644995276c00986bafe48c015661a0e98440f17d0be506f44ce8d56aaa08bf9	AF-A0A9P5SLY2-F1	6	70	116	106	0.9137931034482759	compared	0.7744952157056163	1381	0.19511343555868596	0.2979090793396575	1322	0.9572773352643013	0.1930123781391348	1380	0.999275887038378	0.19504015425458424	1381	1.0	0.1951134370484798
145	Sbe8e5b72204937bc9cc18b5b175923623599946ac3ee5d10214e998a059c4ca5	AF-A0A8H7PEY9-F1	6	70	482	359	0.7448132780082988	compared	0.7710643113192691	7879	0.24858623798634258	0.3799177454019062	7734	0.9815966493209798	0.23990497850708659	7878	0.9998730803401447	0.2484652417113139	7879	1.0	0.24858623237475985
146	S8d876ada93f46e1189ed0b30a08c82e83393f8d25588879273bc6236552e9ef6	AF-A0A9W7ZP58-F1	6	70	122	105	0.860655737704918	compared	0.7691699520838298	1370	0.145597554617295	0.22618957316361912	1335	0.9744525547445255	0.14185514149729941	1369	0.9992700729927008	0.14554641375429186	1370	1.0	0.1455975648220469
147	S2c2793834f291a37814389964c94b111f0f725077d2af9f24ad8ed233eace3f2	AF-Q8SQT9-F1	6	70	251	251	1.0	compared	0.7689535746658513	5787	0.24633979160161784	0.4271265336697757	5444	0.9407292206670123	0.22119692658272114	5784	0.9994815966822188	0.24605104709810863	5787	1.0	0.2463397860183652
148	S87d67284e5f959c12db18d762f26c429dbcafbc8fd82ffb795448291ae5ca313	AF-A0A4P9WWD7-F1	6	70	195	190	0.9743589743589743	compared	0.7522062691232485	4255	0.2361241735548316	0.3560003683963015	3961	0.9309048178613396	0.21417078487768507	4241	0.9967097532314924	0.23411416255070824	4255	1.0	0.23612416671366326
149	S6667cec0e561724b1489f722f14dfe72540ccd2b614322e3a4b4c4f3760015d5	AF-A0A9N8VE14-F1	6	70	464	394	0.8491379310344828	compared	0.7449158129076537	9294	0.2541704728286747	0.4790925107043286	8950	0.9629868732515602	0.21976670116990435	9278	0.9982784592210028	0.25199696156857404	9294	1.0	0.25417046949157385
150	S8ce19afd9534d0abb28b0c4ba76b4ff7116f16757dba4e2f5e3a7a9a1856bb54	AF-A0A177U4Q6-F1	6	70	237	177	0.7468354430379747	compared	0.7447646662084048	3840	0.28508640608128083	0.4960191843686989	3494	0.9098958333333333	0.24193868812383257	3817	0.9940104166666667	0.28040647465267093	3840	1.0	0.2850863880011838
151	S5f9a7c9507afeb49728939248f92d17d7c53f40f7fe8d791092e5e95c3dc2602	AF-A0AAD4DSY5-F1	6	70	501	276	0.5508982035928144	compared	0.7417204568944198	6283	0.20989868372446957	0.3090520342251652	5570	0.8865191787362725	0.1800938338646592	6277	0.9990450421773038	0.20986162690800145	6283	1.0	0.20989867712535903
152	Sdc21463a825a421ab818307749f78e7da52cb34912064e4c57e47187392fb5ec	AF-A0A0L0FFR3-F1	6	70	354	286	0.807909604519774	compared	0.741617207271245	7467	0.28871711833917596	0.47344520616635866	6938	0.9291549484398018	0.24193147047457647	7425	0.9943752511048614	0.284478001107204	7467	1.0	0.28871710779600196
153	S3cde583d8c436b99a41c1015b70a50b5042d4e8d1bb324e53844ad98928f4dee	AF-A0A4P9XJ12-F1	6	70	118	104	0.8813559322033898	compared	0.7300098787241986	1348	0.14779506024324704	0.2334095738699239	1315	0.9755192878338279	0.14727546999968522	1348	1.0	0.14779505985633207	1348	1.0	0.14779505985633207
154	S8690ca98cac6f39b8c633a52ef425fc8dc3bdb2b604eedf13da4130c2ba092fb	AF-A0A1Y1UXC4-F1	6	70	440	402	0.9136363636363637	compared	0.7219103384820968	10171	0.23949752803249677	0.46747099443939377	9662	0.9499557565627765	0.20219283384440706	10132	0.9961655687739652	0.23514893806740947	10171	1.0	0.23949752125378984
155	Sd8c8a5e0c931aed65df887d21ca9dfb06a1e26e44f0387ee49002792136735f1	AF-A0A138ZZ39-F1	6	70	296	268	0.9054054054054054	compared	0.7089712631365599	6641	0.20752834992934352	0.34152610978327363	5861	0.8825478090648998	0.15459881186327534	6622	0.9971389850926066	0.20635849598324124	6641	1.0	0.2075283440025748
156	Sfef5f55ab234fffdbd098d525b0c514678aeded15edb6ed8b10364a27c1e1d63	AF-A0A2P6MP02-F1	6	70	390	348	0.8923076923076924	compared	0.7009845077306046	7682	0.2606718354642969	0.5151846918215154	7400	0.9632908096849778	0.22203586739777742	7655	0.9964852902889872	0.25405960838936076	7682	1.0	0.26067183052114246
157	Sfdd1fe0b058cbdd31c869552dff148004e3cf24d7d97cdccb91e472edc6c0d01	AF-A0A261XUF8-F1	6	70	263	226	0.8593155893536122	compared	0.6963505575107426	5130	0.20819322617705951	0.3952367462230441	4843	0.9440545808966861	0.1813631353623624	5127	0.9994152046783625	0.20734402498197887	5130	1.0	0.208193225013476
158	S1a21b5f55e003e8339e1ae0687d96fc091443eafe63d6666a5c7d3cf9fcbdeec	AF-A0A1Y2H937-F1	6	70	462	405	0.8766233766233766	compared	0.6937743744819372	9996	0.1743079998095793	0.2659761331377581	9630	0.9633853541416567	0.16424708889194953	9993	0.9996998799519808	0.17417031490437862	9996	1.0	0.17430800333535382
159	S8d61adb8359f5d238df5099cc8f9a604ecac3593bce656db00205072cf096387	AF-A0A6P8AN38-F1	6	70	409	281	0.687041564792176	compared	0.6936071752950502	6382	0.18470269310292048	0.30246177922219636	5952	0.9326230021936697	0.1580746186751128	6371	0.9982764023816986	0.18403644944482575	6382	1.0	0.1847026867042989
160	S3530bf0f87f10901b4648fd32678cf23aaba3f90bc1e46b4aaaa66038942b09c	AF-A0A9N8VCF3-F1	6	70	126	121	0.9603174603174603	compared	0.6881758021174875	1550	0.15950930819448783	0.2553094843836155	1531	0.987741935483871	0.15757506252834613	1549	0.9993548387096775	0.15952021986615605	1550	1.0	0.15950930345577063
161	S03029ed23497eca7ce6a0b108974982d56c8c1348fd9863eefb556a10d1ccff4	AF-A0A370THT1-F1	6	70	116	108	0.9310344827586207	compared	0.6855962619631678	1385	0.1542709466285303	0.2416617219278164	1338	0.9660649819494584	0.15104558622021333	1382	0.9978339350180505	0.15410233599733272	1385	1.0	0.15427095097752336
162	Sb285e71a6a9d6a4ee7578c3dd04330f27caaf9f4afb41b7c587bcbe3c669b344	AF-A0A9N8V202-F1	6	70	166	95	0.572289156626506	compared	0.682866014801027	1501	0.19812937996024227	0.27286488042367696	1404	0.9353764157228515	0.19383147683874644	1500	0.9993337774816788	0.1981003459950826	1501	1.0	0.1981293728853042
163	S22cbfa7133bbd473d942485401dd16052680e06f7263a52d0b29f6e44bab2f2f	AF-A0A058Z0V2-F1	6	70	103	95	0.9223300970873787	compared	0.6741364892798344	1207	0.1781768331151642	0.2680649282705174	1178	0.975973487986744	0.16613269440848527	1207	1.0	0.17817680919349696	1207	1.0	0.17817680919349696
164	Sa2e0716127e03eda3031ebe1f8d4f13d05f108c95705802fc049bddf52a2961f	AF-A0A2H9TG71-F1	6	70	373	329	0.8820375335120644	compared	0.6618495325307489	8540	0.2254477302316922	0.44166963373291107	8270	0.968384074941452	0.2056118496543186	8521	0.9977751756440281	0.2247900628375271	8535	0.9994145199063232	0.2251362737267115
165	S4290a42e572eee1a019e7ff623d68831ee1a1449e69dfe5a1687fa248e91a025	AF-A0A4P9Y0K1-F1	6	70	224	177	0.7901785714285714	compared	0.6519306226997357	3716	0.23002770230276381	0.303392698871555	3474	0.9348762109795479	0.22625860906244233	3714	0.9994617868675996	0.2298602714445584	3716	1.0	0.2300277008070296
166	S8eb1517086548d7ff68e8ff0a22dd0bf2cf5cdbbbec193dd8a3640e3dbb91533	AF-U5GYM8-F1	6	70	274	189	0.6897810218978102	compared	0.6448300297266809	4304	0.22493026806633387	0.4476513769178117	4223	0.9811802973977695	0.2225767581512483	4304	1.0	0.22493026610319383	4304	1.0	0.22493026610319383
167	S80853352393e531aabc2dd4d3bfd081869d14886f82b9d91fc5267ebd975d86d	AF-A0AAN7D3H7-F1	6	70	462	389	0.841991341991342	compared	0.6429253981457855	9202	0.219288700263982	0.32421548940311745	9037	0.9820691154096935	0.2139404162759952	9157	0.9951097587480983	0.21698277059871876	9199	0.9996739839165398	0.21930248916011225
168	S79e61c736adccfd6c39ef492a2e83f0c6f7f89ed846d05e36bcccab1b94bd80e	AF-A0A1Y1WVC7-F1	6	70	112	107	0.9553571428571429	compared	0.6375896590316311	1390	0.14048387910427879	0.2049576373515885	1329	0.956115107913669	0.1330436866722821	1388	0.9985611510791367	0.14035600149332453	1390	1.0	0.14048387923430988
169	S6469288146495875582c543f5dcec3ebbf075c8a0c2b7a3186b4e6e7c61ab37f	AF-A0A397G8J2-F1	6	70	138	112	0.8115942028985508	compared	0.6359334215288959	1594	0.16236145735286475	0.272953895069248	1470	0.9222082810539524	0.1443701819723016	1585	0.9943538268506901	0.1621534728455823	1594	1.0	0.16236146153902734
170	Se1f6b2fad216df8a50c629f640f5df61a5f5c90c934efe4e5a886333ecd38cb9	AF-A0A1Y2H493-F1	6	70	221	174	0.7873303167420814	compared	0.6277663554656302	4250	0.22655996343810492	0.4587331858567884	3789	0.8915294117647059	0.2088567597453747	4229	0.9950588235294118	0.22625136747436633	4250	1.0	0.22655996746910317
171	Sdc1c460870e27e05e064cc7beaff25680d94faa615727f195e71b9fde9b98318	AF-A0A1Y1VY53-F1	6	70	431	351	0.814385150812065	compared	0.6235851559129919	9533	0.17935537339260654	0.30979229565736666	9276	0.9730410154201196	0.162117919832014	9530	0.999685303681947	0.17895934359712423	9533	1.0	0.1793553733668929
172	S42b9b409f66418232fa20628eb2f643182d25469bb1ea60320239e75ef0620f5	AF-A0A9P6FLR4-F1	6	70	363	340	0.9366391184573003	compared	0.6046723850401816	8936	0.21121494699058102	0.33254258480082516	8545	0.9562444046553268	0.19611834615274018	8929	0.9992166517457476	0.21112686313281295	8936	1.0	0.21121494828057957
173	S90707dcb370fae0794dbc1a58389f3afec734ccd701473b7a139a7f6c3be5833	AF-F2TWE7-F1	6	70	115	81	0.7043478260869566	compared	0.6040223498255876	1226	0.21161541959967922	0.30245824837704166	1098	0.8955954323001631	0.19331182761844673	1204	0.9820554649265906	0.20942476282680225	1226	1.0	0.21161542901014305
174	S3b8e5783a612762bfa4c41aed35e8da7ff119c75d38f2d9e063493e8e98ba197	AF-A0A6G1H8K8-F1	6	70	117	108	0.9230769230769231	compared	0.5957726050056965	1379	0.15569565509336733	0.24882493350268403	1326	0.9615663524292966	0.15016489562531551	1377	0.9985496736765772	0.15538644628483142	1379	1.0	0.15569565294547882
175	S9cf7d562d9b91e3cee0dbac099fd1896bbc9997026ec14dc21889623a50e98d3	AF-A0A4Y9ZIF3-F1	6	70	244	129	0.5286885245901639	compared	0.5950868382487993	1733	0.17293881400304043	0.2549074888335377	1629	0.9399884593190998	0.16776120066979403	1730	0.9982688978649741	0.17285696501436845	1733	1.0	0.1729388308708066
176	S44d534b290b5184df020fc97c14c27e9ea262828b33b288c54df716a67f7ab7b	AF-A0A1Y1VRY2-F1	6	70	376	351	0.9335106382978723	compared	0.5923568491359182	9216	0.17574857802684452	0.26711972015646496	9007	0.9773220486111112	0.16703355957692814	9213	0.9996744791666666	0.17555392103450285	9216	1.0	0.17574858359200468
177	S3f7d594c2612972b9e625c782dcb90e6532ecd2ee6774247eda40640b0861ad1	AF-A0A0L0FER0-F1	6	70	414	323	0.7801932367149759	compared	0.5892669512810752	7336	0.21539186613918526	0.34850632470757015	6451	0.8793620501635769	0.18308648371292158	7302	0.9953653217011995	0.2103589496941222	7336	1.0	0.2153918573600044
178	S67fd0c7377ec53b7033490ac35fb7a76542ec16d5f0ee733172bb4f897f5fc74	AF-J8ZP92-F1	6	70	176	149	0.8465909090909091	compared	0.5865236594078452	3224	0.20641594500699204	0.2857288886482915	3064	0.9503722084367245	0.1983940308191852	3220	0.9987593052109182	0.20615082177725227	3224	1.0	0.20641594904851276
179	S64547334be890931e37a76ed88146a1f89f01fcb042bc77c6234f52f5ce11ac5	AF-B3RIW4-F1	6	70	143	105	0.7342657342657343	compared	0.5797127188283179	1382	0.15782884386984078	0.22149148239236552	1334	0.9652677279305355	0.15454297670120232	1381	0.9992764109985528	0.1578288922744662	1382	1.0	0.15782885206029165
180	Sdcff54fa4f7f2a1bc93ab5defafcbf588aab777b13710f1ea37c20580df62249	AF-A0A139A1A5-F1	6	70	185	106	0.572972972972973	compared	0.5758591225916413	1391	0.14309101290563056	0.21255612089869144	1315	0.9453630481667865	0.13224755719819498	1388	0.9978432782171099	0.1422864532670305	1391	1.0	0.1430910136643448
181	Se306e33e36f4f8ef85739c6cdd96018630b928103f2aee1bf9d351b3c78dc19d	AF-A0A9P7AEP2-F1	6	70	323	228	0.7058823529411765	compared	0.5543649280214997	5663	0.20341714086273946	0.31938120112611446	5545	0.9791629878156454	0.19314435075337416	5663	1.0	0.2034171400889847	5663	1.0	0.2034171400889847
182	S0696d0bade42258be926d6bbee78fa73fb295da08f36a5810cfc414611700abd	AF-A7RM20-F1	6	70	321	297	0.9252336448598131	compared	0.5415579374016645	8311	0.20641971676950008	0.309071671695367	7771	0.9350258693298039	0.183913087110248	8260	0.9938635543255926	0.20321062776724083	8311	1.0	0.2064197126275774
183	S7e2f871e1fb5a51dda85055d4586b51df7878203db6388a74651866cc83dd389	AF-A0AAF0EWF0-F1	6	70	295	230	0.7796610169491526	compared	0.5403826511330542	5222	0.19701074445092398	0.2974513029636025	4971	0.9519341248563769	0.17905980740113975	5210	0.9977020298736117	0.19480759729495614	5222	1.0	0.1970107332023843
184	S36a61458d7e5154316b0bc6f13776ab1b2485d458a12cfaf0a8fd0121e215579	AF-A0A4P9Y063-F1	6	70	179	163	0.9106145251396648	compared	0.5362935199748595	3409	0.2133356675323659	0.34108249603869467	3142	0.921677911410971	0.18469331862181465	3372	0.9891463772367263	0.2091422567042717	3409	1.0	0.21333567366834347
185	S458a7a7b0a895f283042ef8ea2dff5a93726f1cba78ec243956fa0d8a4846b35	AF-A0A1X0Q8J9-F1	6	70	190	157	0.8263157894736842	compared	0.5353439271333169	3317	0.19110101703770327	0.3306083612957017	3038	0.9158878504672897	0.1705829764113643	3302	0.9954778414229726	0.18910020008480652	3317	1.0	0.19110101594353182
186	S2fb56cc9478c9be74334a8fa12371082077db9f88b764561a6b913592abbac46	AF-A0A5C3ML92-F1	6	70	245	224	0.9142857142857143	compared	0.5168973775696001	6009	0.2144125760571717	0.39143913139535863	5682	0.945581627558662	0.1848721406343783	6004	0.999167914794475	0.2132495115282169	6009	1.0	0.2144125745980146
187	S106e4874040e8f9a266af43eabf1ecb45e9992ff0b9f19be94aedff4f4ec8920	AF-A0A4P9XGJ0-F1	6	70	464	365	0.7866379310344828	compared	0.5101021595913928	9091	0.1870219962310441	0.2909730607835022	8150	0.8964910350896491	0.16214907411065324	9039	0.994280057199428	0.1839881855309063	9091	1.0	0.1870220008799629
188	S345a406b256c7fc2918537895cc85ed5ef8ccc76ffc3f0b0d83fbb462774d334	AF-A0A9W8I4P1-F1	6	70	142	113	0.795774647887324	compared	0.49971679538920816	2088	0.1985753799607011	0.29904701727043886	2004	0.9597701149425287	0.1861888827948539	2083	0.9976053639846744	0.19826329556829286	2088	1.0	0.19857538655108137
189	S2adb49afc0eb001f36320e5fbeda63c85f7c4e306985bc9ddb107f458007198e	AF-A0A1Y2HAL1-F1	6	70	175	148	0.8457142857142858	compared	0.49779396017357286	2762	0.13743149749590905	0.19044384252707136	2702	0.9782766111513396	0.13587627525768656	2762	1.0	0.1374314940491177	2762	1.0	0.1374314940491177
190	Scde2991f1ac0563777ed8c823f40186b0ee80858525a752680ba829a5eff2b09	AF-L2GS68-F1	6	70	428	317	0.7406542056074766	compared	0.490617115260671	7547	0.16933325232927962	0.26925539544943405	7366	0.9760169603816086	0.1578890501265226	7529	0.9976149463362926	0.16684219919234072	7547	1.0	0.16933325462646287
191	S48d79bbf49f43563629f51c87250ab04d1504cc2843a024cd374e05149e03172	AF-A0A2A9NAK9-F1	6	70	125	83	0.664	compared	0.48362231215292917	1621	0.26653752353674953	0.36443524041967357	1325	0.8173966687230105	0.23548705793691158	1621	1.0	0.26653750797980863	1621	1.0	0.26653750797980863
192	Seece51c8a25836609b95dd54dd51ea550e18487f71b28d29e6116d13aa47affa	AF-A0A9W4SBT2-F1	6	70	251	167	0.6653386454183267	compared	0.47860766161322116	2952	0.1558018454598842	0.2086545938735313	2800	0.948509485094851	0.15057927790093134	2931	0.9928861788617886	0.1546261411079054	2951	0.9996612466124661	0.15584682247219744
193	Sab1655fa96192be05fc9aa0377a2435f906f694c5a366f1d8314959d800bc7b1	AF-A0A1B2AK96-F1	6	70	131	87	0.6641221374045801	compared	0.4620131423632044	1475	0.20625754738413354	0.28543216415131495	1177	0.7979661016949152	0.17369541225501905	1457	0.9877966101694915	0.20402392245582746	1475	1.0	0.20625755422273706
194	S295174b6119b9b8280053ed89f4fa62e6926cfafc180f82a7758cb1d6704535a	AF-A0A2H9TG93-F1	6	70	377	265	0.7029177718832891	compared	0.4590576621081686	6424	0.14585277996871907	0.22245869330271548	6352	0.9887920298879203	0.1441079308832979	6423	0.9998443337484434	0.1458323755743562	6424	1.0	0.1458527846954668
195	S7fb79002d482c03b5ae23549eaa5f7becd8279251b294d28bf1831e6cc9fed8c	AF-A0A3G2RZG9-F1	6	70	185	95	0.5135135135135135	compared	0.4532595013489893	1819	0.17051113450493574	0.2407728391010924	1770	0.9730621220450797	0.1690099017663358	1818	0.999450247388675	0.1705922699500925	1819	1.0	0.17051114933708586
196	Sd88f0481fbc1de423f4cb9db4f4874ed941bff9f3432a3f90b66eee2a5a7d31a	AF-A0A9P8IDX6-F1	6	70	200	183	0.915	compared	0.44257203789966054	4354	0.20020819855652078	0.2879717889819183	3831	0.8798805695911806	0.18287485339662807	4334	0.9954065227377125	0.19974915484439384	4354	1.0	0.20020819289700073
197	S0f02e34de1b230ee9b3dad1effe07e6ba89e32774baea3ad370391f56480d07d	AF-A0A4P9XIF6-F1	6	70	324	299	0.9228395061728395	compared	0.4334574884377424	8347	0.17957892887085777	0.2689422749401258	7967	0.9544746615550497	0.16531698454066834	8319	0.9966455013777406	0.17839115091859425	8347	1.0	0.17957893687968127
198	S8778490f946470e0eb0ef78c7513fb33991071ce33e34c296d05bfcb59cd5797	AF-A0A8J4PJZ6-F1	6	70	244	222	0.9098360655737705	compared	0.41141518933118953	5939	0.19892782417928453	0.2786168667775705	5493	0.9249031823539317	0.18433507698991616	5916	0.9961272941572655	0.1950639172188845	5939	1.0	0.19892783244439272
199	S5e86851ce2749b98f13d7c7ed6527e8ecaf9c9085aeb2d3a5ac8d17fa6e5b498	AF-A0A1Y1VU49-F1	6	70	236	223	0.9449152542372882	compared	0.40737793628569535	5560	0.1464822850422739	0.26872346615992226	5440	0.9784172661870504	0.13621357403593615	5547	0.9976618705035971	0.14557719705698421	5560	1.0	0.14648229037880076
200	Sa6581f851a031a561a98cee12035e1a6736745f7b1073f29e1f88448bed3c7dc	AF-A0A8H7PD74-F1	6	70	179	165	0.9217877094972067	compared	0.4033847829815155	3412	0.15661502976296882	0.22648463479247014	3208	0.94021101992966	0.1441244738305368	3402	0.9970691676436108	0.15646446417914686	3411	0.9997069167643611	0.15660802292574227
201	S1d3d8045326620c07d21753bbba6e6f97704d8de21ff9b2899ba8c9be0b8eaa3	AF-A0A1Y1VTD7-F1	6	70	182	180	0.989010989010989	compared	0.39259269784686684	4042	0.17774876890176622	0.26729270219373413	3858	0.954477981197427	0.1740271415113221	4034	0.9980207817911925	0.17761864896717425	4042	1.0	0.17774877435865769
202	Sdeb4f670248d4bc991508abc976511cfc7e2c0a3b682c1a80e0aaabc0305385e	AF-A0A1E4SAT1-F1	6	70	94	93	0.9893617021276596	compared	0.3849314154309248	1824	0.2164955752821209	0.2988007633856422	1691	0.9270833333333334	0.1980538197229208	1812	0.993421052631579	0.21487800743281815	1824	1.0	0.2164955853870675
203	S7d8c026eb630031ef059a433d9a75fc3352b9e2df18de14af38366d3d96f7f0a	AF-K5UNE2-F1	6	70	117	92	0.7863247863247863	compared	0.38200340554946255	1823	0.1909017798662464	0.2532170023548481	1666	0.913878222709819	0.1818300213077142	1823	1.0	0.19090179007818828	1823	1.0	0.19090179007818828
204	S8cfc0912aad5eef790a3022bbdcda97c2daab37751728c94cceefa5892f2c676	AF-A0A9W8AI39-F1	6	70	174	164	0.9425287356321839	compared	0.3792592466929158	3554	0.16900175267706183	0.23607250965262172	3432	0.9656724817107485	0.1618788414544774	3542	0.9966235227912211	0.16794227959338714	3554	1.0	0.16900174161910134
205	Scc1bc4f2b17b02df7e18a58850522eac992102161b9faaf108a32d7d6a1577e2	AF-A0A4Q9LCX9-F1	6	70	124	104	0.8387096774193549	compared	0.36619010875317437	2020	0.18762315962488585	0.2573251680968692	1668	0.8257425742574257	0.17449229307807634	2004	0.9920792079207921	0.18751657441666197	2020	1.0	0.187623163770709
206	Sd918016dc82496ca7059ee964607727d35119b32acc15f3c6d890f1aa8d06b17	AF-F2TW01-F1	6	70	176	163	0.9261363636363636	compared	0.3604611505234178	3287	0.1427212976990137	0.20168194465915618	2978	0.9059933069668391	0.12498923203575954	3261	0.9920900517188926	0.1416518959622488	3287	1.0	0.142721301591188
207	S97db2122da054a10d41f50b024e3e06b953329683b51315bdad141fb02399a1a	AF-A0A1Y1VYB3-F1	6	70	187	182	0.9732620320855615	compared	0.3282076567328923	4410	0.1558777507259605	0.21933859867223654	4260	0.9659863945578231	0.14698411046663948	4401	0.9979591836734694	0.15501207855086804	4410	1.0	0.15587775910664864
208	S4f806d36cabe4d51ddb317e26ec46791d8bd3ee484a888fd27fcb6d204ac55df	AF-Q1ZXI6-F1	6	70	255	237	0.9294117647058824	compared	0.2553385229484644	5749	0.10323440631035062	0.14715325715042993	5502	0.9570360062619586	0.09698928949849982	5716	0.994259871281962	0.10138585086298935	5748	0.999826056705514	0.10318033545057126
209	S32a1de8416512cd5bcbabc918800def9bbdb982891271707126a5c34c2a7ae85	AF-A0A1Y1X8J4-F1	6	70	150	96	0.64	compared	0.2442646768452169	1789	0.13079035967103647	0.16985044352815484	1513	0.8457238680827278	0.1236958379035333	1782	0.9960871995528228	0.13095705906734562	1789	1.0	0.1307903810841705
