node	descendant_taxa	hogs	source_families	gene_assignments	bytes	sha256
N0	526	183956	158070	5274605	171741815	83e4a5aac59c374ddfef4839794afa90c105308414ea06bcf76d4f57ab386532
N1	501	169737	142078	4962187	159492122	f161811a1e51c7464a428345a8d655ff6e9be9d8b50b618af49038138195f4e9
N2	25	39073	22092	310791	25945781	ca69c96ed691ed36d19aaf3646a1f0fd5f882f635d5a5efd9aaf2f8575477c0a
N3	483	171732	136783	4891986	159227856	19fce891bd79ab25e560cd792ce02b0ae8d44b9cb50fad9fcef02e526a645273
N4	18	16728	9392	68148	10429167	de9e878c870556fdfb48573bca0bcba031421df03e124872f29521436ad5e1c7
N5	24	40043	22006	306248	26412277	23289d3a3b031352f85e6dea8dcd1e635ae4b067280a0945a833b406827e4110
N6	462	159471	126609	4649287	149414220	4d2701482217b6f05db84242244debd7dc08685852cf2cdda1d11ec89daad6c1
N7	21	32360	16327	241967	20943973	9f9692431218cfea55db69012105994ed94dab78da03f0ddfcc17ce83331fedc
N8	16	12538	7319	48931	7861706	38137a8ca16066c1de9ffeead92aba9149f13577e91b73b407714b5a9797ca41
N9	2	7665	4786	19200	4497371	07f9eacc40c1224a5c14af9feddda185fd671b5dd100dfeeead5d5a4b2e6d16f
N10	18	33785	17744	239416	22100714	d1c3adcf75517aa2e7f3bca96bb50a98ad6f70fc4beff17ba90fe4f810e5552d
N11	6	17528	8889	66225	10601162	c6dc2d0e81fb6a2d153eb22df15f745132e1bc6f00c665f5c7dcea3aac5d5f6f
N12	453	157317	122776	4562389	147292925	33f06d41865904bcca969ad58fe2358f61bc045c2da9b6dccf8b9ed57df60ea8
N13	9	14310	8076	86250	8983729	0bf9cd7b82c0ad6b325480232f5717eafbac6c238e29e66be398b0714d3bd4e5
N14	12	21861	10265	104557	13498140	fe680f9cc153e1908959ff2679423f814b7af1dfb8273cee0165ea5ec9c1bcaa
N15	9	19335	10772	137224	12387262	035ca80ccd79a9e5faa970723059a23078b9593d838948fa67837e70ea807d94
N16	15	10482	6660	44005	6681592	fb620133ec5a9825cdf2fd8234dce2b9be1ce6ea5a5fd4a812292073baafb8e6
N17	11	24126	12829	175798	15837502	fcddfd523977f564a548cd668f9aef83423746e91d03a528cd205af61183fc90
N18	7	19711	9512	63201	11842586	c81e4b3fc91c08271162b9e8bedd0bf72c5e12371e3e9723e19108e67dbb4cfa
N19	5	15450	8362	58306	9331071	2b5c5132504e0b998d3b2a8b226b9ed673f4ff8ef21a60ea8899448dafcc676b
N20	431	151939	114745	4380916	141983085	03c81f5188dd73d1ecaa0ded0e6438c2ef153da6a092c3cd858aafaf49f8f8e2
N21	22	23894	12590	180273	15492926	8c3b275550a835141eed52f9669cb003fbdd8aa55be7c535543c38ec14470a63
N22	8	12486	7344	76867	7852555	861103e525a9d3a76e5a09f784043da7b1a3ce83a53e5ee5cef13d03e14f1076
N23	11	21568	10168	98407	13247402	0961789b9471279beec72c53a6f830491cdcbc369ed4f402c5e6797d525625c4
N24	3	12424	6252	32257	7285990	e71b80b1fbcd3dc61ed8b9398d63ec63ce60e9587cc481920a1787c62977a302
N25	6	14703	7470	104269	9395387	8a8215b0727418b609149cfd2cb943c20237281ee288d289653008e6390c8d36
N26	14	9287	6336	41143	5988181	4769e96b5c78361042f722027585586983f14b73f923668ebf9057dad2195287
N27	9	22109	11841	158321	14459850	533d83641c70c523a7cbc0ee45321a601970793a5c32706827251f1d5e4a659b
N28	2	8836	4557	16997	5154846	1a492e68cf92093faefa0ed7e7e18d12178cadcb7dd39124b840453f5115523d
N29	2	8505	4258	13527	4918265	835027e5f018c189e6c10bd983baad06e46d9e6625cd3136cc4badf2c17097e8
N30	5	17001	8863	49581	10145271	89c2112d678b98869ac8d2eec05bbb262b5b1318864090997d93fa83bf5f9496
N31	3	9391	5686	32911	5642618	11fa0a255a01964e1d3f87732517eb9b894aa4b9386e8ee860ca009aa6977d94
N32	2	11337	5845	25096	6615970	1175415916eceb7ed43c2c46664dff2e22ac1733a27b2d15a373ecf4416b8713
N33	392	130807	100274	3884795	123799239	73f57edbc062082f19b2eba927ace4af4ffd83164adf84e1c1ca1d6d10020b66
N34	39	36719	19915	495776	26843581	70ddc5b42cb565ac5f9ad457e4383b72d02236415a79ffa6a9b804877820233d
N35	16	20037	10695	143354	12927399	0994c8d342af99ae5c5b580ee385827df0e4002db0e271d81ec7ce0d5ba066bb
N36	6	9156	5263	36898	5512555	ae58993b2a2b68272e65cb26d17a9a4a46826277ca90392ebbcca1333e9967d5
N37	7	11533	6956	69005	7225030	8e3c82648f609d7bd8ff4ff136e4df6ad71acd5e48638d086684d6158f3d1ae3
N38	9	20126	9651	85552	12297548	fc2ec3e07e376e5b5a20462dc6ccc8eb28d05155fe36aeb750431bb0b6ed76ee
N39	2	7939	4307	12435	4556350	399c1141132aac9fbcc7dbf3ce7a4e7ee486211cc7230b0257b634424adbe274
N40	2	10104	5192	19837	5837637	a0a73ab07358d4a1ceef1dce836bc14216a70a41dcdb0a0b7e6bd7e685f117ac
N41	4	13651	6812	80601	8560707	74e5d8e74410dd4a70506ef149d98eb9318ee0a2e64cc2f7ca4b9db703e1fde8
N42	2	11671	5388	22926	6724169	941dfaf0ff57a91e579ca69234929912254949c414cebcd55a398d3b5a7c1d96
N43	12	4472	3578	28223	2838032	22e3f41017daa15c9486e025cbc48fa7353206b12e08af15b3d86366b2b478c6
N44	2	5965	3860	12853	3789381	9d827db659642214e4e966318f4e8abefa97bd600089755ab22e079cf92b4802
N45	8	21632	11289	141979	13978811	37af0eee8a0162a35fa3774b2f1961a29bd47c666e294f46cba2f7397f74b193
N46	4	14071	7797	39462	8370485	2870ddfc180d3b57a931eadac7d5697a0ef75eb4f8da4e52c340b039b400ef86
N47	2	8550	4652	21576	5032308	60ba02098281c094f083ccfcd055231fc819ee0ffbd70548521d5e33eaeb89f0
N48	391	139912	99930	3877024	128541486	3a9a748d72e2900ba3658a4c5916970a9e701c1ff199c31ec3bb578d4a997eab
N49	37	34800	18844	463407	25385072	274ec9f2f131f6345f15a07e770c5ed7b1872f5fb42a433c9340f718565eb4a0
N50	2	12633	4948	31866	7391724	caa1e5ff002eb914343700d70bf7fd6561674ee8b6bb9505d9764e8ef8a2788f
N51	12	14445	7779	84958	9069787	b61a87ab8928ab509229a7ca67d90a26ad33e84a186eef84730383f363b74ea8
N52	4	10278	6099	58373	6463616	a020f5631467cc8850ac0c284d6c9dfe0585a0e01d8e3bd97c671eb2542a82e1
N53	2	5367	3454	9074	3086610	ca60c4c3658b7a40082819e00c1d4dd2b3c008ee658920d67594954643c0b797
N54	4	7842	4587	27655	4676929	3c5f388ec9c830c51ba418a05edd7372617d8359137461a8d473dae5c15bd593
N55	6	10753	6692	63309	6719829	dc10f6f0af0ad75e017b7528d34666fa24e49ca950b2a733c4cb93a1f8d9cfc4
N56	5	14346	7358	46574	8580163	10fc90cce9a988e6885f6952111d8cebcb2d067269b2dca3816b65ee25455578
N57	4	13705	6946	38493	8116741	c100659f2fe0de094c76f0631bb1edb2427f4c9fd5284ac7784aea0384bead7c
N58	3	22555	6576	67505	13317316	3529cab3e9b9f118f0edc358a9941a840aeea72d9e0563e83055867d0399f5bb
N59	11	4223	3341	25463	2665060	4545066d90136f315d5af99f3717737a6800671b3918dddf29bd10f3398d6c35
N60	7	21731	10593	122943	13741141	87f45e377919796e5a45404d1f8018f6cd399b629c1e36d2ad924e6e38923f87
N61	2	9460	5113	20090	5514262	fabb16ff35829dff8c092fea19dc6eb1559554e13b3a7e9461056f1f6db64927
N62	2	7915	4673	18700	4682285	99f0c1fa10a84d68cac6ff796818d962d46af71e202020d70a823a76460b4b65
N63	157	86405	56081	1760465	70669893	2bca2ccb4a9d0f3140bbaf5c3f9ed322c384c528f9f533d098513e57af417745
N64	234	76827	49773	2115644	70781676	3d3be70c80ba75aae21600db8dbd954f519b1708ae01ebacaa168045e75bbdea
N65	12	13953	7618	131635	9446612	7e8447b8e2e743e4bae0d498f09c28a1c3617d9bd43c8c9b47d3db5930523d73
N66	25	29625	15396	331461	20801635	15c265ed46baf2fba72198e331fe905096a44a568cc13699ed01b7d5f82f9d0c
N67	9	11808	6464	60512	7296897	abf2d4d8e0e249fc8fdee599e5c6cdafb90ebe6813c60896b317eaeca61de765
N68	3	7116	4377	24425	4263907	ddd3d2a28121b0bc4cdade2c44da523e5410bf58a2da6ce8edeca437c87f544d
N69	3	9155	5643	48954	5736236	7e226a386f02c3a4336661a112b5634f6ec57deaa48c52ed19619acf80c11d24
N70	3	7747	4288	21004	4553427	5be0bfb59dce49d4b4f6cc8a67b0abfd28b3d9558480fe2b326cc8fe6deda28b
N71	3	8900	5537	26988	5262448	a1655c9fa4d4e70b75f366dcfe188aac92e8ae7a0425d7056a8bfc4ab1f8362a
N72	3	10341	5284	35762	6158508	d73929dcfcf0d3858a5195405131de537dee5c55328008972b23d1b92f2d2f7e
N73	4	12570	6823	36501	7465911	b71b77f2f81364e4d1daf0ae0314cda2f8b840a2a7bd9471d4f67ff9eb9603ef
N74	3	11887	6221	29393	6975435	dd9635b4d7d2f0f592bab6be561f9b20cddcabac184bc51013b27dfcba1c83a3
N75	2	21476	5640	40547	12387521	457efe6cc3e6ae4d55a30f7e28cd246872dabb7b28d101be74faaf3f49f5d45c
N76	5	3220	2547	12876	1947742	f5ac5ac4cc12c565654e7d6467534e664b1d1cd135dd281c1621b1b4a2de2740
N77	6	2886	2332	12377	1763880	93bab5061741744e2721a4e04be78b9f7c8abfc2f27f56b52c1843db07333ffe
N78	2	12192	5910	27350	7176095	56a08cc87289fb58d01988dcb89b667ce261a4bbe1bbf93005f922db13bbf6ea
N79	5	20076	9711	94827	12407062	c034e3f7fbac4aa049642f7555e38b78580d4b629d5f631cb8e1fa88b4f5deb9
N80	128	71134	45236	1375097	57156737	9bf054de3491cd5d8f8657803b675bc24c48646e2db22e3b04639857ea220569
N81	29	29503	15929	384995	21417389	95f9114ff03e5e39c5c0f0e20e71b0982c7107be6bb9b1cf3205ccee76d30ab3
N82	223	73911	48094	2062956	68473091	42abb8062cda1e72efc15f68ac5e292d3a28d78fafd22e1a0818424d88882b5a
N83	11	10978	5626	52418	6768657	8751175ee9bb043360255b5fc1cc468714158f9f5d87ec9739fe8ef6385bc091
N84	11	15166	7432	121740	9981584	0ea2da12a79bd8284d92589f02cec2257ef14ba6f54f3d4807b62cbfd4222c85
N85	12	24870	11544	205694	16443006	8185aeaa434b0e2ba092c54573bec4d470b04f0e23adf4ef45feb38b71cc3713
N86	13	17500	8110	124278	11393884	de9a45170c368d26fb12d719b436b0982f80be2d1917da5df9c851d6e5df2205
N87	8	10256	5932	52930	6337933	4661dccbeb065192da594f187604ba296db447c37a946b5a284d42cbb8f868e6
N88	2	6492	4043	18045	3839017	9d31e9d8cff1b42e13c31703c303a78e593cd420e54f30e6c50f45073f558269
N89	2	8446	5137	40955	5241641	a0f956309e7d079c6dc3bf97b3fd75c96bc4a2bbb1c1e17466ede299d008b40d
N90	2	6772	3773	12457	3907367	fd225ec62a23523240cda63172b75051f97c8986ce9e3654a8e7a140b27324ff
N91	2	8010	4935	17457	4649522	eb37e4a185069f01c7075cfbd1b9500d447468a765994efda417608489bc7122
N92	2	9576	4844	17849	5538305	283278ba013f1206175ccc60c40bfbb9dfbe1d47dfa0117444c2ff7ed639ac90
N93	2	8988	5253	16360	5226995	5abdcddf5b6ff6ae922aedaf935818f5eaecfb79e78cf828ecf4e62930f3a831
N94	2	10204	5680	19634	5913622	230c655c6431f2ef77983c1d867de5e8e62e126cac10de7ee0dd72c700f52f85
N95	2	9835	5371	20877	5730788	e355498c09870492e4b896c83548bded2d3294b759840e882eaa23f8822eda8f
N96	3	2489	1994	7347	1477505	8282bbc275516d9dfa7b3d719db7e40289c04e5109b7477afa7e8a7a56358b67
N97	2	2344	1923	5431	1368366	61edbef100b3ca267276f12347b1b15d808842a6519694e62e50816bae5849c2
N98	3	2108	1734	5957	1244766	484e126d975a49acc3b603cbbf494de91fd5774ae444c4baf2b71b7423f5ef20
N99	3	2192	1835	6342	1307016	1badb5759142f9f27390964ffe1bf3b1d204c7489bb54fa2cd208b84c7df9313
N100	3	17725	8220	68320	10773585	2446e558e97ca054bc157025155aa0c5f09cb680b26d28863f3ba9698771c53f
N101	2	10142	5619	26145	5984689	771330c67a9940a25122d30d9de926013032a6e4d1a58c34db35d3195885fd80
N102	99	63894	39961	1187463	50776437	95cb05aa5a6dc17d40cfb304b59e91b0fb9ebd0168464c3761d94f2a1be31d3e
N103	29	15818	9427	187513	11223298	e8d000ded10cea863d142bb2823b91b2911eaa3a537166e3c0680262d11091ca
N104	20	23213	12898	318760	17103925	8e034a053e99acd0379374dd01ce55f9f9f5bbfa33afd0d8159425c11d1733fa
N105	9	14797	7286	66102	9080188	e69f2b8717b3c7e276e92cca6f29520b3e68143af6c0e25db2ab7a6ff2ce4254
N106	34	15140	8059	192704	10929318	f6b5a0fa23ba7df126ec9a1569a2c568ec0950f7403976bd19ff395c795c884d
N107	189	68315	43936	1869663	62880611	ae258d9d454963aaee3656645f8a0f8238f6578bb9a4b628be1f6fef7a9b31c2
N108	3	7454	4306	17239	4352078	81650ace2f0b75e5692dbce909a2326109ab8c4ef7fd8aa8edd0b5bae08a8adf
N109	8	8283	4646	35051	5078553	00c098dcda191cd6bbac87c5dffde6419b3ceb189144b65e7f1658154d91a62f
N110	10	16310	7141	110951	10491109	806ae063d15a6b05efb1e436560a4dff6d36364a5c926318aedc7f4f580e5663
N111	7	22067	9399	137454	14034078	9bb908a9bfaf4714abf00d3296c48540b075d483cd5a86a8d60f7f50d7034eb0
N112	5	15611	7170	67203	9545736	98f4381c6fc2b1d6f0d5db3175eac8a5b6e7ca550d1f3c91126937daa401e719
N113	12	16554	7839	114366	10737533	c71e548fcb8e3b647b7d181118a5b4727ddd37a9080a089f611fccb664d6d0cf
N114	4	7072	4345	26621	4221914	40b90939b46cd357dd9c05ccfe6815091e25fe8c1f76ad519d2af4099ac6356c
N115	4	7648	4467	26118	4609147	52dc0ecb5cc13ed650739027c525874b0144faf6a508183c16d00026e643ab23
N116	2	2072	1721	4239	1208084	2f731afadff1877babf99bb30001932392594c646a50a3215d2450f0b6e6d2e8
N117	2	1789	1477	3831	1042957	bedf8dd7cd2bd9583b9773cb69216fe9cbb312870b08a5cd5715efd7a7c191eb
N118	2	1838	1569	3554	1071562	2909efbaa28521a876b248c5542cd5665145fff05c760b6cf273b2a52e2dbf9f
N119	2	15727	7322	46339	9333742	50e47dd9c59526e0f1dd7fe62780e12b34255c8ed0b9f82941df329ee4a5874c
N120	94	62321	39107	1159243	49543083	a20437cac6fa24e025ae8566759582f80ca7cdaca8ec3513add592fbd581f4b3
N121	5	8675	4742	28053	5185358	1b1c82e64de09eb9ce0ea7d7901e07c746a25fbb08f05311573084a888def64b
N122	17	13675	8119	122410	9175346	cf30c046b3ac05fcbbee1be903912ea9d8ae3900b99986d93151f51ed81b91e4
N123	12	9047	5242	65064	5893413	3f08b6cb17a9bb1f71d550280ddee9196a023636f40e1246a721dda30fe1ae61
N124	14	14141	7852	119744	9304423	4c68a3b3828a2cd32f14ce427710e263864401a768ca2845f71926c34364197d
N125	6	15544	9046	198915	11403243	23df4b68e05e6f42c45761fa4ce3df83def07e97afaa4b915753349f2961224b
N126	8	13332	6478	55105	8124721	12a587a658e624d01cae3378df0a05b47ad62b4c126cbadc07e5a97694a70408
N127	31	13128	7308	175057	9559763	312d6f998b25e2870cef43fb016a19492c37bb91cee7816af5b1528dbef10de5
N128	3	6770	3943	17617	4020940	598fb4155f368a65b273fe26f14a41067811991374c1094eb4ebb67fda79d736
N129	186	67095	42306	1840669	61792073	916473b70f6a78ba45ff23762210f5a8eac230660a68d8177e26f35755f8d11f
N130	3	10694	6172	28603	6340000	a109b50abd0bce738ef5c98cb8aea0d1246c171d60dcbee818b57e5696db8ce2
N131	2	6677	4045	12723	3873137	739664098fca2f0a4c121d76b0c4dc4f4d4214f2051905214b22d6ff6a23551d
N132	5	7598	4336	24344	4547071	23e3b444a2da8ffcd4edc9a0ef9bcdf8fa2135dcb603fd84efe5552d15ee4092
N133	3	3651	2669	10667	2185317	bdfc9532f9bfcacac9e5544ce859a67e86af8081da4d3478b1e12d6058ef1bc8
N134	9	16717	6946	99268	10569724	df7619c23b8dde4d5b1fdf8accbf34039b2d5f25593f77508d21099024834af1
N135	6	22490	9031	124276	14097504	e2e0f5ff9502f70249ec34a79c9587e41da85a11a18b3f15f0e55bc89dc50176
N136	3	13000	6145	46725	7837894	12ff8f833dbd670323073671a315c398e61466e391d040acd3b7ea86d0eb03f2
N137	2	10289	5144	20196	5975992	f4d75d2ce8d2d32fd6845341a0adb3ab707a0491241d4c0ecbd2ec387ca0ba92
N138	3	10856	5232	22352	6277226	2051990a12c35ff90e8951d2081426bf97c5037f72b266a94bd4ab491943a249
N139	9	13081	6589	91923	8563819	46a49482bef158dc17370b80845f87f13dfa9d7f9f51e2e87a4d3d69bb1d5f36
N140	3	6139	3847	20055	3631902	a165dc8b85576738aff6e7ad2e9a0d07543e7da2815a95b721705ea15374a1d3
N141	2	6425	3685	11890	3737252	e8ffa139f1c63550ffd4c1507728bd67256d5a78597a557a0b130a60cff4be5f
N142	2	6388	3747	13283	3737994	bba085e7fb4ffa7c4f8ef3d01e0afbe3f9c778c2e27ed7dee7d2db5aa283b915
N143	71	55023	34693	1001254	43353394	cd37003a0804a5de97d20450eef8982aa25a764cda352641ef72b03f83b40745
N144	23	16580	8722	157780	11345281	7089b0ccf495df434861cdfdf96e3e2a9dfa411284c6a6b6b88d28510ad84fdd
N145	4	5521	3578	18905	3315711	ea04cf462df18dabe662e92ae22513584cbeb70d0d7903266fb64f74745f3ce7
N146	6	9077	5736	51770	5711621	e4e630391bddc983b816c3fa2171c2d3dac6e468f7892ced2282d506950f23fd
N147	11	10814	6350	70495	6924825	45a0f24d46143a9d297d5349d0c3f71f0ec26df43ef2b7ed010bb4ddb6943db6
N148	7	8363	4958	45177	5233538	99a8536c2c6fe4d53bd8cd57b3c9acbaa6550f9c2373df9d786cb04fbc0f499b
N149	5	4986	3292	19820	3056719	d6e8e4a64b8a6f300ec23db0398960cca63aeff74a7161848fcbc6f112d4ff76
N150	13	14060	7641	113044	9174269	e328c9a34c65fc619f6c9694dab1ec82468f39f9dd21ce68587c649d80398abe
N151	5	12694	7337	183818	9619534	fc352ceb1879926d5d3c3251db63e18f75901156b7975246fc2e7331b1d2657b
N152	4	9603	4697	26018	5680157	043ace1639b352df678f74146c07bce9139e40acfe8ffd21a10b4b115ef402da
N153	4	9801	5474	29008	5827369	c9abe9c8ba7699d44f3238e61d7dba071fc4e8e7788ad021485d51cab9e2ce6a
N154	30	12779	7231	171000	9323595	899dccbef4a0daa07908c4abfd35b038e892df7882bf40f85fea258060692a57
N155	2	6301	3731	12214	3683884	a38283ec617d5d22761824e12cf6dec7ad6675492a1fb83224f6a518c9d6bc3c
N156	183	86823	41589	1810756	72175105	df35ddd711a8addfe619c20ab3fa9609c2b46d2aec18e82a0f3ee8a76c4635a1
N157	3	9282	5104	23196	5499404	638ac9751e340e0dfe077d96043cac2aee2aeea46ef78955135fa3459b8b9608
N158	2	9585	5159	18417	5597291	cf18463306628e88cef0a37ae5f02646d8c1a9d7caedbc7a6e747af8ae7ed90b
N159	3	4974	3266	14355	2961130	c3e0bd62df0788aa2d989731162aee92cb6601b3776f5c8a6a9ae10140071e01
N160	2	5758	3621	9950	3332419	287817764f8a17bc5290bb55ac2535dd4e48d3a9fa3abd8d1ab9806c6731ed3a
N161	2	3418	2480	6854	2002223	7d06aa9a6b6ad7c32c155705902d1202a5f03542e4c92e200bd609d9b0870471
N162	6	15027	6257	64336	9196040	ea7a9635462b3a191d8eb4d54911f115a14f24bcc8185d9ea9fab63694052d76
N163	3	12856	5756	34169	7578356	04d92cd790300c051c6102126db3068fa7db0fb64549ee64f9e36564356f749c
N164	3	16997	6720	64939	10315197	72019a92e423050a93404127706182d9ac3350ebac0944311f8d3d029a908f3c
N165	3	16945	7133	58744	10145016	778d8a69dbee2081a9e1325c78977a828bc9719ea9f7ecceee1344cf01efc93b
N166	2	12207	5650	24074	7092566	8abf8243216281257fa18a348418e039becab7e819cf2feae53dd6f6e40d8fd9
N167	2	9680	4845	17202	5569169	ddfed2c66b28e2d10c936a88e567331b942caed2a403b50bf0198081abfaa3a4
N168	4	10048	5058	34578	6032589	d08ccb1c944e2b6d320ff13ba1f1c8fb37b81f8bd4719534b0c0e38e6b140e02
N169	5	11689	5550	57023	7339958	123de86e67a6471a209f1dae70076c8aaef9173798a358ea234455f7f9b9378a
N170	2	6315	3535	14035	3663526	2343ab1c835e86b8139832bc790d903058a429056a5c208294f56526a0b41be4
N171	68	57080	33473	968619	44085512	77c4c837f4771971f83648f6e02dbec466ab3c80767684a1f382122caaee2b90
N172	3	10645	5688	31557	6291403	8bf68d94fbf09fe697f35a94173f7c8e396e8ae71e9443e52deb36c2aad3d612
N173	21	15291	8138	144112	10454469	4682081ec6d956a8ab0044e2441a95bc9801c9a4af6430b79719f67dd8654116
N174	2	6927	4171	13548	4029402	3373425c3eac5009b5bf3cd30bbeda3d9989d99bdb77d4ffb536bfd1258257f5
N175	2	4601	3025	8490	2668281	dc59adc9f902a9f3e3f59eac482f0408bb1ea7f3121fbebae9af75bd75dd9a50
N176	2	5189	3250	9846	3020503	d598dbd5a813a91dad0ec668ccdc74bd44aae9ecd4203f7596e38ebd6f019a89
N177	5	8703	5385	46102	5419805	d7f739d423d413bd69be23f12baea2bbcec44a89d67f78857e4644dcf05ec5df
N178	6	9524	5587	39842	5812697	8e45e6c951e8848272a74f2ebc1627fca43eff586c0510c117ac10f059115e4f
N179	5	7482	4638	30483	4559690	77c06ae88bafe159d05954a7b6b5de7f4630e8730d010abdc9b15bed733b7822
N180	6	7930	4780	38756	4927485	bd132f5b6ef901516e88b6dc02ee2d086b026dd3d55e3af503581511effd5d8f
N181	2	4379	3008	8007	2553363	a7b7d857cafed50128c722986e12ac4a109b4872c3644928921f5e1254a76e8f
N182	3	4691	3119	11600	2777391	8a10550960b030fe7b5771029282bd680db62251aec5550f147fbfb0a9f5cccd
N183	5	8805	5104	36722	5390565	7fa950625bf1e9774967ed77253d210e931926aa030fefc9c8cb015f528db9dc
N184	8	12848	6857	76163	8009920	e6ade1d9dd258ceee651194abfa7dfec7322b552d6a9ffca586bc9b42f3ead8d
N185	3	10317	5795	156898	7921198	cf9c00e8b4075dd78edbdae0098d179b404c8981fd799c00c131c61f5e630598
N186	2	8957	5203	26403	5355600	22f2b26838811fcc26889ea948dd7bc4005664bfb9bb1df71e221d9401cc8771
N187	2	6983	3881	12013	4049806	839bde9f96dafbe515d03bb782639b9a6eab3dca43ecb4533a6413264dacd3ab
N188	2	7720	4165	13981	4472725	e9a1cf1b30b685afcc554c09bb9632c06affb342e2928b1b4f94a83c15e9bb87
N189	3	8345	4644	20467	4910830	1ac0a6c95117522e68b1f69c3480d550233dc7305239421ad274b07dacefff37
N190	27	11334	6698	154490	8280555	891ecd1441e737c71162fb5e73c501206754083d1cfd63a108e76ae14c8f81c3
N191	3	6524	3726	16297	3867130	f23b57bcc0aefd4a3f28c56198216ebb0f89496135ec8dcfc54b3f3026a7006a
N192	139	79059	33572	1384910	62436236	98f9c48a6aa535f848f826bb45deb26a1a715fe72381d6e3d9e3d8d310b77c47
N193	44	44201	14851	424083	29994235	89f261c728ab06e69855a1d114452414761727de403ec21837ba77c58fe802a3
N194	2	8147	4537	14956	4751012	f58f7a96c24c578fcfca4330e22061987849f70fd14f477fb8d04da39606d510
N195	2	4609	2939	9302	2687822	951e893fe897df1d4e4c7bd46bf92af4bfa9fc74cb9ae8d6ca175168401c58fd
N196	3	12409	5558	30820	7306594	9e199ec1a6330f27b75837bd291cf2c4df4d8ea6ffd51ce5267596ebf7c9c58f
N197	3	13394	5713	33174	7885329	a066f3034b65b1845d68099a8d898a4547be0ecfd9aab6aa101a6503eb7d0f39
N198	2	11806	5385	22976	6853757	a1a56cbfa5e0ab6af405add51fcc0fc5845a8dc1eb62f6355c1a99f771c08679
N199	2	16156	5875	46814	9612775	3b197cf5ca6bd5391869d26a32879528b98c8ab7d90a99b8aa64a2d037ada88f
N200	2	13214	5846	35019	7760184	8f6765e0821af9b5364c29a9d9a67ed76216921c8112f1835d76427ce3ab8074
N201	3	9751	4780	25632	5759010	32cb192e96269b1be488b47fdcf3d00f0a547204afd8471d17800fc3b6371c8f
N202	4	11410	5287	46921	7037069	2a047e3350a32bb78e15decd8b2d21dd26e47362dd2c174a4debf660b16ec55d
N203	62	53624	30251	866699	40888351	a7b3636c4a944e66b371834a9237aae5c02cbbb2c74d6ae48387c8476cb16449
N204	6	18831	9657	101091	11733773	dc11e879ce9254e65adde062106ceb09a0f8f88d1461bc51cf04f9b7b5e2da13
N205	2	10291	5067	21640	5955244	a2ae5fc443e12996c926cce80c61a9da46de2cfc676a8735896f5a46753171f0
N206	5	9876	5337	33314	5906930	84fe32f0eb97f42bf696d7322abb85d7ea5bc32e04580af6a6d0c493e03168cc
N207	16	11550	6700	110656	7962980	5b4aa04c819e58a5ff538668ffa1df75873b646d9c35eb1f3a19bec464d3ce04
N208	4	8398	5070	36841	5132967	3c9f803411f7188d4248775bcc4ffa030c45f37594cf1915bf9372e783e32d46
N209	3	7979	4601	20384	4707230	8695b2feb8521d69ecce7984c46c6b8a9ce5bee9b84ff4d596888c65098ecb54
N210	3	7307	4711	19345	4314698	0a75648cc6232374eedf0efc853a1883b82a7048e83f1fea634e5eb2a30da43f
N211	3	6765	4255	18089	3999009	bf22621388db8f2222088ee87b8402de831a649f7f8330aed7bf7127201dc95e
N212	2	6568	4134	12186	3818161	a083eee02ae01da621fed62705402ed779001352699e7efccad4d8094bc4d1f7
N213	4	7228	4411	25662	4365197	b2aa1df4ffd96efbe887f4239a9feaad18b87f6c4a2dc543d330aaf9cb33f985
N214	2	6538	4161	12998	3812864	d70b8d9be7abc4a8d3b9e421d63ed26a134683574ef1c82359b0879d7f0f8ec5
N215	2	4226	2917	7271	2457893	aa664c8d2681a11ed3b039075f4168bd08b4517d64a4d1b17972c51a353b180b
N216	3	8357	4772	22888	4945885	49f481c033d8192926bf2c1eb5fe63a31c4b910499bb33c0b815b36f406f4d72
N217	2	6901	4262	13635	4036728	66185bc891aec3427edee4439ff11cf41bc6ab9c1239efdaf049e4ad4774fbfb
N218	5	9587	5542	47251	5835801	d05064358901e5691f23379f9b3c8af5b2739a2e67fafae6055e39845c64696c
N219	3	10767	5574	28715	6352292	205d99eb04aaadf731197e2497d2804d96f47ad2feb1ec81b70a727d18bb7ed9
N220	2	9005	5028	138914	6953537	5a6fdd57396ee1a6d1da0196ae0d06bc0a39e87713d0331677a1375610f3e719
N221	2	7377	4205	13032	4268418	99306117334703d67659c2f1b2c65a7c4efeafa66cc440949eb5aca125d44f68
N222	12	8758	5173	67392	5743355	67e7c2d56d7c8414d74e207644056c1c0a71891b7f22e2caa916f45603c6ec58
N223	15	8628	5218	86864	5905751	2a341513d1fc29dfe448f80e93bceb0d792c9b41eea8c666aa0d5f311ab3dc40
N224	2	5895	3452	10572	3435157	968f18582743730d1842bb88814cd54da562e24c4b2a5977303e9ed8ce0bd9fc
N225	118	73445	30193	1182946	56576108	3cdad7f34edab150dad43a2b293339a7b976e107023fe039d125906229cd66cf
N226	21	31678	9625	201431	20369449	191e1af3b2cbfd0f42fc07208852d7c394bb53a0ce2d5be621746bf8055470ec
N227	40	43856	14451	395948	29456468	445750c0a80151b55aa771afb781c4558a28551ffe930107869ee589cc48f8fe
N228	4	11264	5338	27478	6606671	0edb794e5ad529177d564c1fd8d329d61322b2ad72f735c3065628ed81e6ac2c
N229	2	11029	5252	20496	6412668	d49bc452021026dee5848aa4f3c8b2a744dc3214894db42db3aaaeb72c679ea5
N230	2	12369	5407	22429	7162960	b22e3bd8c4fb2af35b3b5847c72a0fa056ec0f2f9fa919a3dc6507f3dfd8d47b
N231	2	9040	4433	16540	5235522	7516c2da0421101502a86e6b73f865bb5c6973404477a0a57be1ad0e60864b4c
N232	3	10849	4889	32136	6503421	e1495b327a3c048debca130a2b430b9354a4e465cc4b8be06c3a8b431f0c030d
N233	54	49331	25731	750090	37112595	8f3f681b816ccc755c2aa4406d1b5a72b07d7069e9a7e266a617135523dc46cd
N234	8	19700	10967	115611	12325742	737c139172c76eaec1905ce25d92f192f3fbca8101c98567da7fa99db093ac29
N235	4	15410	8199	61142	9337373	b881d9c39462f3cfc38ccb0f6b1990885b78961d824ea16c0ce4eb6c31965dc7
N236	2	10709	5756	39823	6451878	3a81c9b1e268db3575901cf452a3777194dc671ba1677049c6be9e62298eb7dc
N237	4	9076	4906	26141	5359120	a8d9a0cdbb9a87495c338873c6001af6a2d62f66dd955a588ef490914e89ec55
N238	15	11187	6518	104186	7681636	ce6dd3c03fb472c99ea46ed6c0b0108a3882b59a8d666db270d0a2b586877195
N239	3	9902	4898	29067	5864582	af4a64c744e48116ed793e5d7d39d233da81e05b39e08dd732d4f95f92af408a
N240	2	7032	4156	13117	4078057	fec81de8bbd5723db61af46d02a23b25dc703ac4c18753f4869c624a2bbdd05b
N241	2	6905	4424	13432	4007538	61f2408ec3f94d913a4d28d06e4fc5e682f3accdc4340b72f3252acaf60879c9
N242	2	6374	4038	11915	3706927	5afd27d8c70bd778e6cc6f05d6ec03cfa8bdbd4283437dd12baca132abea84ca
N243	3	6838	4280	19708	4087777	a9a321107b40550f005e2795150889fe572463f9f1b2f028eeec37a0790b771d
N244	2	7641	4378	14357	4459489	fe66798c289f248c5489de04be5256ff32f88357c64eddf2fe8f169de5a6f1a5
N245	4	8190	4896	38346	4963496	5f7a331bd5a20c9ce03b610f22b3fa620249759811a9e46e3941fc79fef9479b
N246	2	9455	4920	19096	5503735	2f2987cc7ccff4670ff41c41c5951285aab23527bca406b610171a5398c08852
N247	10	7963	4834	56192	5141784	a434e23fea281bbf5215373b5a20c10c5776e19e7a1726f564e2369350023698
N248	2	5872	3690	11120	3429598	ed0f6d0714e00325f4129318fc379635e9e3be1ed5be0fc5b1997b8bcecfc4a6
N249	12	6375	4132	68949	4410098	afe33dc363a541c5635fcffd28cdd0a2e245ce3953bc302b4ecaccc05d26a547
N250	3	6782	4175	17859	4018623	b0d4586d440961356662068d5e4a81d6b4240ff29d1569d36c2316f3e9823b9f
N251	46	38244	13209	370467	25846837	8a69565ce4d513b531b790aef2275c0971a7b09202640e127059bf1aee45f427
N252	72	56333	23227	812249	42497555	d58cd3de25d26e73e91b398efc863be9d7193ba97c5ce4b85751c23d8448e945
N253	20	30714	9457	192702	19725429	04d3200c7fba260abd5af0b20dcb744c7e28d41ee472c99afc7d961972440643
N254	18	26219	9392	168154	16716032	dd47c66c282dfe35edb2cfcf24ebd5614344da6709452b1e14a1f43dcd046919
N255	22	35578	11659	226765	22718312	4ddc5659cb32039712e561c2e4d70778e4bbcabcea929c36a2daeed3b8be84aa
N256	3	9308	4903	20042	5427352	2ef1bc9ea56c92fa43b30d16f37b1cce6e4d57751c623f150ab2fa8ea12b5fe8
N257	2	10242	4515	21857	6018794	492272d3b75945a90feb1c28f14435905d3cd7fef2ff3f2495b2189536a44e1c
N258	47	43420	21359	631032	32417611	7206ba7969406db5d1c2774fb538deaf1e81f1d7be10262cced9f5abcc22efce
N259	7	21113	10968	118496	13143623	128db14005897064b4e062e8126fb4cc3b3c10b34142f39dd60b3a022f404f4d
N260	5	11837	6934	57104	7280160	7f6d9e87a2af2f3732586c2945f567010421ff1b87de0a02fd7cd9a32c60f85a
N261	3	15048	8246	58332	9038029	697dbc8e59f28da83568ec9de3c9f6f2540621209ea2f4ce093c8f18af7144ef
N262	3	12824	7136	44871	7720114	78a34117e20dbc60c9f9252a0783349b80b99484fada89476ea4ba631385b27d
N263	3	8622	4605	19602	5040334	8565a57169715192900d497932b68e8f8d42c3a892c389322711839c622f5682
N264	10	8613	5245	67198	5732739	d30ab698f874061e9197a3c14feb52aec0a2a9adba7bd92b493df878ff0308be
N265	5	9149	5280	36893	5608647	92c17c4701ab6d020d52209452da6b029d94194a5baebd3162842d37b6fb9c0a
N266	2	9680	4517	18764	5616593	8d6d477a86623c2bd58b1da565a51cee5b2ace7a36843986aaf21279f5547ae9
N267	2	6550	4107	13343	3838370	25e9aeca197d36ad5c26051baddfe1ee891744d339d235925fa50b2322227d66
N268	3	8781	4737	29982	5203029	8cad14a4c4138a6f4deea1fac1336537644947aeba401fba9f62d9d75471ceb9
N269	4	6404	3902	19624	3823296	6bb1708260486016623ed2e8696a0a99e5e617f2c767cdbe833728b830c749e4
N270	6	6455	4182	36537	4044373	7fe46777f35206ccabdd96fba30a670816bdbfc40102cd6cd955275b68406b4c
N271	9	6269	3793	56358	4180890	831a4430b653edeea30dc1afc5a0b25e6fa4a4a2e4aaaa10afa5152d42a54eb0
N272	3	5130	3363	12392	3017665	003ef8c6524f283b9b32d44d564b4ff580376bc4ce19fa1133046611aeb1a6c6
N273	2	5918	3713	11506	3460214	5baa2708a81d3d42ae553d20383cd5a1504996d32399a097baf5a48fb9246a52
N274	36	33757	11709	299584	22488215	d7d369367384f803b715e9f28477b86664985ff9ef98a30f3403ce7bc80f68f5
N275	10	15657	6740	70812	9580349	de68fcea253bf1b0f17143498efa2f49df90edbcb9fecc5bbaba3cf13c722433
N276	70	56036	23028	799626	42169948	8f8a6ec15a65a835d482f5744d52a28948568a7702946ebee8b40fa3b1a80aac
N277	2	7287	4369	12286	4207951	9c813800c25f8440661cb034e6c8ab734ead40c8a27d6d22cada16518432a514
N278	13	22131	7993	132999	14163045	15f2d924047c011aaac644900a942c8b54afc9a997e2fc0848308f02c0b9f09f
N279	7	19018	6643	59350	11371007	1dde79b5211ba270ccac9511232f6ea42e2e60afc83ce56315f5240a889d36c3
N280	3	12660	5904	28857	7399715	7be297ec4b58add10e661c6afc7ba662844f3235057f288c17e18001db808d2a
N281	15	22488	8591	139166	14287770	92d7e4cd68189bed82d33e1a63cda64d45c794acf2b5e719c454c5468629ae57
N282	8	20983	7847	77599	12642117	fb501fd5bc48faa5678c50ec27f4ba108457a266f0e87c28e63b46ed919068c0
N283	14	29216	10142	148595	18211798	f746fb11eebaea0079888dd2ba5c013a769db20cba427e79cb651ebf949225f6
N284	2	8051	4529	13158	4644523	755b8072886bf6d7456a98fa4e282da88b385931abbbfa6162d3858be7ed20d6
N285	42	43587	20123	571932	31811586	6019e70877022d71afc584c593ca6857613ef91312d75e94dcdc759e7ff3cdc7
N286	5	13869	7099	58332	8400337	6e6e18c690d8309c95595133e1316185933c9072ea91f0cfc6a43bff3f37cad7
N287	5	18516	9458	93454	11433384	ae2743569eb934045680f8efb340428e20e4f6a0781d5c06196e121e6c60d357
N288	2	12066	5825	24691	6967794	c740bfa980cddf40605db8ae8660ff06d9e862f6898b419f0bf6886464b95864
N289	4	10723	6291	43580	6514721	50c9bf557d1250ed6dfc20c7969c99f5ead02b0596caaf14276a20a4af727750
N290	2	15121	7581	44739	8903729	042b850a380b49d54a2455ca762ed819719c73de91075b145410af9f9796a866
N291	2	9816	5858	30836	5894940	c2aae7e4a164a09642b43218f44cf28ea4dc84de5a0c3c33f664639d2826e766
N292	2	6670	4054	12424	3866226	78dd8fc6f46e82953fb308833a964277a8a69395e17d674ef1172d54dc10570e
N293	2	7691	4603	15671	4504059	a98de5b0d7704b5a17da82313c022712983408d46c80de548f84efa866ff8fd7
N294	8	7731	4698	51365	5017018	c88f863ced7e0a8251b2a69799b9eaedabe305ae1901c8f61314f455cc5d7efa
N295	4	9022	4980	30284	5455510	25968462adf306fdc958565db564fc1e0e9c97255c3b91651260b18e66a4dd1c
N296	2	8401	4418	19472	4881907	bac7322164ab4b232d92cd3e2148633f420bd61c4aed1acbb170aaf669ba74e3
N297	3	5795	3638	14413	3431492	62196210144afdfc0cb61447330e219d55a38715cb93f420cc5155a1417e5028
N298	3	5925	3795	14519	3482716	19eb74d706b4323914efc12fbb096167ff57396f3734fc406f769fbca5b6afe9
N299	3	6224	3974	21891	3731764	61dad12491cb5d0572344c6b342e4662131a753c71227cc8e5056ebebdf452b2
N300	2	5536	3456	10796	3225157	33c317f932cdae361d44e11957df2488df0ef20362d45590480ab567b47c529a
N301	7	6384	3754	45337	4101174	e42126badcb62b7f488c59f0c2a863693fe98d3c3778d77b2a3ba845a8558eb2
N302	2	4452	2937	7560	2572736	ee1a250f64d5ff2671ef223f7d240966a3c5a372394fe47e9e9eefb5240d14b2
N303	34	32894	11553	285279	21819050	fdc3fd049f96ac4759b573864d7490e2e5c14f77328ec29811525298c54dc77e
N304	2	8481	4504	14152	4910367	f1b522eb7347ced1f445aa7fc0dd15108b72dca626433513595ec019252d9dd3
N305	7	11865	5669	45841	7164953	ee93363bfb7ad2517c897662de6ed029e6bff9ca93868e183b14746f9ee21eb6
N306	3	10269	5271	24687	6019241	fc53df833a3e50e34a2033ac39fa1fbfde2b44bc9e48b325d92f3ee5627ed841
N307	63	54980	21829	733299	40659270	bd7b449050133e0f9b47c9679aaf6431b36b0ffc2e25459cf82c36e6500410e5
N308	7	18951	7433	64781	11432661	648ddad229e3abb764dde225d1842f8f62646f77597e110915fce75f202126aa
N309	3	9513	5119	22239	5612260	a889cd4038b8d0fcf90ff19c4272e982a44aa83eab8aac1145387ae9fb48c633
N310	10	20597	7508	110532	12990399	9ddf31c2a2853eccd1fe463d73085c259e07311d9c8e2396111a538498ee4021
N311	3	11781	5270	23101	6829883	39d176e55914165e47105c7e228a7d0464608acddfe441be2d6c7ac7fea1a0f8
N312	4	14995	5909	36049	8861383	0b61f743a8f79bc559dcbc373b1fb44f6751a63cfcab5438347c8cea8e5ec5c5
N313	2	10950	5416	18789	6325988	1058a1b59ebd822ff9998948116a8ea6b6af10807ca05ebc17b96b6f63a42971
N314	9	18342	7662	89857	11364226	7a9e2012487158e01ddfd93cd8350504d8257f686e7951ac5f5042e7decf4f55
N315	6	14153	6306	49164	8495669	1617b53f8393cc0dd8b4bd3f9d806c638053963da7961d5e0ee62f583d0dbad3
N316	6	17297	7170	56396	10332635	2306911e474b0d7aacedaeb127f06e99cdb658dc956f400d6cd535174c922aad
N317	2	13292	5933	21104	7659470	5041c77a77f08d6f73f0b2a91e59a919774c0bc5e6c5c4226486c974e0b43299
N318	12	28080	9913	132095	17379992	3ee96250a9fef9d3863060ea7cf97a3a64a0899225c149c65d5abc74d597a37c
N319	2	10091	5293	16380	5818604	cfd8a3c40de17640b8cd948921b90e9a7b8b1f3bc60c715c05f3bddd5cdb1744
N320	23	31893	15055	349781	22376787	bec669e53771e8ade1a029da5870f1d7991b6216d9677dc8945a069ca7588bb9
N321	19	28609	12298	221506	18840943	defe8c3bbf313fb005061b280b184cce562d342019aae577cde67ef74bba13af
N322	4	11741	6291	43303	7054181	19b6bdbcfcdf5196843eb8992afac5bbf6be978e8631309ed5a8d7db1fada7c8
N323	4	18360	9198	83420	11238587	5718c6e748d47f9f7db64f38907cfc4fddaee58da1c1eb7cb677ce2dab9bda13
N324	3	12224	5990	34181	7222073	1d7ddc7091aeacdcaacd24cac78308cd1a3b6db21dbcae4d5b1c6b1d1459cf3f
N325	7	7551	4569	45483	4833130	7eee880051b954989598e6b4b90a7fd1765db426c12849562827f1e29900cf50
N326	2	7876	4356	14756	4596226	6366972a7d7317e7cfb664c5f5be4acd8d4d357459ec81c623521ef9d8903c53
N327	2	7904	4448	15170	4619782	08e2998c55892040eec9df8defb0c50ba1fcb7fa60651e229c8cbbcc681c7369
N328	2	5185	3350	9189	3018725	d26648723d9e5662cb44cdfc42196727cd9c36d032b712acafec24f4c5e2c5e4
N329	2	5771	3686	8671	3315140	bfc13fa3335367f5fb9088f72ca79c49650b348c644f32f3056c1f929e1ff0ef
N330	2	6215	3869	16512	3660971	d692883bacea47338cb45e6cd2a2db89801b503f02cff68877d4581665a5140b
N331	6	7962	3748	41129	4932404	f4f490b77ddac75d16d04707e88f7bea4d4568cff6b9f638017bc0fc65a943df
N332	31	32040	11046	262534	21068310	8882918d4a10c6d24734edcd9aa20c6540ed5834c41f3c023830f02df64d4119
N333	3	9497	5376	22386	5559846	f554c7d3a43332ce9a8971c220a5114b7f4e8ba05d1de5e25050bc6bdddb12a1
N334	4	9323	4947	26106	5508820	519a19abd771726f356b3c9e4ff199f48b2abeb530394f188ce86574b1d8c8d8
N335	3	8280	4730	19627	4852208	31d95eed949a0459e9279b5649c9769dc2523da60405b5866f526c7fef890047
N336	2	9049	4768	15556	5229096	4b16a693ef06c63a3b82790c24703d43ac8a87ce0fc06927b52f5c0010cd36c8
N337	56	51903	20620	651012	37797456	07c0ac7d197c60fae4d01976fe9c59ad719e278671bd9b6827753e283de9db92
N338	7	23830	8296	81384	14406743	65410aab4503f8995f2a111c545324a65b8ff2f39b89d6fec4af0ce467688a2e
N339	3	13733	6035	27810	8040954	d439888a89bb116c2982d368c07980506b5518ea0ea9ffaad4baf621f72742f5
N340	4	13598	6284	36859	8058972	a56f99bd59bc8c9fda3812f3e94a9493f437ade27d1cf37dea09295688263ef3
N341	2	8642	4811	15084	5026683	ccf3c3f8ee4d22f1f12e84b2e1012d21428930944b093e1e7ceb36fc5bb2dc6f
N342	9	20321	7363	100863	12698748	3e35dd5e3f6e0ff049fe9f45f22d58eb60f1613cc751c600fb764fd502d440db
N343	2	10271	4966	16659	5923717	3de16a03a7b51e9e1770552d3a503a257d855b4285c77a5136f32eb7cbeea019
N344	3	13032	5481	27931	7653620	55dd58fa744bd49f61eea9e049e178f9b0b3b1ea687518915dcda1a46722e7d1
N345	8	18201	7547	81214	11179920	ea0dd0d4d92fa47aa7489f8689bd3a46d4c900b621928af80acf05439ac3eb88
N346	3	10531	5460	25620	6160277	865cda4321f48156657638ff16795c3b90d87c12eeca98154d91291fc1642cd9
N347	3	10976	5407	23504	6432123	ae4d029ea9e24b6b67b9f5e96c68c1cf4cd114817475fe9b41bf87d50997d0f6
N348	5	16174	6952	47876	9586407	aa6fec95477dc8481895f2422b0606d13fe3bd1ffbdd7a56eb07810e989b1b13
N349	3	12202	5864	28809	7203173	140c8187196607057cc04080c54c5122661510fba63d96572730788fcf28cbbf
N350	9	25344	9264	103195	15448472	00c135e58aaadf2b5aa1fbefd0a0855a559d15be2291783bdac8b51bdfbb7fa8
N351	13	26811	12879	189609	17240132	2f6015adface55c0af052968f92d4819d2f5b8379ccd969418cab79cb6dab14d
N352	10	19309	7785	159104	13008616	ac8765728230a0bef46d3a74311e100411cae441cc735c2c03e07a0cd34c93c3
N353	14	24292	10698	162394	15734501	09714b4c662ba1c8b792e5052dff641231b7dbb05d856ec0038559eda94e65d9
N354	5	15629	7672	58971	9403542	f2b044a086a552d2552d3ca051d3863baaf3a99b8899e1761ba2ef2958c5bf7b
N355	3	9773	5352	28849	5803996	476751c6d6f246c7bcd5334946908c66be8e087966493466260e777780751a0f
N356	3	14089	7227	50709	8496772	4fb1e188345abe9c5360dbc3a71ec01d99b825e59136b7a4a914e4eb1a2dd3f2
N357	2	11823	5369	22163	6852084	1158288259628eb31c7b793687c3677e05575c2f0616377e75f62b3b4751f3b0
N358	5	6949	4386	32090	4320783	b4c3f4f235caac6761c8dc3cc366f6a63b026a80e3149e3a5a986a758e4edca5
N359	2	7046	4245	13320	4101035	e7b1f0e19975462b2d3e88f8dc863f3553b86561b9dc22e7274619abf7dcef44
N360	5	8612	3731	35486	5214171	011a1e4763ccc9e1d8750c0bc5ecea0ad3e37cdf45f773eb52d6710567f32422
N361	29	31403	10654	244658	20492925	aa1e4bd86cc70f4b9d5aadc284c563fbed31e2c6ccb73681fca36e243369a8ab
N362	2	9107	5218	17509	5287546	50bad89f2f49d0ea42634eeae688124d2621f93eb217db10abda3972aac967d4
N363	2	8302	5007	15118	4806667	f537779ae974a170130a919fc8090b7e0e0e4b9fa854aa4620de9fe0ac32fd6c
N364	2	6714	4195	11909	3884638	255e80b1b73be3e9ff9071cf6dd0a7434ae0fa1a9cb84444c3a98533949c9a90
N365	2	8096	4584	14157	4681551	f0fc8f254718cb7e2b3aa7366eb4698b3e18fcaa207739d1960a4be86e86c37b
N366	2	7419	4350	12591	4285885	314f82d24c19ae94231c9e047c67ebb394e93ab103d3d77949f28b788f648ab1
N367	55	54066	20526	641870	38877818	8883914fe43fa2389025acedbac3ce82b5b74e90042c557598db750d05ad0990
N368	4	18535	7154	45982	10956959	807614d8ec6df2d14ad2050fc6a324b2ded6f085d9390c04fc87b802c62220e2
N369	3	16920	6882	35230	9923470	adb29086a30da58483a20e40407b855315c5b07c4fec5c9b2befe0b579fe1041
N370	2	11335	5388	17734	6563882	d4e853f12feeb2b0768f7f2cb9a4ea68d53f0ac2437f7be570ac59c81a83d951
N371	3	11849	5887	28915	6988000	7262398f1e32f46feb470a3ab3af84724aae4dddddeade4cb35bb47b8dde252a
N372	8	19881	7225	91490	12342025	391d3433c8ca221578277722d9fa5cdb3b0be781ca3cc9e35c1c2830645249a9
N373	2	12050	5199	20024	6995612	24b401e16a9ead1f0ea0b2508eb831f961c05cd5d79ffdcec819c9d34aed7dd2
N374	3	12781	6219	36174	7553361	3c9a19d8431e848adb3ce3227a2a1b4e402f685b4046546519a8fdd36665f13e
N375	5	15446	6680	44833	9208646	83e30fcbdd90016dc55c24eccd40771251379d9cdd27f69153cf3ad7b016e429
N376	2	9045	4988	16331	5219573	3c8ea2d31a705a6fa94af1cfc8d9bf84c26f1fd8e3af4d98aa08f2837a561004
N377	2	10038	5170	17109	5832907	67c2d1b9b008c619665ca020faa18d0ac9b803c825ec83e99e40cbc831041131
N378	4	14425	6488	37495	8486577	a7bdb33dd83afe5fe43043827eaae795a6ce74a3cd41c3c9113b35a18f56176d
N379	2	10689	5403	18876	6220659	08a7934b0c069803fddc77edcc65ab0f4b9b5bb0b7450fe9d4a1951acbef597c
N380	8	24193	9057	93836	14675208	d7f907b4e80e8c36e57b641473ddb8cce234a9b77f0eec61d13a75bd765dd0c9
N381	9	17637	8946	109075	11210575	b92adba36eb98dba796430616b555a061efd8340076929ccef3fbfb1ebc850f8
N382	4	18817	9554	80419	11397494	ef6bd6c11b554eaa6d92800b3e368a2378f900a35d65782e9374cb92095cfdbb
N383	9	20511	7570	142810	13430661	da6c49e3f0569247b740a4aab94b0b3c8e645e24bbe5cf0916c04dbd84db3e33
N384	8	17898	8708	94565	11297186	5d9df23dd25b296a7fd66bfd9bb9b05e4f243f4b007f7972a7aef4869b5d2ce4
N385	6	16277	7685	67698	9939108	917232e1165eb1aabe5d0a5bd79f1308d7cda7df9031cc50f5e85b85f0da16d9
N386	4	14036	7256	48457	8364325	4e17f87e14516af8fb27026a88ca25e14711b195df9142f90d2cdc2d59e24b8c
N387	2	9139	5087	18996	5328058	ff6f503a475f2b1d24565d9e7c689c20672e33bcbbb02a94302d7d46451937b3
N388	2	12830	6748	36505	7613797	b1f61007719afe8a6988b11efab4509abb7d9e037b3654555671e56e6510435c
N389	4	6892	4340	25705	4199544	f2373824738bd310ab3ed041d68fa292a4b2c042f32343f7b316fab7ea94b405
N390	4	9463	3712	30191	5612814	d070744e8b4a5f43b2c27717257c2d493029b4c8a4597a1b2738e05f819199c4
N391	26	30763	10264	220017	19835294	4cb64c0fed32fcbcb061c23e46e30ca926d9f4de37102940c3d9af1efd9d169a
N392	3	10536	5429	24004	6159697	2f754d6017f8bcd56e81ee2256560b6cd434884c74186c994e1ef364a8dca3a7
N393	33	40117	17039	416551	28218967	e3b36d990b234b70cf9a878b59720d435f4058e7a7a371b60e2e7587d50f97e7
N394	22	37164	11180	224346	23573660	fb4ccb8f2b47d4a188ecb2715a4cdc6ff25d9955785c9d02160e71286a216b2b
N395	3	17866	6879	37721	10482983	f1650c318b3b206c8c1a8f201f6eb276bdbf22a1439cf849a8719f701a2e523a
N396	2	13391	6071	21836	7766313	99e6d46c949ddc5ed8065e747f6eba9e2b19a96e6ac90d116e64283ae2f8e86b
N397	2	10404	5326	18331	6054597	7a725a6e3e7dfeb6ca39adf0e7b8dcc8f7acb85e1fbfe32231f7459b32256929
N398	6	17803	6561	67279	10843804	11ac2d4abdf1ba42d86930daa0f74d11f26e19ef899469a5771c2b942d1f24f7
N399	2	12847	5720	23930	7492400	0135e5792b06b7f6b9a439eeb13c39b77218277d9a7da09a15e72f8fa9c7c116
N400	2	11256	5866	27256	6596660	397bf90405980d9abd7131b58b557a13822908475eb2da712e2fbfa20d975701
N401	2	12765	5880	21395	7412578	d1fcbe93a4ef152a261dc3106d510f336fde8af6432542d679fc98a6f01270e0
N402	3	11285	5659	23324	6587840	21ac3190cef491fca63cb9e8d9ab117722f1dc74ded0c78b8d2825d4dc3bd413
N403	3	13676	6233	29551	7973380	e6de200d1cb6fbae65c0a33afa2bb40c21c6fc15f5ea71d9d3e96baf9d72144d
N404	5	21138	8259	64847	12566158	6ebd7eb00e189a76d48c71d6bd393643d5dbde5921cc7532aa2b14de618ac303
N405	3	12238	6029	28837	7221285	74101fb08b22f42549e8f086469960ed426211196ce7024b33caca6fe5db9b24
N406	7	13347	6877	76828	8381063	25167497e40d1b07a6406a5cb8037faa887990cae03995eb5008800421e25404
N407	2	13578	6852	31862	7990012	2f0b9d9ec5b6669ae0055ec05d8477a331790b5b055322f72364057a21263467
N408	3	17309	9039	68561	10433048	7a10fa6f96833c17f29e8d8e214e6b38a2e42007b28947ac335985f878e5c996
N409	8	21613	7393	127521	13816199	a4328df498c43869b4a1f5e78a1362c74c8c232c32dce238c8c0ed5597685a28
N410	6	15729	7879	70703	9787082	fb9df291f1c2d574dda3809e19985dd3724ed231bf848d4de65e24f9c64f37e7
N411	2	9589	5282	23688	5637863	d7235e094940bc796c861b5b554e111e565d766ba08b52b00b3061605150e03c
N412	5	15187	7315	57579	9225488	d27728a73b4563b35d174c192a7edc55d2893ac2e92ad3cdf6cc229019e4c00c
N413	3	12059	6306	33864	7107492	4c8f7df3da54863aee1c941df0f4e2b3388cdc224dfc5e20c0916827aad620e5
N414	2	6615	4156	12701	3863224	8eb6f1144751e36b53561fe6b5eddfaeb15b64b7b60821483dbc2e8dc9fcf807
N415	2	6527	4141	12820	3815892	c45126797bea732e1c76637c60e7c210cf840ad05f5a52ab0d88deb7614be277
N416	3	10759	3690	24523	6251755	99556e715b8861f594fd918d4961422490b27dcccb5db27d02f38ef1505350c1
N417	13	22333	7753	105854	13717933	bf8bf00f87a4cc799e3e20ee613e581e3734003598929cf3d4ac48e5a55a383b
N418	13	22012	8448	113532	13675035	66bdd97162a81ddd3d374345d2da5ee063542d28b6c064966414f828b6ab66af
N419	2	8758	4957	15501	5066612	f54226710e6db94db0b5123b1469d50d87b3caf4da5bae10dc01bf0e3b73b054
N420	30	38743	16658	393167	27117438	3b535ffb5840d42eb8a7a8846fed9ae12c7657948e9d5bfd5cdf012102b3a53d
N421	3	10141	5280	23306	5981955	c88bb22fd514e164ab3214043401b8f4b0343b833845c4273cd22e267b6bf004
N422	10	26498	8618	102330	16032621	217c586d41cca419cb83a58904235147cb6c2cad98fbfe3ca1fe2a2b760c34e6
N423	12	28293	9344	121609	17354480	871d806fb714c6dc5182dea69f67b66b483f18df5c00e61e7031408fb2a33b8a
N424	2	16212	6475	26973	9410489	059f234e0b84c8e6c43cd49d4cd09de00fdbbe032e15943e71f05af39187d8fc
N425	5	16330	6285	55803	9859224	e1dc2a440c4d32b535a3a1cd2d352fb078e022850a0d589aa923f8f88a58190f
N426	2	10553	5339	16833	6101303	f691cd6018599b3394ac4a5acc6a67feff3a96d444d670d50caabd824d28aebb
N427	2	11068	5453	18187	6383955	a855eb8369a3a02863983418f9e9e0c8849844cb86d6cee119d45a9727482bdd
N428	2	14791	6790	27541	8597930	13ac313597073e33433ed45116ccff79be8dc8edd797e01bdc82e7908327dc26
N429	3	16962	6863	36918	9873997	8be2473751f917fa9d10a9cb5504169b04df26d6f69bd830057e96791e9edc2f
N430	2	10729	5464	18294	6233241	df4136861b3f0446ecf10095e3921300e0b08c69e11e96c31744b047e1e72dff
N431	6	12703	6608	67188	7921960	b4fff580c0276dc28012378c0ce1e795f3fe88fa11495a971bbd75b244b6f5a7
N432	2	15109	7901	51722	9026338	289564449e5d5354e155b1cef527a9af7dc4acf82206c41e24861a2313e12e3d
N433	7	22128	7150	112351	13910971	e98c4f7034e448a2b0b1f0812a61ec79545d41464316e6df049cb99e240f0504
N434	5	14132	7292	58325	8716931	9b4aa97fca5a4126cb7fda5a25a7c88dd6770df6aa332b89b15ab345866b7e4d
N435	3	11801	6187	33980	6999166	eb6f62aaa8d8b598f7c5a4b848e4862f7c8645fb783c193ca39ac76e741f63af
N436	2	11449	6000	23547	6717205	7b9d13316733dfe68eb8513bbd60f5813bb2fbf75877002867facbf36bacec17
N437	2	11245	5838	22731	6495976	996a67296a16c78a54eeace331f9c64018984ecc5ff75631841f2e5e68bb9db0
N438	2	7565	3607	13989	4365768	5d5e6c406c844366f863410728925dea3849373c2c9ed854e575e0d3663548d6
N439	12	21870	7660	98264	13368583	b5d5522cd683ece6b4f76afeaee7440b84c42c09f277a31b1a3d487041f2fb11
N440	12	21401	8271	105395	13235909	929921ad47fb77e8d5d70c009e32f4b13fd94e740b2a1459078f23d46e2fc55a
N441	20	28113	10896	246207	19132202	9b2c422fc982f9d44f436f27a9134a127688d74967f8d664f9e81a97daafa489
N442	10	24726	12046	146720	15825267	cd8b63131b33cabf580286c574cdb7b66c3f43125e7f6668fc95f103d11f0bfb
N443	2	6733	4374	15428	3972749	fe24ca2972e961be79479419a05f65fbb951f84a128e3286d3b77945cbfb8aa3
N444	5	17423	7060	49434	10280501	0eb86c72a6e5f21c3b84b5ecc9a0ca5bc1698d3d78e33564f831e5ca4865c890
N445	5	20514	7348	52784	12122987	eb38c9be10b397b584b907fa7c402476dc7d592419c9f9664758aa364fb2af47
N446	7	20094	7894	67583	12070653	da4631d8d1a2fd4faf79e4847929cb9d3040273fd8ebb97a3a7b870659d675cd
N447	5	20182	7372	53951	11958266	5dd822d6b8a669849e69a23e62f2491454b0bac91c412b73447b6dfb7d8c243d
N448	3	14870	5900	34458	8768503	033f29546a95344a40a191b416fa501ed3be785782ac146d48dbf9056fce40f6
N449	2	12253	5487	21037	7099343	eec280102dd147b1f3c54208684791bb6014c9f267908efc5f3eefb2067b62f2
N450	2	14379	6411	24954	8313519	86030b294eb16cdde34873b105d0802749e53a494c5df6b8ca32915b353a5f04
N451	5	12574	6454	59748	7758103	773ad92bedc7df3098b8fa6c9edae7819b12242ea91246550c288091faed7b87
N452	6	20884	6729	92674	12969504	8aa7fc7bbb4d48857d309ee814f33046d83a7994f81506f78dfb7646ecad1d18
N453	3	11303	6097	32060	6757454	e9f68befc54865612d8716a5215d67d0d2eefd8dd75d695612f2accb079939f4
N454	2	11139	5906	26083	6582953	c30e27bba2f6eb44e88dfb008fcbab6108e7bd5cba972604c9f1fa04376f66f1
N455	2	10256	5706	23922	6014479	39e2276f3fc9a50be03272b772f38f7307d01ca0fde77d26470b7ea63d8c6b03
N456	10	21050	7426	84074	12741239	ad380f9e2da93766c8cd071dc63509483366162d78608e367a483617041a6862
N457	2	8534	4941	14086	4923429	7eebb31e6751b60bf752d4c1b768102a2b2d8448d3fea1fcc654e9f8ca9b7b1d
N458	9	19165	7426	77780	11650438	3d2baf1f94abc41ba83339367cbddadef5453e7de8af0157f0ae209c93561b78
N459	3	11388	5885	27382	6679322	654c9df5691783ee167d407a60d6ccdb15d02660cb7c377feba890d5f4e66cea
N460	10	22554	8912	136726	14488910	0f848586b050213029129b5fe50b00de2dd231eb8f5179ec54ac5da85b88d0e2
N461	10	16872	7632	109294	10931159	5fec9a5af57a45676cded8b143ec613314c3902c7eebb69423fbf054f37c9af5
N462	2	15843	6567	27353	9208702	f491ccc748c3002e22b74cb982e695bcfe231ccf0a7455bbc482ffeef479a878
N463	8	22653	11633	119183	14282897	8dcac44888696bf927bc65609de2540fb18c0429dc911b6a09a6ce3593ac2d8b
N464	2	12047	5692	18089	6949585	1087a783f7610cbd3894294750f0ecf9e50647dc94ccaed0b2beb411e4a7256d
N465	3	13776	6337	31288	8010160	ee5dcdb5e1d02fbdb013137205221aadf64f76f4665f7d7ead345e1d03bf41ee
N466	2	17302	6477	26894	9970468	f37718a9663f4d19465586be46998de026b7cf18a9e1737b933c1fffedc4e01e
N467	3	11239	5857	25838	6623943	78b1e35efdba94c236f1024dd36cc51ff618ac6c6804a8e650b72b76b3cbb1b8
N468	4	14827	6249	35964	8732213	0c0aaa9b2ce21bf3207970ada9878bb28c666aae44c90c0e00a598429a48f84c
N469	3	13245	6689	31588	7782394	2f6233dfc4a061aa3ed680881f1e3211e0ae30995afccd290a4c03a3a72cd2d0
N470	3	15879	6671	33746	9300531	583f054725e24919a509b00c3a10f2c0e25af398ee168036684a794ddbf85185
N471	2	13131	5708	20154	7575197	c2e5bb563908e7320337e09fc5bdb79f8af98b71c3833625fbd2b1d1dc3e05f1
N472	2	12451	5490	21805	7242671	115e03ebaa0bd9ada068bf1a509a25f790ea6a4e0cd54b2ab428ad6b1f8d5a6d
N473	4	11375	5991	44876	6899905	8e4985a2c1232a11cc9da8a88875261927e724191ba6eda48a01688687f2fe03
N474	4	17876	6157	61874	10849629	3f53202348871706afb6c075198dc6428cac8ca98f3265365e59d2090f879180
N475	2	15628	5842	30519	9141446	1a775a2b11bfed20781f5f45abd3bfdde9dfba749247566899bc4485b09c47ac
N476	2	9729	5338	20032	5707699	d882d447d875a9167f1e0632a14246369d2cd6d1ac164e21f2fc6f4bf1881b94
N477	2	11149	5432	17889	6428244	e8902ea51ef2a3e7b1f5fcff7a30c96e6cd8b546b1bd2d591551a3606e3f068d
N478	8	18577	6938	66021	11144486	a6e32fd6d5442e7962ac61c8e65c1391214939bcc7a5a314a48bc3fc07fbf9c5
N479	6	15519	6604	50325	9251536	5dfec34739e8e5817ce5b3824b2bfc94fa0aca08d3f7540fb9a542b6bb611dd4
N480	3	13188	5900	27161	7710487	13d66a1c8a8cd1860d399b7b7fbf78e84a4de00e1152958d425a8168cf686310
N481	2	10365	5467	20132	6020138	01370d5cff2e9e26aec75bfc71c906d14da9afc603e7a53135b607dbad736740
N482	8	20266	8398	108144	12807915	32bf3c3ee59187391e05408239b2671d16480a64583e0cb1a4e25ee5301f6429
N483	2	15165	6304	28429	8846664	4f976a6649af4ed4c48328d8f858a0b6f89791d4bdb7e714f06bf65a3fc421bf
N484	4	13583	6365	43688	8178456	6544187a08e17575db2b3e3f687bd9d52932cd6c4ac89fe257c5be550b4e16e5
N485	6	14247	6781	65268	8850687	dd42462a194d0061c87cd07ef669df7abe3c2a3e9ddb21233bc879e1d504f000
N486	7	21744	11455	106412	13596753	da9d5f54899c558c0f5971bb14cd70cadf117b25e8fd1e964aedba908183c82d
N487	2	13029	6081	22457	7505523	ff419321fb65b8f7ff88bd2cda600dd506d9be4de33144b9c43c2413d1c2ebfa
N488	2	9984	5400	16689	5795753	4e04e91f7ecfb95363d618fe721b62a5bf6bc76a26df7e9ceca49f67ab258bfa
N489	3	10833	5350	24440	6345181	f5f091a31306f1f91e5ab4321a8edc6c4ee719150d014403c6c8becef80f0201
N490	2	11595	6145	21224	6717255	eb4b57e9a0a69d2c1c29d21b9ef7055412d53d240a258dfee62e673c9228d42d
N491	2	11850	5734	19828	6860991	382aaf62c8f7b1f73f9d9ceced895379a39581239492ced12751d5f9c4b9b731
N492	3	11145	5853	37103	6676674	bc49eeafb016d23752b5e90be69847451b9ccaae5c07bef08adedbdc6e92fe25
N493	3	18021	5974	48647	10735208	3a23a7b72715189ea2697031da3d1b769bf167f6272cd1a469ccdfd268af55c7
N494	4	12251	5864	32432	7214711	85c0f74b8835b114f382d710e2e051b52b27084facc570446c21ec03bcba2d4a
N495	4	14350	5943	33488	8398992	a02f562cb657f21814d97cfdd55abbece8ec90b6127b17a30ae03b575891c1b6
N496	3	11420	5482	23541	6645479	5f8bcf4035b14e6913afabbee44b6bba78cc97e757016c17d893365c54d657a0
N497	3	12248	5862	26635	7144171	2e2bc47530d21e4b6f3455295e044e889155cefac5bdc7f390233fb280224f29
N498	2	11585	5469	19201	6705515	7113754891ea5fbe6d9462be970c92afac6fddf29191ffd708e672952255f7f1
N499	4	15203	7027	50158	9171652	5afbb5d93f06a4c9bfa3905626dc508274eb371663854ee1087fc79d9ded4dff
N500	4	17977	7464	57749	10823323	f2edc86b485dc11bdde5685b7e0b65d1140db8da4893510334a13e993a540637
N501	2	11906	5794	21520	6933628	facb05d2f348dfe8af52ad3977533948fcb5842b7ec8b54dbda668b714d9d71f
N502	2	11878	5808	21809	6922562	656b9cce787af15381e674287487c2ec3b92d618fd8f4871e2968e3076b06077
N503	4	13569	6396	46695	8212269	c7565bb542b7e703f1aba968efca8a3b77e40b10cdb5fefae1ffb3ce8b5fe479
N504	2	9802	5446	18343	5717080	bad1612dd1af4632ad140c5faa9f9475bbb005880ab77975088cbacfa699ca3b
N505	5	18576	10270	77948	11433557	e27b4fa8af04c5804c52e136c9397942a0481062623133f36bb170a0cd925f84
N506	2	14752	7123	28325	8612523	5568239a322fae28fcc41b1d79b815433b635521c834df773a36ce85c4e35847
N507	2	9622	5052	16675	5561901	54035fbdb56c225c467aa4ee1e66f1e31fc770884a995a45524bc07cf9da2b13
N508	2	10886	5676	28607	6425929	d00ba7647a1f71ebf68ae53d1779d6571ae30edc6a9ec0f8bb42cf524caa3980
N509	2	16525	5726	32959	9677198	0e91432bb68e9fd900939be35f3135b8fc23caecc1cd7d09a39d1da4b275cf9f
N510	3	10839	5530	23908	6325609	3c8704be32d19e557d2b1c85ad6059bb72ccaadcf661c984a708002a9b613dfd
N511	3	12869	5669	25984	7483716	d4a134d4409609a1a67114770d1eb74b10071d2ef1d53e88494206891ab58c6f
N512	2	9255	4758	14699	5333482	62c9e660c5abedd9632dfc482c1a1046849511c20bd008157bed5d1c79b2e449
N513	2	11007	5513	18873	6359056	fefad606d19c3a6d4397605224bbee91e543c71061c4f09aac3b0591c25c740f
N514	2	12945	6359	24067	7546681	1187716a75bac8224764ba7979c24377b2bf9e1f07dce9a332b5b7fd5e52882f
N515	2	13771	6471	25841	8034007	320494af1d7447f7fb1f5193904e337c0d39e24213bf3b7ebf0f3fcfdd34d4de
N516	3	16225	7047	42152	9627348	31f41a24aeff4a7b7476a90bfeb1083c65b862f553a0ee6ce471ff2147215618
N517	3	13265	6223	35902	7891365	d7fa169c2ba8830f7878bf8685db5195cb8fa838f7f56bd4caa23b36892ca272
N518	4	18516	10136	66159	11232676	87e62451592d618688aab0dd3dd850be8a1290ec05c2c5761fa28b1dbf6c011f
N519	2	10044	5281	16602	5795183	780c7618dc554f8d1214663b0f7d35ff6be3be6f3250118e6fc83b053b1979b7
N520	2	10600	5205	17224	6114288	f881116936a82083cbed95bca59a7d4849a18316d9cfabc2cb6cced9caab568a
N521	2	15006	6689	27724	8746258	e2546ab431c9ae37a7bd9834f31330cdcc3e7b5300ddf979b951667079f7014d
N522	2	12454	5797	23286	7263428	3c936a2b9462187526ecaa254f05a99ab2c6b412319dbe45bf64948d44001d67
N523	3	17298	9061	47761	10298621	0da55e0dfed4d5c1db37d6a0665d4bb7606fef917198c578659c0bf5aa98c79a
N524	2	16235	8306	31373	9478005	3a9f18b16af230350cdc7c3fb5bb06a87d9997fa67cb1fa1c2aee8f66be85705
