taxon_id	root_missing_nonsingleton_genes
F1004511	11
F1005962	14
F1006475	160
F100910	26
F101028	16
F101097	58
F101098	29
F101201	26
F1031713	41
F103449	19
F1042133	42
F1042397	19
F104341	63
F104355	47
F104408	9
F104669	4
F1048519	83
F1048829	28
F1048955	97
F1052096	56
F1055551	57
F105984	36
F106004	66
F1069201	108
F1080349	2
F1081669	9
F1093897	98
F1093900	107
F1095194	50
F109760	62
F109876	43
F109889	98
F109899	51
F109932	123
F1099800	16
F110093	83
F1116844	20
F1117311	97
F112072	56
F1123529	155
F112417	252
F1125753	24
F1130053	45
F113071	186
F1141098	81
F114524	1
F114525	0
F1145299	80
F1145321	65
F116603	38
F116794	84
F116821	70
F116982	89
F117179	22
F117187	36
F1174673	69
F1176130	57
F1176355	15
F120017	8
F1209916	11
F1209934	9
F1213189	83
F1214568	208
F121624	31
F1217826	28
F1220207	150
F122368	122
F1230402	127
F1243177	45
F1246581	104
F1269715	26
F1276059	21
F1280837	35
F1286916	37
F129515	72
F1300064	5
F1314805	81
F1323573	75
F1328300	59
F13290	7
F13291	14
F1331295	151
F133377	21
F133385	50
F1341166	46
F1343610	69
F1343614	26
F1348612	328
F13502	8
F135208	137
F135589	41
F136370	53
F139363	256
F1396493	62
F1397036	58
F1419009	57
F1424756	33
F143232	31
F1440133	118
F144530	57
F144538	52
F144539	72
F144679	168
F1453789	58
F1453791	24
F145971	14
F1463510	6
F147570	46
F147573	27
F148304	63
F148305	55
F148313	54
F1498855	108
F1500003	118
F1504668	144
F1506992	588
F1507870	89
F1507873	47
F150792	91
F1520584	82
F1522189	12
F152956	222
F1540922	2
F1542792	35
F1555241	108
F156515	135
F1569628	17
F157183	25
F158046	24
F1590129	64
F1604274	275
F162425	37
F164576	56
F164912	18
F1658444	114
F1670608	51
F1671311	11
F1673888	44
F1682393	135
F1684307	13
F1690604	38
F1690608	96
F169141	52
F170000	208
F170446	134
F1708541	5
F1708542	9
F1712513	56
F173216	19
F1738374	22
F174425	22
F174680	4
F174688	9
F1750568	66
F1754190	12
F1754191	47
F1754192	22
F1759441	309
F177197	109
F177199	31
F1774096	153
F1806994	56
F1810926	53
F1810928	60
F181123	3079
F1814901	27
F182096	73
F1825666	20
F183962	12
F1851185	22
F1851187	40
F1858805	23
F1859096	1
F1859121	2
F1859122	7
F1882483	9
F1890679	15
F1897645	122
F1904413	54
F1907219	17
F1912936	58
F1912939	77
F1938712	103
F1938954	86
F1940652	35
F195108	63
F199306	40
F2019550	10
F2020955	76
F2020962	6
F2024903	33
F202697	105
F202698	65
F2034170	17
F203533	67
F2035830	9
F203908	162
F2082308	17
F208348	79
F208960	72
F209136	126
F209281	152
F2109901	76
F215250	44
F215637	41
F223192	46
F223376	56
F223409	30
F223818	1
F226899	21
F2268995	42
F2282107	31
F2283408	57
F230603	0
F231932	121
F2340872	171
F235537	24
F236234	60
F241526	0
F245174	4
F2486360	152
F253628	54
F2545709	10
F2562287	114
F257869	23
F2600213	32
F2600215	34
F2600216	32
F2601811	28
F2606893	47
F2609844	69
F263815	2
F264124	101
F264483	20
F2650707	47
F265104	80
F2656787	101
F269621	13
F2704026	83
F2725673	115
F27291	0
F27292	82
F2732470	69
F273283	28
F27342	108
F2735257	105
F27376	815
F2748771	95
F2754530	40
F2767002	11
F2778381	22
F2781224	30
F278681	283
F279322	17
F2796175	805
F280036	4
F2813651	34
F281847	115
F2829486	80
F2831993	88
F2834505	17
F28583	78
F2871812	23
F2878321	7
F288795	3
F289078	14
F291195	7
F2918522	37
F293227	109
F2939399	49
F2939400	22
F2939403	25
F2939404	18
F2939405	12
F2939406	74
F2939408	17
F2977754	77
F29833	27
F29883	109
F29889	60
F29898	15
F29899	36
F29902	46
F29908	41
F3038894	61
F3039483	3
F304332	119
F3058885	83
F3060298	69
F3075319	42
F3108450	8
F315204	63
F318760	104
F318763	77
F318774	33
F326681	85
F326684	87
F332112	14
F3342545	100
F3384825	31
F339359	37
F342668	96
F34349	59
F34406	38
F34480	132
F34485	211
F34488	110
F348617	42
F36035	13
F36050	46
F364730	55
F364733	73
F36779	67
F370292	59
F37769	4
F378194	80
F382532	147
F383834	56
F38799	53
F390894	103
F393283	185
F39416	37
F398673	38
F400354	43
F401625	14
F40410	13
F40492	156
F40559	81
F41759	63
F41833	41
F418498	90
F41956	187
F41990	127
F42068	5
F423460	72
F42374	0
F43433	24
F43959	24
F44089	14
F443868	53
F44442	37
F44565	65
F45228	36
F456999	64
F460848	50
F460854	35
F462254	63
F467971	27
F470096	50
F474922	104
F4754	4
F48021	91
F4808	43
F48095	55
F4837	246
F4840	81
F48563	41
F48565	94
F48578	55
F48586	75
F48587	62
F48593	65
F4866	44
F48691	85
F4874	147
F4896	5
F4897	11
F4903	11
F4909	14
F4918	25
F4927	24
F4932	9
F500713	4
F5011	28
F5022	36
F50376	43
F5059	53
F5062	38
F50956	36
F50990	115
F5101	56
F5116	68
F5127	39
F5128	37
F5147	30
F51930	27
F5207	2
F5208	11
F5210	32
F5219	174
F5281	26
F5286	22
F52883	60
F5364	44
F5365	91
F5414	59
F54195	28
F5454	72
F5476	4
F5479	1
F5482	4
F5486	11
F549676	47
F5507	104
F5518	22
F552467	2
F5544	36
F5570	181
F5580	94
F560253	150
F5606	12
F5619	15
F5630	99
F563466	54
F56409	14
F56493	60
F574656	88
F574677	9
F574774	161
F574789	124
F578093	39
F58291	60
F58853	14
F588596	54
F58919	15
F599730	113
F599839	20
F60197	57
F6035	5
F6039	6
F604196	46
F610337	1288
F61273	32
F61395	46
F61397	31
F61424	25
F63146	46
F63378	21
F63402	37
F63577	54
F64504	27
F64505	25
F64508	43
F64517	155
F64525	53
F64526	27
F64571	42
F64632	79
F65468	5
F655981	31
F65672	27
F658196	102
F669869	96
F67723	46
F68786	492
F69979	67
F703497	102
F703506	32
F703511	29
F70536	24
F705562	63
F706196	3
F708070	66
F710243	14
F71933	137
F72144	12
F73868	62
F741139	221
F746128	61
F76012	67
F76775	2
F76777	4
F77020	5
F78915	45
F78921	43
F796027	49
F796604	15
F80663	342
F80884	25
F82268	261
F82508	32
F84751	8
F84753	6
F87287	32
F87326	81
F89243	110
F89922	18
F90408	96
F911321	142
F91480	17
F91625	31
F91930	84
F92988	25
F933333	9
F945690	212
F97331	12
F979620	53
F979690	31
F979761	70
F984962	61
F994334	292
O10228	124
O133409	81
O1890364	288
O192875	158
O225164	148
O2700040	137
O27923	130
O283909	299
O400682	183
O44689	53
O45351	122
O529818	288
O5755	349
O5786	40
O6239	169
O691883	218
O72019	346
O7227	151
O81824	170
O946362	225
OFS1403592	113
OFS5426458	170
OFS5426470	174
OFS5426494	192
OFS5426506	329
