taxon_id	annotation_status	proteins	modeled	without_model	modeled_fraction
F1004511	with_pfam_hit	5677	9	5668	0.0015853443720274794
F1004511	without_pfam_hit	2285	0	2285	0.0
F1005962	with_pfam_hit	4732	118	4614	0.024936601859678782
F1005962	without_pfam_hit	593	1	592	0.0016863406408094434
F1006475	with_pfam_hit	6548	2	6546	0.00030543677458766036
F1006475	without_pfam_hit	3141	0	3141	0.0
F100910	with_pfam_hit	5881	8	5873	0.0013603128719605509
F100910	without_pfam_hit	3159	0	3159	0.0
F101028	with_pfam_hit	9126	217	8909	0.023778216085908393
F101028	without_pfam_hit	3319	2	3317	0.0006025911419102139
F101097	with_pfam_hit	7870	71	7799	0.009021601016518424
F101097	without_pfam_hit	3228	0	3228	0.0
F101098	with_pfam_hit	7767	10	7757	0.0012874983906270116
F101098	without_pfam_hit	4448	0	4448	0.0
F101201	with_pfam_hit	8564	4119	4445	0.4809668379262027
F101201	without_pfam_hit	3293	871	2422	0.2645004555116915
F1031713	with_pfam_hit	5655	3	5652	0.0005305039787798408
F1031713	without_pfam_hit	4337	0	4337	0.0
F103449	with_pfam_hit	1317	58	1259	0.04403948367501898
F103449	without_pfam_hit	1456	22	1434	0.01510989010989011
F1042133	with_pfam_hit	10251	152	10099	0.014827821675934055
F1042133	without_pfam_hit	3421	2	3419	0.0005846243788365975
F1042397	with_pfam_hit	5247	1	5246	0.0001905850962454736
F1042397	without_pfam_hit	1644	0	1644	0.0
F104341	with_pfam_hit	7505	7245	260	0.9653564290473018
F104341	without_pfam_hit	5032	4992	40	0.9920508744038156
F104355	with_pfam_hit	7708	145	7563	0.01881162428645563
F104355	without_pfam_hit	4045	1	4044	0.00024721878862793575
F104408	with_pfam_hit	5144	120	5024	0.02332814930015552
F104408	without_pfam_hit	1739	2	1737	0.0011500862564692352
F104669	with_pfam_hit	5621	5332	289	0.9485856609144281
F104669	without_pfam_hit	2628	2581	47	0.9821156773211568
F1048519	with_pfam_hit	8406	8078	328	0.960980252200809
F1048519	without_pfam_hit	3439	3411	28	0.991858098284385
F1048829	with_pfam_hit	5861	637	5224	0.10868452482511516
F1048829	without_pfam_hit	2965	1025	1940	0.3456998313659359
F1048955	with_pfam_hit	8589	130	8459	0.015135638607521248
F1048955	without_pfam_hit	5095	1	5094	0.00019627085377821394
F1052096	with_pfam_hit	7956	130	7826	0.016339869281045753
F1052096	without_pfam_hit	1748	2	1746	0.0011441647597254005
F1055551	with_pfam_hit	4993	0	4993	0.0
F1055551	without_pfam_hit	2261	0	2261	0.0
F105984	with_pfam_hit	6247	5960	287	0.9540579478149511
F105984	without_pfam_hit	2896	2850	46	0.9841160220994475
F106004	with_pfam_hit	6655	6388	267	0.9598797896318557
F106004	without_pfam_hit	3199	3169	30	0.9906220693966865
F1069201	with_pfam_hit	9543	4315	5228	0.4521638897621293
F1069201	without_pfam_hit	3119	967	2152	0.3100352677140109
F1080349	with_pfam_hit	4962	12	4950	0.0024183796856106408
F1080349	without_pfam_hit	417	0	417	0.0
F1081669	with_pfam_hit	1018	886	132	0.8703339882121808
F1081669	without_pfam_hit	1673	1489	184	0.8900179318589361
F1093897	with_pfam_hit	8455	120	8335	0.014192785334121822
F1093897	without_pfam_hit	2945	1	2944	0.00033955857385398983
F1093900	with_pfam_hit	9684	9201	483	0.9501239157372986
F1093900	without_pfam_hit	2767	2737	30	0.9891579327791832
F1095194	with_pfam_hit	10378	127	10251	0.012237425322798227
F1095194	without_pfam_hit	2950	0	2950	0.0
F109760	with_pfam_hit	6897	6507	390	0.9434536755110918
F109760	without_pfam_hit	2053	2008	45	0.9780808572820263
F109876	with_pfam_hit	6171	5936	235	0.961918651758224
F109876	without_pfam_hit	6583	6530	53	0.9919489594409844
F109889	with_pfam_hit	6440	3	6437	0.0004658385093167702
F109889	without_pfam_hit	2672	0	2672	0.0
F109899	with_pfam_hit	8454	8081	373	0.9558788739058434
F109899	without_pfam_hit	6781	6733	48	0.9929213980238902
F109932	with_pfam_hit	6856	7	6849	0.0010210035005834305
F109932	without_pfam_hit	2842	0	2842	0.0
F1099800	with_pfam_hit	5457	16	5441	0.0029320139270661537
F1099800	without_pfam_hit	1040	0	1040	0.0
F110093	with_pfam_hit	7672	2	7670	0.00026068821689259646
F110093	without_pfam_hit	2997	0	2997	0.0
F1116844	with_pfam_hit	5080	3	5077	0.0005905511811023622
F1116844	without_pfam_hit	1357	0	1357	0.0
F1117311	with_pfam_hit	9071	123	8948	0.013559695733656708
F1117311	without_pfam_hit	11023	0	11023	0.0
F112072	with_pfam_hit	5803	7	5796	0.0012062726176115801
F112072	without_pfam_hit	4608	0	4608	0.0
F1123529	with_pfam_hit	8531	8167	364	0.957332082991443
F1123529	without_pfam_hit	5296	5201	95	0.9820619335347432
F112417	with_pfam_hit	9324	3	9321	0.00032175032175032174
F112417	without_pfam_hit	11001	0	11001	0.0
F1125753	with_pfam_hit	5131	0	5131	0.0
F1125753	without_pfam_hit	936	0	936	0.0
F1130053	with_pfam_hit	7477	3	7474	0.00040123044001604924
F1130053	without_pfam_hit	2159	0	2159	0.0
F113071	with_pfam_hit	9342	7	9335	0.00074930421751231
F113071	without_pfam_hit	10933	0	10933	0.0
F1141098	with_pfam_hit	8771	8451	320	0.9635161327100673
F1141098	without_pfam_hit	3793	3770	23	0.9939361982599525
F114524	with_pfam_hit	5214	120	5094	0.023014959723820484
F114524	without_pfam_hit	389	1	388	0.002570694087403599
F114525	with_pfam_hit	5202	121	5081	0.023260284505959246
F114525	without_pfam_hit	371	1	370	0.0026954177897574125
F1145299	with_pfam_hit	5902	3	5899	0.0005083022704168078
F1145299	without_pfam_hit	2138	0	2138	0.0
F1145321	with_pfam_hit	5903	4	5899	0.000677621548365238
F1145321	without_pfam_hit	2154	0	2154	0.0
F116603	with_pfam_hit	9460	128	9332	0.013530655391120507
F116603	without_pfam_hit	6937	1	6936	0.00014415453366008361
F116794	with_pfam_hit	7409	120	7289	0.016196517748684032
F116794	without_pfam_hit	3161	1	3160	0.00031635558367605187
F116821	with_pfam_hit	6949	4	6945	0.0005756223917110375
F116821	without_pfam_hit	3268	0	3268	0.0
F116982	with_pfam_hit	6981	5	6976	0.0007162297665090961
F116982	without_pfam_hit	2958	0	2958	0.0
F117179	with_pfam_hit	5316	67	5249	0.012603461249059443
F117179	without_pfam_hit	2526	1	2525	0.000395882818685669
F117187	with_pfam_hit	11065	334	10731	0.030185268865793043
F117187	without_pfam_hit	4825	92	4733	0.019067357512953367
F1174673	with_pfam_hit	7089	3	7086	0.00042319085907744394
F1174673	without_pfam_hit	4553	0	4553	0.0
F1176130	with_pfam_hit	7602	125	7477	0.016443041304919758
F1176130	without_pfam_hit	4504	1	4503	0.00022202486678507994
F1176355	with_pfam_hit	1512	405	1107	0.26785714285714285
F1176355	without_pfam_hit	2061	194	1867	0.09412906356137797
F120017	with_pfam_hit	5493	129	5364	0.023484434735117424
F120017	without_pfam_hit	1956	1	1955	0.0005112474437627812
F1209916	with_pfam_hit	10601	440	10161	0.04150551834732572
F1209916	without_pfam_hit	6464	25	6439	0.0038675742574257425
F1209934	with_pfam_hit	10616	364	10252	0.03428786737000754
F1209934	without_pfam_hit	6714	23	6691	0.0034256776884122727
F1213189	with_pfam_hit	4569	4407	162	0.9645436638214051
F1213189	without_pfam_hit	3499	3423	76	0.9782795084309803
F1214568	with_pfam_hit	11347	23	11324	0.002026967480391293
F1214568	without_pfam_hit	4288	0	4288	0.0
F121624	with_pfam_hit	7181	9	7172	0.0012533073388107507
F121624	without_pfam_hit	4881	0	4881	0.0
F1217826	with_pfam_hit	6222	5918	304	0.9511411121825779
F1217826	without_pfam_hit	1979	1964	15	0.9924204143506822
F1220207	with_pfam_hit	10868	125	10743	0.011501656238498343
F1220207	without_pfam_hit	2737	1	2736	0.00036536353671903543
F122368	with_pfam_hit	9185	7247	1938	0.7890038105606968
F122368	without_pfam_hit	3959	2399	1560	0.6059611012882041
F1230402	with_pfam_hit	6680	1	6679	0.0001497005988023952
F1230402	without_pfam_hit	4943	0	4943	0.0
F1243177	with_pfam_hit	9173	0	9173	0.0
F1243177	without_pfam_hit	4007	0	4007	0.0
F1246581	with_pfam_hit	2622	2511	111	0.9576659038901602
F1246581	without_pfam_hit	1144	1119	25	0.9781468531468531
F1269715	with_pfam_hit	5171	11	5160	0.0021272481144846258
F1269715	without_pfam_hit	1840	0	1840	0.0
F1276059	with_pfam_hit	6138	4	6134	0.0006516780710329097
F1276059	without_pfam_hit	2922	0	2922	0.0
F1280837	with_pfam_hit	5329	5051	278	0.9478326139988741
F1280837	without_pfam_hit	2115	2076	39	0.9815602836879432
F1286916	with_pfam_hit	4485	8	4477	0.0017837235228539577
F1286916	without_pfam_hit	1326	0	1326	0.0
F129515	with_pfam_hit	6776	6	6770	0.0008854781582054309
F129515	without_pfam_hit	2615	0	2615	0.0
F1300064	with_pfam_hit	1019	0	1019	0.0
F1300064	without_pfam_hit	1617	0	1617	0.0
F1314805	with_pfam_hit	7327	6	7321	0.0008188890405350075
F1314805	without_pfam_hit	3639	0	3639	0.0
F1323573	with_pfam_hit	7350	1	7349	0.00013605442176870748
F1323573	without_pfam_hit	3784	0	3784	0.0
F1328300	with_pfam_hit	11432	36	11396	0.0031490552834149755
F1328300	without_pfam_hit	2991	0	2991	0.0
F13290	with_pfam_hit	5841	2790	3051	0.4776579352850539
F13290	without_pfam_hit	4063	1096	2967	0.26975141521043566
F13291	with_pfam_hit	5879	1862	4017	0.31672053070250045
F13291	without_pfam_hit	4053	610	3443	0.15050579817419196
F1331295	with_pfam_hit	11476	13	11463	0.0011327988846287905
F1331295	without_pfam_hit	12079	0	12079	0.0
F133377	with_pfam_hit	5477	5136	341	0.9377396384882235
F133377	without_pfam_hit	1908	1851	57	0.970125786163522
F133385	with_pfam_hit	4092	3843	249	0.9391495601173021
F133385	without_pfam_hit	2427	2364	63	0.9740420271940667
F1341166	with_pfam_hit	7061	125	6936	0.017702874946891375
F1341166	without_pfam_hit	2813	1	2812	0.00035549235691432633
F1343610	with_pfam_hit	6939	120	6819	0.01729355814958928
F1343610	without_pfam_hit	2953	1	2952	0.0003386386725364037
F1343614	with_pfam_hit	7644	10	7634	0.0013082155939298796
F1343614	without_pfam_hit	2770	0	2770	0.0
F1348612	with_pfam_hit	12811	11907	904	0.9294356412458044
F1348612	without_pfam_hit	15537	14860	677	0.9564265945806784
F13502	with_pfam_hit	4159	119	4040	0.028612647270978602
F13502	without_pfam_hit	552	1	551	0.0018115942028985507
F135208	with_pfam_hit	6663	5711	952	0.8571214167792286
F135208	without_pfam_hit	4344	3923	421	0.9030847145488029
F135589	with_pfam_hit	7984	3	7981	0.000375751503006012
F135589	without_pfam_hit	1953	0	1953	0.0
F136370	with_pfam_hit	6711	580	6131	0.08642527194158843
F136370	without_pfam_hit	3114	83	3031	0.026653821451509314
F139363	with_pfam_hit	7661	114	7547	0.014880563895052865
F139363	without_pfam_hit	11003	2	11001	0.00018176860856130146
F1396493	with_pfam_hit	6952	9	6943	0.001294591484464902
F1396493	without_pfam_hit	3113	0	3113	0.0
F1397036	with_pfam_hit	6136	4	6132	0.000651890482398957
F1397036	without_pfam_hit	2349	0	2349	0.0
F1419009	with_pfam_hit	6748	109	6639	0.016152934202726735
F1419009	without_pfam_hit	3766	1	3765	0.0002655337227827934
F1424756	with_pfam_hit	4261	0	4261	0.0
F1424756	without_pfam_hit	2360	0	2360	0.0
F143232	with_pfam_hit	6182	118	6064	0.019087673891944355
F143232	without_pfam_hit	3291	1	3290	0.00030385900941962927
F1440133	with_pfam_hit	7518	107	7411	0.014232508645916467
F1440133	without_pfam_hit	5382	0	5382	0.0
F144530	with_pfam_hit	7078	122	6956	0.01723650748799096
F144530	without_pfam_hit	6612	0	6612	0.0
F144538	with_pfam_hit	6533	123	6410	0.018827491198530538
F144538	without_pfam_hit	5309	0	5309	0.0
F144539	with_pfam_hit	6247	114	6133	0.01824875940451417
F144539	without_pfam_hit	5138	1	5137	0.00019462826002335538
F144679	with_pfam_hit	7233	120	7113	0.01659062629614268
F144679	without_pfam_hit	7409	1	7408	0.00013497098123903362
F1453789	with_pfam_hit	6381	4	6377	0.0006268609935746748
F1453789	without_pfam_hit	2310	0	2310	0.0
F1453791	with_pfam_hit	5907	5	5902	0.0008464533604198408
F1453791	without_pfam_hit	1814	0	1814	0.0
F145971	with_pfam_hit	9934	340	9594	0.03422589087980672
F145971	without_pfam_hit	8346	14	8332	0.0016774502755811168
F1463510	with_pfam_hit	4927	4	4923	0.0008118530545971179
F1463510	without_pfam_hit	1686	0	1686	0.0
F147570	with_pfam_hit	7600	132	7468	0.017368421052631578
F147570	without_pfam_hit	3074	0	3074	0.0
F147573	with_pfam_hit	5202	123	5079	0.02364475201845444
F147573	without_pfam_hit	2354	1	2353	0.0004248088360237893
F148304	with_pfam_hit	7353	6475	878	0.880592955256358
F148304	without_pfam_hit	4810	4391	419	0.9128898128898129
F148305	with_pfam_hit	8170	131	8039	0.016034271725826194
F148305	without_pfam_hit	4271	1	4270	0.00023413720440177945
F148313	with_pfam_hit	8065	3	8062	0.0003719776813391197
F148313	without_pfam_hit	2308	0	2308	0.0
F1498855	with_pfam_hit	5257	0	5257	0.0
F1498855	without_pfam_hit	2239	0	2239	0.0
F1500003	with_pfam_hit	7181	1	7180	0.0001392563709789723
F1500003	without_pfam_hit	3669	0	3669	0.0
F1504668	with_pfam_hit	9623	125	9498	0.012989712147978802
F1504668	without_pfam_hit	3178	1	3177	0.00031466331025802394
F1506992	with_pfam_hit	16178	4	16174	0.0002472493509704537
F1506992	without_pfam_hit	7102	0	7102	0.0
F1507870	with_pfam_hit	13845	13198	647	0.9532683279162152
F1507870	without_pfam_hit	4936	4875	61	0.9876418152350082
F1507873	with_pfam_hit	5501	1	5500	0.00018178512997636792
F1507873	without_pfam_hit	2271	0	2271	0.0
F150792	with_pfam_hit	8338	3	8335	0.00035979851283281364
F150792	without_pfam_hit	6680	0	6680	0.0
F1520584	with_pfam_hit	5044	94	4950	0.018636003172085646
F1520584	without_pfam_hit	1785	2	1783	0.0011204481792717086
F1522189	with_pfam_hit	5062	4682	380	0.924930857368629
F1522189	without_pfam_hit	2760	2672	88	0.9681159420289855
F152956	with_pfam_hit	7925	6	7919	0.0007570977917981072
F152956	without_pfam_hit	4137	0	4137	0.0
F1540922	with_pfam_hit	3534	3240	294	0.9168081494057725
F1540922	without_pfam_hit	581	576	5	0.9913941480206541
F1542792	with_pfam_hit	5583	1	5582	0.00017911517105498835
F1542792	without_pfam_hit	2138	0	2138	0.0
F1555241	with_pfam_hit	4370	4050	320	0.9267734553775744
F1555241	without_pfam_hit	1798	1653	145	0.9193548387096774
F156515	with_pfam_hit	10186	9928	258	0.9746711172197133
F156515	without_pfam_hit	9359	9314	45	0.995191793995085
F1569628	with_pfam_hit	4781	4436	345	0.9278393641497594
F1569628	without_pfam_hit	2077	2006	71	0.9658160808858931
F157183	with_pfam_hit	5873	2588	3285	0.44066065043419034
F157183	without_pfam_hit	4307	974	3333	0.22614348734618064
F158046	with_pfam_hit	5802	5482	320	0.9448466046190969
F158046	without_pfam_hit	1105	1089	16	0.9855203619909503
F1590129	with_pfam_hit	7117	6	7111	0.0008430518476886329
F1590129	without_pfam_hit	2533	0	2533	0.0
F1604274	with_pfam_hit	8560	1	8559	0.00011682242990654206
F1604274	without_pfam_hit	7330	0	7330	0.0
F162425	with_pfam_hit	8224	155	8069	0.01884727626459144
F162425	without_pfam_hit	2229	2	2227	0.0008972633467922835
F164576	with_pfam_hit	6030	3	6027	0.0004975124378109452
F164576	without_pfam_hit	1626	0	1626	0.0
F164912	with_pfam_hit	1543	0	1543	0.0
F164912	without_pfam_hit	1322	0	1322	0.0
F1658444	with_pfam_hit	10566	61	10505	0.0057732349044103725
F1658444	without_pfam_hit	3363	0	3363	0.0
F1670608	with_pfam_hit	5701	118	5583	0.02069812313629188
F1670608	without_pfam_hit	1945	1	1944	0.0005141388174807198
F1671311	with_pfam_hit	10812	423	10389	0.03912319644839068
F1671311	without_pfam_hit	6411	22	6389	0.0034316019341756356
F1673888	with_pfam_hit	5289	1	5288	0.00018907165815844205
F1673888	without_pfam_hit	2769	0	2769	0.0
F1682393	with_pfam_hit	10614	127	10487	0.011965328811004334
F1682393	without_pfam_hit	5409	1	5408	0.00018487705675725643
F1684307	with_pfam_hit	4811	4476	335	0.9303679068800665
F1684307	without_pfam_hit	1870	1816	54	0.9711229946524064
F1690604	with_pfam_hit	6701	30	6671	0.004476943739740337
F1690604	without_pfam_hit	2039	0	2039	0.0
F1690608	with_pfam_hit	8191	126	8065	0.01538273715053107
F1690608	without_pfam_hit	3014	2	3012	0.0006635700066357001
F169141	with_pfam_hit	6550	4	6546	0.0006106870229007634
F169141	without_pfam_hit	3408	0	3408	0.0
F170000	with_pfam_hit	8609	119	8490	0.013822743640376351
F170000	without_pfam_hit	11008	36	10972	0.0032703488372093025
F170446	with_pfam_hit	18871	6	18865	0.00031794817444756504
F170446	without_pfam_hit	10145	0	10145	0.0
F1708541	with_pfam_hit	4307	126	4181	0.02925470164847922
F1708541	without_pfam_hit	970	3	967	0.003092783505154639
F1708542	with_pfam_hit	4242	17	4225	0.004007543611504008
F1708542	without_pfam_hit	845	0	845	0.0
F1712513	with_pfam_hit	4576	4522	54	0.9881993006993007
F1712513	without_pfam_hit	1542	1530	12	0.9922178988326849
F173216	with_pfam_hit	8615	251	8364	0.02913522925130586
F173216	without_pfam_hit	2383	6	2377	0.002517834662190516
F1738374	with_pfam_hit	9700	532	9168	0.05484536082474227
F1738374	without_pfam_hit	3363	51	3312	0.015165031222123104
F174425	with_pfam_hit	4724	2	4722	0.0004233700254022015
F174425	without_pfam_hit	1545	0	1545	0.0
F174680	with_pfam_hit	1218	0	1218	0.0
F174680	without_pfam_hit	1113	0	1113	0.0
F174688	with_pfam_hit	1412	0	1412	0.0
F174688	without_pfam_hit	2125	0	2125	0.0
F1750568	with_pfam_hit	8208	0	8208	0.0
F1750568	without_pfam_hit	8746	0	8746	0.0
F1754190	with_pfam_hit	13066	38	13028	0.0029083116485534976
F1754190	without_pfam_hit	7134	7	7127	0.0009812167087188113
F1754191	with_pfam_hit	7310	6791	519	0.9290013679890561
F1754191	without_pfam_hit	3649	3472	177	0.951493559879419
F1754192	with_pfam_hit	8321	7719	602	0.9276529263309699
F1754192	without_pfam_hit	4502	4287	215	0.9522434473567304
F1759441	with_pfam_hit	14831	13488	1343	0.9094464297754703
F1759441	without_pfam_hit	18016	16895	1121	0.9377775310834814
F177197	with_pfam_hit	8942	8596	346	0.961306195481995
F177197	without_pfam_hit	4716	4688	28	0.9940627650551315
F177199	with_pfam_hit	7248	6913	335	0.9537803532008831
F177199	without_pfam_hit	2287	2246	41	0.9820725841714036
F1774096	with_pfam_hit	6557	1	6556	0.00015250876925423213
F1774096	without_pfam_hit	3775	0	3775	0.0
F1806994	with_pfam_hit	5689	5291	398	0.9300404288978731
F1806994	without_pfam_hit	615	602	13	0.9788617886178862
F1810926	with_pfam_hit	9500	5	9495	0.0005263157894736842
F1810926	without_pfam_hit	3036	0	3036	0.0
F1810928	with_pfam_hit	8699	2	8697	0.00022991148407862974
F1810928	without_pfam_hit	3099	0	3099	0.0
F181123	with_pfam_hit	41811	121	41690	0.0028939752696658773
F181123	without_pfam_hit	92162	1	92161	1.0850458974414618e-05
F1814901	with_pfam_hit	6609	8	6601	0.0012104705704342564
F1814901	without_pfam_hit	3919	0	3919	0.0
F182096	with_pfam_hit	7859	124	7735	0.015778088815370912
F182096	without_pfam_hit	2470	1	2469	0.0004048582995951417
F1825666	with_pfam_hit	5625	107	5518	0.01902222222222222
F1825666	without_pfam_hit	3029	1	3028	0.0003301419610432486
F183962	with_pfam_hit	5401	5	5396	0.0009257544899092761
F183962	without_pfam_hit	2256	0	2256	0.0
F1851185	with_pfam_hit	5697	5	5692	0.000877654906090925
F1851185	without_pfam_hit	2335	0	2335	0.0
F1851187	with_pfam_hit	5927	6	5921	0.0010123165176311793
F1851187	without_pfam_hit	2917	0	2917	0.0
F1858805	with_pfam_hit	6664	125	6539	0.01875750300120048
F1858805	without_pfam_hit	3573	1	3572	0.000279876854184159
F1859096	with_pfam_hit	5056	2353	2703	0.4653876582278481
F1859096	without_pfam_hit	1352	568	784	0.42011834319526625
F1859121	with_pfam_hit	5091	144	4947	0.02828520919269299
F1859121	without_pfam_hit	1555	12	1543	0.0077170418006430866
F1859122	with_pfam_hit	5005	118	4887	0.023576423576423578
F1859122	without_pfam_hit	1552	6	1546	0.003865979381443299
F1882483	with_pfam_hit	4799	4374	425	0.9114398833090227
F1882483	without_pfam_hit	2270	2208	62	0.9726872246696036
F1890679	with_pfam_hit	5200	3	5197	0.000576923076923077
F1890679	without_pfam_hit	1858	0	1858	0.0
F1897645	with_pfam_hit	8484	3	8481	0.0003536067892503536
F1897645	without_pfam_hit	4855	0	4855	0.0
F1904413	with_pfam_hit	9253	13	9240	0.001404949746028315
F1904413	without_pfam_hit	6275	0	6275	0.0
F1907219	with_pfam_hit	3095	3045	50	0.9838449111470113
F1907219	without_pfam_hit	1206	1196	10	0.9917081260364843
F1912936	with_pfam_hit	9450	130	9320	0.013756613756613757
F1912936	without_pfam_hit	7059	1	7058	0.00014166312508853945
F1912939	with_pfam_hit	10418	122	10296	0.011710501055864849
F1912939	without_pfam_hit	8092	1	8091	0.00012357884330202668
F1938712	with_pfam_hit	9073	1	9072	0.00011021712774165106
F1938712	without_pfam_hit	8517	0	8517	0.0
F1938954	with_pfam_hit	4690	4303	387	0.9174840085287846
F1938954	without_pfam_hit	1029	1021	8	0.9922254616132167
F1940652	with_pfam_hit	6352	119	6233	0.01873425692695214
F1940652	without_pfam_hit	1948	1	1947	0.000513347022587269
F195108	with_pfam_hit	11570	71	11499	0.006136560069144339
F195108	without_pfam_hit	3004	0	3004	0.0
F199306	with_pfam_hit	6313	0	6313	0.0
F199306	without_pfam_hit	1986	0	1986	0.0
F2019550	with_pfam_hit	5763	4	5759	0.0006940829429116779
F2019550	without_pfam_hit	1742	0	1742	0.0
F2020955	with_pfam_hit	4783	0	4783	0.0
F2020955	without_pfam_hit	4585	0	4585	0.0
F2020962	with_pfam_hit	3402	1539	1863	0.4523809523809524
F2020962	without_pfam_hit	562	208	354	0.3701067615658363
F2024903	with_pfam_hit	5456	5	5451	0.0009164222873900294
F2024903	without_pfam_hit	2403	0	2403	0.0
F202697	with_pfam_hit	9027	8727	300	0.9667663675639747
F202697	without_pfam_hit	7348	7301	47	0.993603701687534
F202698	with_pfam_hit	7677	22	7655	0.0028657027484694543
F202698	without_pfam_hit	3860	0	3860	0.0
F2034170	with_pfam_hit	9380	604	8776	0.06439232409381664
F2034170	without_pfam_hit	2210	36	2174	0.016289592760180997
F203533	with_pfam_hit	6378	0	6378	0.0
F203533	without_pfam_hit	6886	0	6886	0.0
F2035830	with_pfam_hit	6428	5	6423	0.0007778469197261979
F2035830	without_pfam_hit	1858	0	1858	0.0
F203908	with_pfam_hit	6604	127	6477	0.019230769230769232
F203908	without_pfam_hit	9651	1	9650	0.00010361620557455187
F2082308	with_pfam_hit	6603	6312	291	0.9559291231258519
F2082308	without_pfam_hit	1653	1628	25	0.984875983061101
F208348	with_pfam_hit	6031	2110	3921	0.3498590615155032
F208348	without_pfam_hit	6705	1146	5559	0.17091722595078299
F208960	with_pfam_hit	7289	3	7286	0.00041157909178213747
F208960	without_pfam_hit	4041	0	4041	0.0
F209136	with_pfam_hit	7284	127	7157	0.017435475013728722
F209136	without_pfam_hit	3569	1	3568	0.0002801905295601009
F209281	with_pfam_hit	8085	4	8081	0.000494743351886209
F209281	without_pfam_hit	3310	0	3310	0.0
F2109901	with_pfam_hit	3924	0	3924	0.0
F2109901	without_pfam_hit	3296	0	3296	0.0
F215250	with_pfam_hit	5838	5459	379	0.9350805070229531
F215250	without_pfam_hit	2188	2129	59	0.9730347349177331
F215637	with_pfam_hit	5021	1152	3869	0.22943636725751843
F215637	without_pfam_hit	2081	459	1622	0.2205670350792888
F223192	with_pfam_hit	7213	123	7090	0.017052544017745738
F223192	without_pfam_hit	1621	1	1620	0.0006169031462060457
F223376	with_pfam_hit	6381	4	6377	0.0006268609935746748
F223376	without_pfam_hit	4042	0	4042	0.0
F223409	with_pfam_hit	5969	4	5965	0.0006701289998324678
F223409	without_pfam_hit	1772	0	1772	0.0
F223818	with_pfam_hit	3727	117	3610	0.031392540917628116
F223818	without_pfam_hit	588	1	587	0.0017006802721088435
F226899	with_pfam_hit	6546	115	6431	0.01756798044607394
F226899	without_pfam_hit	1765	1	1764	0.0005665722379603399
F2268995	with_pfam_hit	5233	0	5233	0.0
F2268995	without_pfam_hit	1054	0	1054	0.0
F2282107	with_pfam_hit	6876	4098	2778	0.5959860383944153
F2282107	without_pfam_hit	3054	1963	1091	0.6427635887360839
F2283408	with_pfam_hit	10323	34	10289	0.0032936161968420033
F2283408	without_pfam_hit	2805	0	2805	0.0
F230603	with_pfam_hit	5138	13	5125	0.00253016738030362
F230603	without_pfam_hit	394	0	394	0.0
F231932	with_pfam_hit	8153	121	8032	0.014841162762173433
F231932	without_pfam_hit	5765	1	5764	0.00017346053772766696
F2340872	with_pfam_hit	5869	1	5868	0.0001703867779860283
F2340872	without_pfam_hit	3349	1	3348	0.00029859659599880563
F235537	with_pfam_hit	6948	6700	248	0.9643062751871042
F235537	without_pfam_hit	3398	3370	28	0.9917598587404356
F236234	with_pfam_hit	8273	7875	398	0.9518916958781579
F236234	without_pfam_hit	2558	2503	55	0.9784988272087568
F241526	with_pfam_hit	2557	135	2422	0.05279624560031287
F241526	without_pfam_hit	293	13	280	0.04436860068259386
F245174	with_pfam_hit	3984	121	3863	0.0303714859437751
F245174	without_pfam_hit	879	3	876	0.0034129692832764505
F2486360	with_pfam_hit	9055	68	8987	0.007509663169519602
F2486360	without_pfam_hit	2290	0	2290	0.0
F253628	with_pfam_hit	7576	7300	276	0.9635691657866948
F253628	without_pfam_hit	2242	2217	25	0.9888492417484389
F2545709	with_pfam_hit	4486	120	4366	0.026749888542131076
F2545709	without_pfam_hit	612	0	612	0.0
F2562287	with_pfam_hit	7994	2	7992	0.0002501876407305479
F2562287	without_pfam_hit	6668	0	6668	0.0
F257869	with_pfam_hit	5335	0	5335	0.0
F257869	without_pfam_hit	1762	0	1762	0.0
F2600213	with_pfam_hit	6644	1	6643	0.00015051173991571343
F2600213	without_pfam_hit	5740	0	5740	0.0
F2600215	with_pfam_hit	6653	2	6651	0.0003006162633398467
F2600215	without_pfam_hit	5389	0	5389	0.0
F2600216	with_pfam_hit	6611	1	6610	0.00015126304643775526
F2600216	without_pfam_hit	5408	0	5408	0.0
F2601811	with_pfam_hit	7004	134	6870	0.019131924614505996
F2601811	without_pfam_hit	2399	1	2398	0.00041684035014589413
F2606893	with_pfam_hit	5049	4629	420	0.916815210932858
F2606893	without_pfam_hit	1426	1316	110	0.9228611500701263
F2609844	with_pfam_hit	7764	3	7761	0.0003863987635239567
F2609844	without_pfam_hit	3376	0	3376	0.0
F263815	with_pfam_hit	3249	188	3061	0.057863958140966454
F263815	without_pfam_hit	374	53	321	0.14171122994652408
F264124	with_pfam_hit	9080	8782	298	0.9671806167400882
F264124	without_pfam_hit	7422	7377	45	0.9939369442198869
F264483	with_pfam_hit	4851	23	4828	0.00474129045557617
F264483	without_pfam_hit	1529	0	1529	0.0
F2650707	with_pfam_hit	4736	94	4642	0.01984797297297297
F2650707	without_pfam_hit	1476	0	1476	0.0
F265104	with_pfam_hit	6879	2	6877	0.00029073993312981537
F265104	without_pfam_hit	2923	0	2923	0.0
F2656787	with_pfam_hit	8092	7692	400	0.9505684626791894
F2656787	without_pfam_hit	2615	2589	26	0.990057361376673
F269621	with_pfam_hit	5718	5266	452	0.9209513816019588
F269621	without_pfam_hit	2424	2386	38	0.9843234323432343
F2704026	with_pfam_hit	7356	4	7352	0.000543773790103317
F2704026	without_pfam_hit	2795	0	2795	0.0
F2725673	with_pfam_hit	6395	2	6393	0.0003127443315089914
F2725673	without_pfam_hit	3639	0	3639	0.0
F27291	with_pfam_hit	5152	10	5142	0.0019409937888198758
F27291	without_pfam_hit	386	0	386	0.0
F27292	with_pfam_hit	9916	65	9851	0.006555062525211779
F27292	without_pfam_hit	844	0	844	0.0
F2732470	with_pfam_hit	6171	2	6169	0.00032409658078107277
F2732470	without_pfam_hit	3057	0	3057	0.0
F273283	with_pfam_hit	5922	4	5918	0.0006754474839581223
F273283	without_pfam_hit	1500	0	1500	0.0
F27342	with_pfam_hit	9131	8813	318	0.9651735844923885
F27342	without_pfam_hit	7957	7913	44	0.9944702777428679
F2735257	with_pfam_hit	7221	4	7217	0.000553939897521119
F2735257	without_pfam_hit	4057	0	4057	0.0
F27376	with_pfam_hit	6399	1	6398	0.0001562744178777934
F27376	without_pfam_hit	8106	0	8106	0.0
F2748771	with_pfam_hit	14683	34	14649	0.002315603078389975
F2748771	without_pfam_hit	8099	1	8098	0.00012347203358439315
F2754530	with_pfam_hit	4939	4783	156	0.9684146588378214
F2754530	without_pfam_hit	1783	1778	5	0.997195737521032
F2767002	with_pfam_hit	14712	34	14678	0.002311038607939097
F2767002	without_pfam_hit	12963	0	12963	0.0
F2778381	with_pfam_hit	4552	0	4552	0.0
F2778381	without_pfam_hit	1543	0	1543	0.0
F2781224	with_pfam_hit	6234	14	6220	0.002245749117741418
F2781224	without_pfam_hit	1105	0	1105	0.0
F278681	with_pfam_hit	3971	50	3921	0.012591286829513977
F278681	without_pfam_hit	4489	4	4485	0.0008910670527957229
F279322	with_pfam_hit	5673	124	5549	0.02185792349726776
F279322	without_pfam_hit	2080	1	2079	0.0004807692307692308
F2796175	with_pfam_hit	5986	3	5983	0.0005011693952555964
F2796175	without_pfam_hit	3080	0	3080	0.0
F280036	with_pfam_hit	5261	4841	420	0.9201672685801179
F280036	without_pfam_hit	1330	1269	61	0.9541353383458646
F2813651	with_pfam_hit	7410	150	7260	0.020242914979757085
F2813651	without_pfam_hit	4069	2	4067	0.0004915212582944212
F281847	with_pfam_hit	4027	3755	272	0.9324559225229699
F281847	without_pfam_hit	2323	2138	185	0.9203616013775291
F2829486	with_pfam_hit	8666	2	8664	0.00023078698361412417
F2829486	without_pfam_hit	5933	0	5933	0.0
F2831993	with_pfam_hit	8091	1254	6837	0.1549870226177234
F2831993	without_pfam_hit	5525	1450	4075	0.26244343891402716
F2834505	with_pfam_hit	7785	7529	256	0.9671162491971741
F2834505	without_pfam_hit	5284	5248	36	0.9931869795609387
F28583	with_pfam_hit	12310	11725	585	0.9524776604386678
F28583	without_pfam_hit	6464	6370	94	0.9854579207920792
F2871812	with_pfam_hit	5945	7	5938	0.0011774600504625735
F2871812	without_pfam_hit	1943	0	1943	0.0
F2878321	with_pfam_hit	4839	4	4835	0.0008266170696424882
F2878321	without_pfam_hit	1495	0	1495	0.0
F288795	with_pfam_hit	5329	392	4937	0.07355976731094013
F288795	without_pfam_hit	2035	62	1973	0.030466830466830467
F289078	with_pfam_hit	6396	5208	1188	0.8142589118198874
F289078	without_pfam_hit	4191	3721	470	0.8878549272250059
F291195	with_pfam_hit	1347	784	563	0.5820341499628805
F291195	without_pfam_hit	1666	1240	426	0.7442977190876351
F2918522	with_pfam_hit	6158	6	6152	0.000974342318934719
F2918522	without_pfam_hit	1787	0	1787	0.0
F293227	with_pfam_hit	8777	125	8652	0.014241768257946907
F293227	without_pfam_hit	2317	2	2315	0.0008631851532153647
F2939399	with_pfam_hit	6782	2	6780	0.0002948982601002654
F2939399	without_pfam_hit	1715	0	1715	0.0
F2939400	with_pfam_hit	5822	2	5820	0.00034352456200618345
F2939400	without_pfam_hit	1810	0	1810	0.0
F2939403	with_pfam_hit	5730	4	5726	0.0006980802792321117
F2939403	without_pfam_hit	1777	0	1777	0.0
F2939404	with_pfam_hit	5049	4	5045	0.0007922360863537334
F2939404	without_pfam_hit	1200	0	1200	0.0
F2939405	with_pfam_hit	5271	5	5266	0.0009485866059571238
F2939405	without_pfam_hit	1622	0	1622	0.0
F2939406	with_pfam_hit	8005	8	7997	0.0009993753903810119
F2939406	without_pfam_hit	2884	0	2884	0.0
F2939408	with_pfam_hit	5162	4	5158	0.0007748934521503294
F2939408	without_pfam_hit	1446	0	1446	0.0
F2977754	with_pfam_hit	6852	4	6848	0.0005837711617046118
F2977754	without_pfam_hit	2689	0	2689	0.0
F29833	with_pfam_hit	3268	590	2678	0.18053855569155447
F29833	without_pfam_hit	736	79	657	0.10733695652173914
F29883	with_pfam_hit	7905	167	7738	0.021125869702719798
F29883	without_pfam_hit	10308	2	10306	0.00019402405898331392
F29889	with_pfam_hit	7728	7502	226	0.9707556935817805
F29889	without_pfam_hit	5424	5384	40	0.9926253687315634
F29898	with_pfam_hit	5349	5100	249	0.9534492428491307
F29898	without_pfam_hit	1873	1824	49	0.9738387613454351
F29899	with_pfam_hit	5639	1	5638	0.00017733640716439085
F29899	without_pfam_hit	2167	0	2167	0.0
F29902	with_pfam_hit	6007	1	6006	0.000166472448809722
F29902	without_pfam_hit	3501	0	3501	0.0
F29908	with_pfam_hit	7110	40	7070	0.005625879043600563
F29908	without_pfam_hit	3167	0	3167	0.0
F3038894	with_pfam_hit	5698	4	5694	0.000702000702000702
F3038894	without_pfam_hit	3832	0	3832	0.0
F3039483	with_pfam_hit	1182	0	1182	0.0
F3039483	without_pfam_hit	644	0	644	0.0
F304332	with_pfam_hit	5762	0	5762	0.0
F304332	without_pfam_hit	3460	0	3460	0.0
F3058885	with_pfam_hit	5989	4	5985	0.0006678911337451996
F3058885	without_pfam_hit	2550	0	2550	0.0
F3060298	with_pfam_hit	6642	3	6639	0.00045167118337850043
F3060298	without_pfam_hit	2688	0	2688	0.0
F3075319	with_pfam_hit	6323	4	6319	0.0006326111023248458
F3075319	without_pfam_hit	2374	0	2374	0.0
F3108450	with_pfam_hit	14423	37	14386	0.002565347015184081
F3108450	without_pfam_hit	9240	0	9240	0.0
F315204	with_pfam_hit	6715	2	6713	0.0002978406552494416
F315204	without_pfam_hit	2829	0	2829	0.0
F318760	with_pfam_hit	6937	7	6930	0.0010090817356205853
F318760	without_pfam_hit	2207	0	2207	0.0
F318763	with_pfam_hit	7372	8	7364	0.0010851871947911015
F318763	without_pfam_hit	3438	0	3438	0.0
F318774	with_pfam_hit	4918	3	4915	0.0006100040666937779
F318774	without_pfam_hit	2826	0	2826	0.0
F326681	with_pfam_hit	9099	6	9093	0.0006594131223211342
F326681	without_pfam_hit	2897	0	2897	0.0
F326684	with_pfam_hit	8955	6	8949	0.0006700167504187605
F326684	without_pfam_hit	3164	0	3164	0.0
F332112	with_pfam_hit	8306	85	8221	0.010233566096797497
F332112	without_pfam_hit	837	1	836	0.0011947431302270011
F3342545	with_pfam_hit	8242	59	8183	0.007158456685270566
F3342545	without_pfam_hit	2511	1	2510	0.00039824771007566706
F3384825	with_pfam_hit	6320	3	6317	0.00047468354430379745
F3384825	without_pfam_hit	2009	0	2009	0.0
F339359	with_pfam_hit	6940	120	6820	0.01729106628242075
F339359	without_pfam_hit	3729	2	3727	0.0005363368195226602
F342668	with_pfam_hit	8397	8057	340	0.9595093485768726
F342668	without_pfam_hit	2288	2258	30	0.9868881118881119
F34349	with_pfam_hit	4859	96	4763	0.019757151677299856
F34349	without_pfam_hit	1979	0	1979	0.0
F34406	with_pfam_hit	10732	309	10423	0.028792396571002608
F34406	without_pfam_hit	4895	16	4879	0.003268641470888662
F34480	with_pfam_hit	13063	45	13018	0.003444844216489321
F34480	without_pfam_hit	4979	0	4979	0.0
F34485	with_pfam_hit	15021	0	15021	0.0
F34485	without_pfam_hit	23896	0	23896	0.0
F34488	with_pfam_hit	6612	6484	128	0.9806412583182094
F34488	without_pfam_hit	3956	3943	13	0.9967138523761375
F348617	with_pfam_hit	3621	0	3621	0.0
F348617	without_pfam_hit	1832	0	1832	0.0
F36035	with_pfam_hit	4437	1811	2626	0.40815866576515664
F36035	without_pfam_hit	589	108	481	0.1833616298811545
F36050	with_pfam_hit	9767	4089	5678	0.4186546534247978
F36050	without_pfam_hit	4084	1021	3063	0.25
F364730	with_pfam_hit	6770	32	6738	0.004726735598227474
F364730	without_pfam_hit	2134	0	2134	0.0
F364733	with_pfam_hit	6698	114	6584	0.01702000597193192
F364733	without_pfam_hit	2540	0	2540	0.0
F36779	with_pfam_hit	8257	155	8102	0.018771951071817852
F36779	without_pfam_hit	6201	1	6200	0.00016126431220770844
F370292	with_pfam_hit	7203	5	7198	0.0006941552131056504
F370292	without_pfam_hit	5437	0	5437	0.0
F37769	with_pfam_hit	4969	227	4742	0.045683236063594285
F37769	without_pfam_hit	1596	9	1587	0.005639097744360902
F378194	with_pfam_hit	8560	8	8552	0.0009345794392523365
F378194	without_pfam_hit	5201	0	5201	0.0
F382532	with_pfam_hit	7712	1	7711	0.00012966804979253112
F382532	without_pfam_hit	3822	0	3822	0.0
F383834	with_pfam_hit	5850	2	5848	0.0003418803418803419
F383834	without_pfam_hit	1469	0	1469	0.0
F38799	with_pfam_hit	7791	7539	252	0.967654986522911
F38799	without_pfam_hit	5364	5342	22	0.9958985831469053
F390894	with_pfam_hit	9656	5557	4099	0.5754971002485502
F390894	without_pfam_hit	5494	3225	2269	0.5870040043684019
F393283	with_pfam_hit	11923	141	11782	0.01182588274763063
F393283	without_pfam_hit	3490	2	3488	0.0005730659025787965
F39416	with_pfam_hit	5430	119	5311	0.021915285451197055
F39416	without_pfam_hit	1990	0	1990	0.0
F398673	with_pfam_hit	8506	8113	393	0.9537973195391488
F398673	without_pfam_hit	2665	2638	27	0.9898686679174484
F400354	with_pfam_hit	6186	4	6182	0.0006466214031684449
F400354	without_pfam_hit	1931	0	1931	0.0
F401625	with_pfam_hit	4904	4467	437	0.910889070146819
F401625	without_pfam_hit	3118	2992	126	0.9595894804361771
F40410	with_pfam_hit	5262	385	4877	0.07316609654123907
F40410	without_pfam_hit	1370	303	1067	0.22116788321167882
F40492	with_pfam_hit	8982	15	8967	0.0016700066800267202
F40492	without_pfam_hit	5080	1	5079	0.0001968503937007874
F40559	with_pfam_hit	8418	7919	499	0.9407222618199097
F40559	without_pfam_hit	3280	3213	67	0.9795731707317074
F41759	with_pfam_hit	9458	4	9454	0.00042292239374074856
F41759	without_pfam_hit	3355	0	3355	0.0
F41833	with_pfam_hit	7603	121	7482	0.015914770485334736
F41833	without_pfam_hit	2312	0	2312	0.0
F418498	with_pfam_hit	7469	13	7456	0.00174052751372339
F418498	without_pfam_hit	4054	0	4054	0.0
F41956	with_pfam_hit	8718	352	8366	0.04037623308098188
F41956	without_pfam_hit	7073	49	7024	0.006927753428531034
F41990	with_pfam_hit	10031	127	9904	0.012660751669823547
F41990	without_pfam_hit	2509	1	2508	0.00039856516540454366
F42068	with_pfam_hit	3309	3201	108	0.9673617407071623
F42068	without_pfam_hit	452	452	0	1.0
F423460	with_pfam_hit	12297	12000	297	0.9758477677482312
F423460	without_pfam_hit	3813	3794	19	0.995017046944663
F42374	with_pfam_hit	5005	170	4835	0.03396603396603397
F42374	without_pfam_hit	854	3	851	0.00351288056206089
F43433	with_pfam_hit	6621	3	6618	0.00045310376076121433
F43433	without_pfam_hit	3791	0	3791	0.0
F43959	with_pfam_hit	5096	122	4974	0.023940345368916798
F43959	without_pfam_hit	1323	1	1322	0.0007558578987150416
F44089	with_pfam_hit	4796	0	4796	0.0
F44089	without_pfam_hit	824	0	824	0.0
F443868	with_pfam_hit	6395	2	6393	0.0003127443315089914
F443868	without_pfam_hit	1935	0	1935	0.0
F44442	with_pfam_hit	6698	1	6697	0.00014929829799940282
F44442	without_pfam_hit	1542	0	1542	0.0
F44565	with_pfam_hit	5304	1	5303	0.0001885369532428356
F44565	without_pfam_hit	2442	0	2442	0.0
F45228	with_pfam_hit	5182	0	5182	0.0
F45228	without_pfam_hit	2476	0	2476	0.0
F456999	with_pfam_hit	8793	9	8784	0.0010235414534288639
F456999	without_pfam_hit	3508	0	3508	0.0
F460848	with_pfam_hit	5793	5	5788	0.0008631106507854307
F460848	without_pfam_hit	2270	0	2270	0.0
F460854	with_pfam_hit	5660	5	5655	0.0008833922261484099
F460854	without_pfam_hit	2530	0	2530	0.0
F462254	with_pfam_hit	7949	7643	306	0.96150459177255
F462254	without_pfam_hit	4582	4548	34	0.99257965953732
F467971	with_pfam_hit	7916	7652	264	0.9666498231430015
F467971	without_pfam_hit	5735	5698	37	0.9935483870967742
F470096	with_pfam_hit	7726	1520	6206	0.1967382863059798
F470096	without_pfam_hit	3492	27	3465	0.007731958762886598
F474922	with_pfam_hit	11605	129	11476	0.01111589831968979
F474922	without_pfam_hit	3763	2	3761	0.0005314908317831517
F4754	with_pfam_hit	3277	3167	110	0.9664327128471163
F4754	without_pfam_hit	369	369	0	1.0
F48021	with_pfam_hit	8615	6	8609	0.0006964596633778294
F48021	without_pfam_hit	6510	0	6510	0.0
F4808	with_pfam_hit	6285	0	6285	0.0
F4808	without_pfam_hit	3746	0	3746	0.0
F48095	with_pfam_hit	7893	11	7882	0.0013936399341188395
F48095	without_pfam_hit	2133	0	2133	0.0
F4837	with_pfam_hit	8576	8354	222	0.9741138059701493
F4837	without_pfam_hit	7966	7953	13	0.9983680642731609
F4840	with_pfam_hit	7879	6	7873	0.0007615179591318695
F4840	without_pfam_hit	3095	0	3095	0.0
F48563	with_pfam_hit	8294	11	8283	0.001326259946949602
F48563	without_pfam_hit	5243	0	5243	0.0
F48565	with_pfam_hit	10414	11	10403	0.0010562704052237374
F48565	without_pfam_hit	11028	0	11028	0.0
F48578	with_pfam_hit	9097	12	9085	0.0013191161921512586
F48578	without_pfam_hit	7488	0	7488	0.0
F48586	with_pfam_hit	9543	14	9529	0.0014670439065283454
F48586	without_pfam_hit	7537	0	7537	0.0
F48587	with_pfam_hit	8569	117	8452	0.01365386859610223
F48587	without_pfam_hit	7170	3	7167	0.00041841004184100416
F48593	with_pfam_hit	8761	12	8749	0.0013697066544914964
F48593	without_pfam_hit	7036	0	7036	0.0
F4866	with_pfam_hit	4716	2	4714	0.00042408821034775233
F4866	without_pfam_hit	1630	0	1630	0.0
F48691	with_pfam_hit	4203	4052	151	0.9640732809897692
F48691	without_pfam_hit	1328	1318	10	0.9924698795180723
F4874	with_pfam_hit	11751	102	11649	0.008680112330865459
F4874	without_pfam_hit	14383	0	14383	0.0
F4896	with_pfam_hit	4600	120	4480	0.02608695652173913
F4896	without_pfam_hit	524	0	524	0.0
F4897	with_pfam_hit	4361	119	4242	0.027287319422150885
F4897	without_pfam_hit	517	0	517	0.0
F4903	with_pfam_hit	5098	4971	127	0.9750882699097685
F4903	without_pfam_hit	934	932	2	0.9978586723768736
F4909	with_pfam_hit	4455	4256	199	0.955331088664422
F4909	without_pfam_hit	684	679	5	0.9926900584795322
F4918	with_pfam_hit	4857	4672	185	0.9619106444307185
F4918	without_pfam_hit	807	803	4	0.9950433705080545
F4927	with_pfam_hit	5454	5311	143	0.9737807114044738
F4927	without_pfam_hit	963	959	4	0.995846313603323
F4932	with_pfam_hit	5375	133	5242	0.02474418604651163
F4932	without_pfam_hit	646	6	640	0.009287925696594427
F500713	with_pfam_hit	5182	6	5176	0.0011578541103820917
F500713	without_pfam_hit	1408	0	1408	0.0
F5011	with_pfam_hit	3869	113	3756	0.029206513310933057
F5011	without_pfam_hit	794	1	793	0.0012594458438287153
F5022	with_pfam_hit	7350	69	7281	0.009387755102040816
F5022	without_pfam_hit	4487	1	4486	0.00022286605749944285
F50376	with_pfam_hit	7503	7171	332	0.9557510329201653
F50376	without_pfam_hit	3317	3270	47	0.9858305697919807
F5059	with_pfam_hit	10447	136	10311	0.013018091318081746
F5059	without_pfam_hit	3260	2	3258	0.0006134969325153375
F5062	with_pfam_hit	9273	129	9144	0.013911355548366224
F5062	without_pfam_hit	2801	2	2799	0.0007140307033202428
F50956	with_pfam_hit	10268	3	10265	0.000292169848071679
F50956	without_pfam_hit	13668	0	13668	0.0
F50990	with_pfam_hit	9423	9117	306	0.9675262655205349
F50990	without_pfam_hit	7711	7674	37	0.995201659966282
F5101	with_pfam_hit	6946	6683	263	0.9621364814281601
F5101	without_pfam_hit	2696	2674	22	0.9918397626112759
F5116	with_pfam_hit	8283	117	8166	0.014125316914161535
F5116	without_pfam_hit	3305	1	3304	0.000302571860816944
F5127	with_pfam_hit	11037	152	10885	0.013771858294826493
F5127	without_pfam_hit	3773	2	3771	0.0005300821627352239
F5128	with_pfam_hit	9945	142	9803	0.014278531925590749
F5128	without_pfam_hit	3072	8	3064	0.0026041666666666665
F5147	with_pfam_hit	7192	93	7099	0.01293103448275862
F5147	without_pfam_hit	3117	1	3116	0.0003208213025344883
F51930	with_pfam_hit	3991	3870	121	0.9696817840140316
F51930	without_pfam_hit	665	663	2	0.9969924812030075
F5207	with_pfam_hit	5285	168	5117	0.031788079470198675
F5207	without_pfam_hit	1690	2	1688	0.001183431952662722
F5208	with_pfam_hit	4649	1905	2744	0.4097655409765541
F5208	without_pfam_hit	1692	695	997	0.4107565011820331
F5210	with_pfam_hit	5468	42	5426	0.007681053401609363
F5210	without_pfam_hit	2833	0	2833	0.0
F5219	with_pfam_hit	13223	12916	307	0.9767828783180821
F5219	without_pfam_hit	13459	13389	70	0.9947990192436288
F5281	with_pfam_hit	4722	4381	341	0.9277848369335028
F5281	without_pfam_hit	2083	2008	75	0.9639942390782525
F5286	with_pfam_hit	5807	215	5592	0.03702428104012399
F5286	without_pfam_hit	2333	2	2331	0.0008572653236176596
F52883	with_pfam_hit	5212	2	5210	0.0003837298541826554
F52883	without_pfam_hit	2985	0	2985	0.0
F5364	with_pfam_hit	7784	7531	253	0.9674974306269271
F5364	without_pfam_hit	4785	4761	24	0.9949843260188088
F5365	with_pfam_hit	8872	5092	3780	0.5739404869251578
F5365	without_pfam_hit	6492	2580	3912	0.3974121996303142
F5414	with_pfam_hit	6212	0	6212	0.0
F5414	without_pfam_hit	3309	0	3309	0.0
F54195	with_pfam_hit	4987	4729	258	0.9482654902747143
F54195	without_pfam_hit	1798	1742	56	0.9688542825361512
F5454	with_pfam_hit	8263	4370	3893	0.528863608858768
F5454	without_pfam_hit	3262	1223	2039	0.3749233599019007
F5476	with_pfam_hit	5071	2728	2343	0.5379609544468547
F5476	without_pfam_hit	959	599	360	0.6246089676746611
F5479	with_pfam_hit	4795	66	4729	0.013764337851929093
F5479	without_pfam_hit	636	0	636	0.0
F5482	with_pfam_hit	5122	139	4983	0.027137836782506832
F5482	without_pfam_hit	1132	0	1132	0.0
F5486	with_pfam_hit	8848	8496	352	0.9602169981916817
F5486	without_pfam_hit	1993	1966	27	0.9864525840441546
F549676	with_pfam_hit	8936	133	8803	0.014883616830796777
F549676	without_pfam_hit	2943	5	2938	0.0016989466530750934
F5507	with_pfam_hit	12061	76	11985	0.006301301716275599
F5507	without_pfam_hit	4136	1	4135	0.00024177949709864604
F5518	with_pfam_hit	9226	200	9026	0.021677866897897247
F5518	without_pfam_hit	4086	3	4083	0.0007342143906020558
F552467	with_pfam_hit	5063	139	4924	0.02745407860952005
F552467	without_pfam_hit	1631	6	1625	0.003678724708767627
F5544	with_pfam_hit	9689	9280	409	0.9577871813396636
F5544	without_pfam_hit	4375	4342	33	0.9924571428571428
F5570	with_pfam_hit	9120	12	9108	0.0013157894736842105
F5570	without_pfam_hit	5575	0	5575	0.0
F5580	with_pfam_hit	8183	7896	287	0.9649272882805817
F5580	without_pfam_hit	3661	3634	27	0.9926249658563234
F560253	with_pfam_hit	7247	124	7123	0.017110528494549467
F560253	without_pfam_hit	3766	1	3765	0.0002655337227827934
F5606	with_pfam_hit	5565	1493	4072	0.2682839173405211
F5606	without_pfam_hit	1458	263	1195	0.1803840877914952
F5619	with_pfam_hit	5473	5199	274	0.94993604969852
F5619	without_pfam_hit	2621	2574	47	0.9820679130103014
F5630	with_pfam_hit	7828	7555	273	0.9651251916198262
F5630	without_pfam_hit	5911	5886	25	0.9957705971916765
F563466	with_pfam_hit	6928	6550	378	0.9454387990762124
F563466	without_pfam_hit	1448	1417	31	0.9785911602209945
F56409	with_pfam_hit	4029	2	4027	0.0004964010920824026
F56409	without_pfam_hit	602	0	602	0.0
F56493	with_pfam_hit	7618	122	7496	0.01601470202152796
F56493	without_pfam_hit	5719	1	5718	0.00017485574401119076
F574656	with_pfam_hit	7999	116	7883	0.014501812726590823
F574656	without_pfam_hit	2918	1	2917	0.0003427004797806717
F574677	with_pfam_hit	4957	3	4954	0.0006052047609441194
F574677	without_pfam_hit	2117	0	2117	0.0
F574774	with_pfam_hit	9641	128	9513	0.013276631054869826
F574774	without_pfam_hit	4636	2	4634	0.0004314063848144953
F574789	with_pfam_hit	10212	172	10040	0.016842929886408148
F574789	without_pfam_hit	6580	2	6578	0.00030395136778115504
F578093	with_pfam_hit	6609	6332	277	0.9580874564987139
F578093	without_pfam_hit	3621	3588	33	0.9908864954432477
F58291	with_pfam_hit	7736	7539	197	0.9745346432264737
F58291	without_pfam_hit	3152	3143	9	0.9971446700507615
F58853	with_pfam_hit	7528	7202	326	0.9566950053134963
F58853	without_pfam_hit	2206	2179	27	0.9877606527651859
F588596	with_pfam_hit	12138	6673	5465	0.5497610809029494
F588596	without_pfam_hit	18009	5157	12852	0.2863568215892054
F58919	with_pfam_hit	4821	4489	332	0.931134619373574
F58919	without_pfam_hit	2184	2125	59	0.972985347985348
F599730	with_pfam_hit	5212	121	5091	0.023215656178050652
F599730	without_pfam_hit	4937	0	4937	0.0
F599839	with_pfam_hit	6381	115	6266	0.0180222535652719
F599839	without_pfam_hit	2803	3	2800	0.0010702818408847663
F60197	with_pfam_hit	5888	120	5768	0.020380434782608696
F60197	without_pfam_hit	7877	2	7875	0.0002539037704709915
F6035	with_pfam_hit	1421	62	1359	0.043631245601688955
F6035	without_pfam_hit	701	31	670	0.0442225392296719
F6039	with_pfam_hit	1411	56	1355	0.039688164422395464
F6039	without_pfam_hit	1668	3	1665	0.0017985611510791368
F604196	with_pfam_hit	8160	117	8043	0.014338235294117646
F604196	without_pfam_hit	3960	1	3959	0.0002525252525252525
F610337	with_pfam_hit	6914	2	6912	0.0002892681515765114
F610337	without_pfam_hit	2370	0	2370	0.0
F61273	with_pfam_hit	6892	122	6770	0.017701683110853163
F61273	without_pfam_hit	1992	0	1992	0.0
F61395	with_pfam_hit	6045	5851	194	0.9679073614557485
F61395	without_pfam_hit	3305	3280	25	0.9924357034795764
F61397	with_pfam_hit	5002	0	5002	0.0
F61397	without_pfam_hit	2282	0	2282	0.0
F61424	with_pfam_hit	5420	5089	331	0.938929889298893
F61424	without_pfam_hit	1918	1861	57	0.970281543274244
F63146	with_pfam_hit	7802	7580	222	0.9715457574980774
F63146	without_pfam_hit	4555	4520	35	0.9923161361141603
F63378	with_pfam_hit	5166	2	5164	0.00038714672861014324
F63378	without_pfam_hit	1811	0	1811	0.0
F63402	with_pfam_hit	6532	134	6398	0.020514390691977955
F63402	without_pfam_hit	2389	1	2388	0.0004185851820845542
F63577	with_pfam_hit	8908	211	8697	0.023686573866187697
F63577	without_pfam_hit	4219	7	4212	0.0016591609386110452
F64504	with_pfam_hit	6355	193	6162	0.03036978756884343
F64504	without_pfam_hit	2534	8	2526	0.0031570639305445935
F64505	with_pfam_hit	6684	180	6504	0.026929982046678635
F64505	without_pfam_hit	3297	12	3285	0.003639672429481347
F64508	with_pfam_hit	5663	1	5662	0.0001765848490199541
F64508	without_pfam_hit	3764	0	3764	0.0
F64517	with_pfam_hit	7883	5	7878	0.0006342762907522517
F64517	without_pfam_hit	4688	0	4688	0.0
F64525	with_pfam_hit	8322	17	8305	0.0020427781783225185
F64525	without_pfam_hit	3563	0	3563	0.0
F64526	with_pfam_hit	7361	1	7360	0.00013585110718652356
F64526	without_pfam_hit	1610	0	1610	0.0
F64571	with_pfam_hit	7888	7493	395	0.9499239350912779
F64571	without_pfam_hit	3930	3856	74	0.9811704834605598
F64632	with_pfam_hit	7413	7	7406	0.0009442870632672333
F64632	without_pfam_hit	3501	0	3501	0.0
F65468	with_pfam_hit	7179	90	7089	0.012536564981195153
F65468	without_pfam_hit	3249	3	3246	0.0009233610341643582
F655981	with_pfam_hit	6361	215	6146	0.033799717025624905
F655981	without_pfam_hit	3044	5	3039	0.0016425755584756898
F65672	with_pfam_hit	6463	43	6420	0.006653257001392542
F65672	without_pfam_hit	2972	0	2972	0.0
F658196	with_pfam_hit	10326	9673	653	0.9367615727290335
F658196	without_pfam_hit	10828	10264	564	0.9479128186183967
F669869	with_pfam_hit	7742	5	7737	0.0006458279514337381
F669869	without_pfam_hit	4331	0	4331	0.0
F67723	with_pfam_hit	5870	4	5866	0.0006814310051107325
F67723	without_pfam_hit	2872	0	2872	0.0
F68786	with_pfam_hit	15077	9934	5143	0.6588843934469722
F68786	without_pfam_hit	20100	15073	5027	0.7499004975124378
F69979	with_pfam_hit	5895	4	5891	0.0006785411365564037
F69979	without_pfam_hit	3166	0	3166	0.0
F703497	with_pfam_hit	8237	123	8114	0.014932621099915017
F703497	without_pfam_hit	4256	3	4253	0.0007048872180451127
F703506	with_pfam_hit	6938	124	6814	0.017872585759584895
F703506	without_pfam_hit	2841	2	2839	0.0007039774727208729
F703511	with_pfam_hit	6417	127	6290	0.019791179678977717
F703511	without_pfam_hit	3761	1	3760	0.00026588673225206064
F70536	with_pfam_hit	1410	60	1350	0.0425531914893617
F70536	without_pfam_hit	2780	24	2756	0.008633093525179856
F705562	with_pfam_hit	7454	127	7327	0.017037832036490477
F705562	without_pfam_hit	3122	2	3120	0.0006406149903907751
F706196	with_pfam_hit	3436	104	3332	0.030267753201396973
F706196	without_pfam_hit	223	0	223	0.0
F708070	with_pfam_hit	9908	126	9782	0.012716996366572466
F708070	without_pfam_hit	3387	0	3387	0.0
F710243	with_pfam_hit	9179	1205	7974	0.13127791698442096
F710243	without_pfam_hit	2651	164	2487	0.06186344775556394
F71933	with_pfam_hit	9163	4	9159	0.00043653825166430207
F71933	without_pfam_hit	6913	0	6913	0.0
F72144	with_pfam_hit	6079	4	6075	0.0006580029610133246
F72144	without_pfam_hit	1516	0	1516	0.0
F73868	with_pfam_hit	8158	21	8137	0.0025741603334150528
F73868	without_pfam_hit	6454	0	6454	0.0
F741139	with_pfam_hit	9163	129	9034	0.014078358616173741
F741139	without_pfam_hit	4697	0	4697	0.0
F746128	with_pfam_hit	7945	96	7849	0.012083071113908118
F746128	without_pfam_hit	1878	2	1876	0.0010649627263045794
F76012	with_pfam_hit	6204	1	6203	0.00016118633139909736
F76012	without_pfam_hit	2662	0	2662	0.0
F76775	with_pfam_hit	3784	949	2835	0.25079281183932345
F76775	without_pfam_hit	622	103	519	0.16559485530546625
F76777	with_pfam_hit	2944	63	2881	0.021399456521739132
F76777	without_pfam_hit	374	0	374	0.0
F77020	with_pfam_hit	3639	3462	177	0.9513602638087386
F77020	without_pfam_hit	563	551	12	0.9786856127886323
F78915	with_pfam_hit	5085	4964	121	0.976204523107178
F78915	without_pfam_hit	1772	1751	21	0.9881489841986456
F78921	with_pfam_hit	9228	23	9205	0.002492414390983962
F78921	without_pfam_hit	2922	0	2922	0.0
F796027	with_pfam_hit	4593	4451	142	0.9690833877639887
F796027	without_pfam_hit	535	525	10	0.9813084112149533
F796604	with_pfam_hit	7252	6204	1048	0.8554881412024269
F796604	without_pfam_hit	5989	5931	58	0.9903155785606946
F80663	with_pfam_hit	9722	9379	343	0.9647191935815675
F80663	without_pfam_hit	11797	11764	33	0.9972026786471136
F80884	with_pfam_hit	10183	5902	4281	0.5795934400471374
F80884	without_pfam_hit	4468	3253	1215	0.7280662488809311
F82268	with_pfam_hit	9778	0	9778	0.0
F82268	without_pfam_hit	5395	0	5395	0.0
F82508	with_pfam_hit	5168	53	5115	0.010255417956656347
F82508	without_pfam_hit	3143	0	3143	0.0
F84751	with_pfam_hit	5233	3341	1892	0.6384483088094783
F84751	without_pfam_hit	1644	803	841	0.4884428223844282
F84753	with_pfam_hit	5090	4198	892	0.82475442043222
F84753	without_pfam_hit	1674	1443	231	0.8620071684587813
F87287	with_pfam_hit	5312	15	5297	0.0028237951807228916
F87287	without_pfam_hit	1772	0	1772	0.0
F87326	with_pfam_hit	8371	8	8363	0.0009556803249313105
F87326	without_pfam_hit	6135	0	6135	0.0
F89243	with_pfam_hit	8304	6899	1405	0.8308044315992292
F89243	without_pfam_hit	9246	6792	2454	0.7345879299156391
F89922	with_pfam_hit	4918	0	4918	0.0
F89922	without_pfam_hit	2287	0	2287	0.0
F90408	with_pfam_hit	7311	2	7309	0.0002735603884557516
F90408	without_pfam_hit	3575	0	3575	0.0
F911321	with_pfam_hit	8535	4	8531	0.00046865846514352667
F911321	without_pfam_hit	3187	0	3187	0.0
F91480	with_pfam_hit	5523	3	5520	0.0005431830526887561
F91480	without_pfam_hit	2055	0	2055	0.0
F91625	with_pfam_hit	7380	118	7262	0.015989159891598916
F91625	without_pfam_hit	1653	1	1652	0.0006049606775559589
F91930	with_pfam_hit	8671	27	8644	0.0031138277015338484
F91930	without_pfam_hit	3604	0	3604	0.0
F92988	with_pfam_hit	7073	7	7066	0.0009896790612187191
F92988	without_pfam_hit	2005	0	2005	0.0
F933333	with_pfam_hit	5432	7	5425	0.001288659793814433
F933333	without_pfam_hit	2132	0	2132	0.0
F945690	with_pfam_hit	4461	0	4461	0.0
F945690	without_pfam_hit	3147	0	3147	0.0
F97331	with_pfam_hit	6791	6452	339	0.950080989544986
F97331	without_pfam_hit	3106	3059	47	0.98486799742434
F979620	with_pfam_hit	8364	12	8352	0.0014347202295552368
F979620	without_pfam_hit	4214	0	4214	0.0
F979690	with_pfam_hit	8292	5	8287	0.000602990834539315
F979690	without_pfam_hit	3787	0	3787	0.0
F979761	with_pfam_hit	7096	112	6984	0.015783540022547914
F979761	without_pfam_hit	3855	1	3854	0.00025940337224383917
F984962	with_pfam_hit	7377	132	7245	0.017893452623017485
F984962	without_pfam_hit	5892	1	5891	0.00016972165648336727
F994334	with_pfam_hit	7128	6888	240	0.9663299663299664
F994334	without_pfam_hit	5996	5968	28	0.9953302201467645
O10228	with_pfam_hit	9506	123	9383	0.012939196297075531
O10228	without_pfam_hit	1798	0	1798	0.0
O133409	with_pfam_hit	7638	121	7517	0.015841843414506417
O133409	without_pfam_hit	2930	0	2930	0.0
O1890364	with_pfam_hit	10211	9130	1081	0.8941337772989912
O1890364	without_pfam_hit	6913	6836	77	0.9888615651670766
O192875	with_pfam_hit	7018	4295	2723	0.6119977201481903
O192875	without_pfam_hit	1603	901	702	0.5620711166562695
O225164	with_pfam_hit	15435	148	15287	0.009588597343699384
O225164	without_pfam_hit	8383	0	8383	0.0
O2700040	with_pfam_hit	20223	5	20218	0.0002472432378974435
O2700040	without_pfam_hit	3572	0	3572	0.0
O27923	with_pfam_hit	12374	2	12372	0.00016162922256343946
O27923	without_pfam_hit	7251	0	7251	0.0
O283909	with_pfam_hit	21166	131	21035	0.0061891713124822825
O283909	without_pfam_hit	10811	0	10811	0.0
O400682	with_pfam_hit	14760	6777	7983	0.45914634146341465
O400682	without_pfam_hit	5455	1467	3988	0.2689275893675527
O44689	with_pfam_hit	8563	122	8441	0.014247343220833819
O44689	without_pfam_hit	4728	1	4727	0.00021150592216582064
O45351	with_pfam_hit	15857	102	15755	0.006432490382796242
O45351	without_pfam_hit	3374	1	3373	0.0002963841138114997
O529818	with_pfam_hit	7505	6626	879	0.8828780812791472
O529818	without_pfam_hit	3010	2845	165	0.9451827242524917
O5755	with_pfam_hit	10070	110	9960	0.010923535253227408
O5755	without_pfam_hit	4898	3	4895	0.0006124948958758677
O5786	with_pfam_hit	8318	115	8203	0.013825438807405626
O5786	without_pfam_hit	4077	1	4076	0.0002452783909737552
O6239	with_pfam_hit	14198	591	13607	0.041625581067756025
O6239	without_pfam_hit	5785	344	5441	0.05946413137424374
O691883	with_pfam_hit	3831	3318	513	0.8660924040720438
O691883	without_pfam_hit	2070	1834	236	0.8859903381642512
O72019	with_pfam_hit	8064	7825	239	0.9703621031746031
O72019	without_pfam_hit	10149	10034	115	0.988668834367918
O7227	with_pfam_hit	11256	723	10533	0.06423240938166311
O7227	without_pfam_hit	2730	244	2486	0.08937728937728938
O81824	with_pfam_hit	6733	111	6622	0.01648596465171543
O81824	without_pfam_hit	2469	0	2469	0.0
O946362	with_pfam_hit	8175	115	8060	0.014067278287461774
O946362	without_pfam_hit	3443	0	3443	0.0
OFS1403592	with_pfam_hit	6643	9	6634	0.0013548095739876562
OFS1403592	without_pfam_hit	2051	0	2051	0.0
OFS5426458	with_pfam_hit	4160	1	4159	0.0002403846153846154
OFS5426458	without_pfam_hit	13123	0	13123	0.0
OFS5426470	with_pfam_hit	5843	4	5839	0.0006845798391237378
OFS5426470	without_pfam_hit	1692	0	1692	0.0
OFS5426494	with_pfam_hit	8107	1	8106	0.00012335019119279634
OFS5426494	without_pfam_hit	4356	0	4356	0.0
OFS5426506	with_pfam_hit	5180	0	5180	0.0
OFS5426506	without_pfam_hit	16655	0	16655	0.0
